<?xml version="1.0" encoding="UTF-8"?>
<kml xmlns="http://www.opengis.net/kml/2.2"><Document>
<name>gate_matrix_DFW paths</name>
<Style id="pathStyle"><LineStyle><color>ffff7f3f</color><width>3</width></LineStyle></Style>
<Style id="nodeStyle"><IconStyle><color>ffff7f3f</color><scale>0.9</scale></IconStyle></Style>
<Style id="s1"><IconStyle><scale>0.8</scale><Icon><href>http://maps.google.com/mapfiles/kml/paddle/ylw-circle.png</href></Icon></IconStyle></Style>
<Style id="s2"><IconStyle><scale>1</scale><Icon><href>http://maps.google.com/mapfiles/kml/paddle/red-stars.png</href></Icon></IconStyle></Style>
<Style id="s3"><IconStyle><scale>0.6</scale><Icon><href>http://maps.google.com/mapfiles/kml/paddle/wht-blank.png</href></Icon></IconStyle></Style>
<Style id="s4"><IconStyle><color>ffff7f3f</color><scale>0.9</scale></IconStyle></Style>
<Style id="s5"><LineStyle><color>ff0088ff</color><width>3</width></LineStyle></Style>
<Style id="s6"><LineStyle><color>ffff7f3f</color><width>3</width></LineStyle></Style>
<Folder><name>Nodes</name>
<Placemark><name>Zone 1</name><styleUrl>#s1</styleUrl><ExtendedData><Data name="cpNodeId"><value>n1</value></Data></ExtendedData><Point><coordinates>-97.037164,32.907314,0</coordinates></Point></Placemark>
<Placemark><name>Zone 2</name><styleUrl>#s1</styleUrl><ExtendedData><Data name="cpNodeId"><value>n2</value></Data></ExtendedData><Point><coordinates>-97.035321,32.904889,0</coordinates></Point></Placemark>
<Placemark><name>Zone 3</name><styleUrl>#s1</styleUrl><ExtendedData><Data name="cpNodeId"><value>n3</value></Data></ExtendedData><Point><coordinates>-97.037299,32.902974,0</coordinates></Point></Placemark>
<Placemark><name>Zone 31</name><styleUrl>#s1</styleUrl><ExtendedData><Data name="cpNodeId"><value>n4</value></Data></ExtendedData><Point><coordinates>-97.03749,32.899685,0</coordinates></Point></Placemark>
<Placemark><name>Zone 4</name><styleUrl>#s1</styleUrl><ExtendedData><Data name="cpNodeId"><value>n5</value></Data></ExtendedData><Point><coordinates>-97.035353,32.898052,0</coordinates></Point></Placemark>
<Placemark><name>Zone 5</name><styleUrl>#s1</styleUrl><ExtendedData><Data name="cpNodeId"><value>n6</value></Data></ExtendedData><Point><coordinates>-97.036855,32.895007,0</coordinates></Point></Placemark>
<Placemark><name>Zone 6</name><styleUrl>#s1</styleUrl><ExtendedData><Data name="cpNodeId"><value>n7</value></Data></ExtendedData><Point><coordinates>-97.03605,32.888467,0</coordinates></Point></Placemark>
<Placemark><name>Zone 7</name><styleUrl>#s1</styleUrl><ExtendedData><Data name="cpNodeId"><value>n8</value></Data></ExtendedData><Point><coordinates>-97.043561,32.89553,0</coordinates></Point></Placemark>
<Placemark><name>Zone 8</name><styleUrl>#s1</styleUrl><ExtendedData><Data name="cpNodeId"><value>n9</value></Data></ExtendedData><Point><coordinates>-97.045342,32.897791,0</coordinates></Point></Placemark>
<Placemark><name>Zone 9</name><styleUrl>#s1</styleUrl><ExtendedData><Data name="cpNodeId"><value>n10</value></Data></ExtendedData><Point><coordinates>-97.043271,32.899692,0</coordinates></Point></Placemark>
<Placemark><name>Zone 10</name><styleUrl>#s1</styleUrl><ExtendedData><Data name="cpNodeId"><value>n11</value></Data></ExtendedData><Point><coordinates>-97.045481,32.904664,0</coordinates></Point></Placemark>
<Placemark><name>Zone 11</name><styleUrl>#s1</styleUrl><ExtendedData><Data name="cpNodeId"><value>n12</value></Data></ExtendedData><Point><coordinates>-97.043552,32.907907,0</coordinates></Point></Placemark>
<Placemark><name>Zone 61</name><styleUrl>#s1</styleUrl><ExtendedData><Data name="cpNodeId"><value>n13</value></Data></ExtendedData><Point><coordinates>-97.042966,32.900823,0</coordinates></Point></Placemark>
<Placemark><name>9XCART</name><styleUrl>#s2</styleUrl><ExtendedData><Data name="cpNodeId"><value>n14</value></Data></ExtendedData><Point><coordinates>-97.04339,32.89569,0</coordinates></Point></Placemark>
<Placemark><name>A-HIGH</name><styleUrl>#s2</styleUrl><ExtendedData><Data name="cpNodeId"><value>n15</value></Data></ExtendedData><Point><coordinates>-97.038542,32.902019,0</coordinates></Point></Placemark>
<Placemark><name>A-LOW</name><styleUrl>#s2</styleUrl><ExtendedData><Data name="cpNodeId"><value>n16</value></Data></ExtendedData><Point><coordinates>-97.037084,32.90712,0</coordinates></Point></Placemark>
<Placemark><name>BAGRMA</name><styleUrl>#s2</styleUrl><ExtendedData><Data name="cpNodeId"><value>n17</value></Data></ExtendedData><Point><coordinates>-97.038542,32.902019,0</coordinates></Point></Placemark>
<Placemark><name>BAGRMB</name><styleUrl>#s2</styleUrl><ExtendedData><Data name="cpNodeId"><value>n18</value></Data></ExtendedData><Point><coordinates>-97.04491,32.90587,0</coordinates></Point></Placemark>
<Placemark><name>BAGRMB4</name><styleUrl>#s2</styleUrl><ExtendedData><Data name="cpNodeId"><value>n19</value></Data></ExtendedData><Point><coordinates>-97.042107,32.90201,0</coordinates></Point></Placemark>
<Placemark><name>BAGRMC</name><styleUrl>#s2</styleUrl><ExtendedData><Data name="cpNodeId"><value>n20</value></Data></ExtendedData><Point><coordinates>-97.035438,32.898144,0</coordinates></Point></Placemark>
<Placemark><name>BAGRMD</name><styleUrl>#s2</styleUrl><ExtendedData><Data name="cpNodeId"><value>n21</value></Data></ExtendedData><Point><coordinates>-97.042468,32.89556,0</coordinates></Point></Placemark>
<Placemark><name>BAGRMD2</name><styleUrl>#s2</styleUrl><ExtendedData><Data name="cpNodeId"><value>n22</value></Data></ExtendedData><Point><coordinates>-97.044967,32.89563,0</coordinates></Point></Placemark>
<Placemark><name>BAGRMD3</name><styleUrl>#s2</styleUrl><ExtendedData><Data name="cpNodeId"><value>n23</value></Data></ExtendedData><Point><coordinates>-97.044077,32.899612,0</coordinates></Point></Placemark>
<Placemark><name>BAGRME</name><styleUrl>#s2</styleUrl><ExtendedData><Data name="cpNodeId"><value>n24</value></Data></ExtendedData><Point><coordinates>-97.03788,32.88789,0</coordinates></Point></Placemark>
<Placemark><name>C-HIGH</name><styleUrl>#s2</styleUrl><ExtendedData><Data name="cpNodeId"><value>n25</value></Data></ExtendedData><Point><coordinates>-97.036141,32.895647,0</coordinates></Point></Placemark>
<Placemark><name>C-LOW</name><styleUrl>#s2</styleUrl><ExtendedData><Data name="cpNodeId"><value>n26</value></Data></ExtendedData><Point><coordinates>-97.036514,32.899723,0</coordinates></Point></Placemark>
<Placemark><name>C-MID</name><styleUrl>#s2</styleUrl><ExtendedData><Data name="cpNodeId"><value>n27</value></Data></ExtendedData><Point><coordinates>-97.035438,32.898144,0</coordinates></Point></Placemark>
<Placemark><name>CLAIMA15</name><styleUrl>#s2</styleUrl><ExtendedData><Data name="cpNodeId"><value>n28</value></Data></ExtendedData><Point><coordinates>-97.036726,32.906759,0</coordinates></Point></Placemark>
<Placemark><name>CLAIMA16</name><styleUrl>#s2</styleUrl><ExtendedData><Data name="cpNodeId"><value>n29</value></Data></ExtendedData><Point><coordinates>-97.036215,32.90639,0</coordinates></Point></Placemark>
<Placemark><name>CLAIMA17</name><styleUrl>#s2</styleUrl><ExtendedData><Data name="cpNodeId"><value>n30</value></Data></ExtendedData><Point><coordinates>-97.036215,32.90639,0</coordinates></Point></Placemark>
<Placemark><name>CLAIMA28</name><styleUrl>#s2</styleUrl><ExtendedData><Data name="cpNodeId"><value>n31</value></Data></ExtendedData><Point><coordinates>-97.036541,32.902805,0</coordinates></Point></Placemark>
<Placemark><name>CLAIMA29</name><styleUrl>#s2</styleUrl><ExtendedData><Data name="cpNodeId"><value>n32</value></Data></ExtendedData><Point><coordinates>-97.036541,32.902805,0</coordinates></Point></Placemark>
<Placemark><name>CLAIMB20</name><styleUrl>#s2</styleUrl><ExtendedData><Data name="cpNodeId"><value>n33</value></Data></ExtendedData><Point><coordinates>-97.045018,32.903983,0</coordinates></Point></Placemark>
<Placemark><name>CLAIMB29</name><styleUrl>#s2</styleUrl><ExtendedData><Data name="cpNodeId"><value>n34</value></Data></ExtendedData><Point><coordinates>-97.044694,32.906348,0</coordinates></Point></Placemark>
<Placemark><name>CLAIMB30</name><styleUrl>#s2</styleUrl><ExtendedData><Data name="cpNodeId"><value>n35</value></Data></ExtendedData><Point><coordinates>-97.044495,32.90649,0</coordinates></Point></Placemark>
<Placemark><name>CLAIMB5</name><styleUrl>#s2</styleUrl><ExtendedData><Data name="cpNodeId"><value>n36</value></Data></ExtendedData><Point><coordinates>-97.042354,32.902113,0</coordinates></Point></Placemark>
<Placemark><name>CLAIMC12</name><styleUrl>#s2</styleUrl><ExtendedData><Data name="cpNodeId"><value>n37</value></Data></ExtendedData><Point><coordinates>-97.036308,32.899135,0</coordinates></Point></Placemark>
<Placemark><name>CLAIMC15</name><styleUrl>#s2</styleUrl><ExtendedData><Data name="cpNodeId"><value>n38</value></Data></ExtendedData><Point><coordinates>-97.036098,32.898716,0</coordinates></Point></Placemark>
<Placemark><name>CLAIMC25</name><styleUrl>#s2</styleUrl><ExtendedData><Data name="cpNodeId"><value>n39</value></Data></ExtendedData><Point><coordinates>-97.035929,32.89692,0</coordinates></Point></Placemark>
<Placemark><name>CLAIMC26</name><styleUrl>#s2</styleUrl><ExtendedData><Data name="cpNodeId"><value>n40</value></Data></ExtendedData><Point><coordinates>-97.035959,32.896698,0</coordinates></Point></Placemark>
<Placemark><name>CLAIMC31</name><styleUrl>#s2</styleUrl><ExtendedData><Data name="cpNodeId"><value>n41</value></Data></ExtendedData><Point><coordinates>-97.037162,32.895388,0</coordinates></Point></Placemark>
<Placemark><name>CLAIMC4</name><styleUrl>#s2</styleUrl><ExtendedData><Data name="cpNodeId"><value>n42</value></Data></ExtendedData><Point><coordinates>-97.038595,32.899892,0</coordinates></Point></Placemark>
<Placemark><name>CTPOINT</name><styleUrl>#s2</styleUrl><ExtendedData><Data name="cpNodeId"><value>n43</value></Data></ExtendedData><Point><coordinates>-97.039156,32.894964,0</coordinates></Point></Placemark>
<Placemark><name>CLAIMD</name><styleUrl>#s2</styleUrl><ExtendedData><Data name="cpNodeId"><value>n44</value></Data></ExtendedData><Point><coordinates>-97.044967,32.89563,0</coordinates></Point></Placemark>
<Placemark><name>CLAIMD16</name><styleUrl>#s2</styleUrl><ExtendedData><Data name="cpNodeId"><value>n45</value></Data></ExtendedData><Point><coordinates>-97.044442,32.896269,0</coordinates></Point></Placemark>
<Placemark><name>CLAIMD29</name><styleUrl>#s2</styleUrl><ExtendedData><Data name="cpNodeId"><value>n46</value></Data></ExtendedData><Point><coordinates>-97.044365,32.89874,0</coordinates></Point></Placemark>
<Placemark><name>CLAIMD30</name><styleUrl>#s2</styleUrl><ExtendedData><Data name="cpNodeId"><value>n47</value></Data></ExtendedData><Point><coordinates>-97.044365,32.89874,0</coordinates></Point></Placemark>
<Placemark><name>CLAIMD31</name><styleUrl>#s2</styleUrl><ExtendedData><Data name="cpNodeId"><value>n48</value></Data></ExtendedData><Point><coordinates>-97.044365,32.89874,0</coordinates></Point></Placemark>
<Placemark><name>CLAIME38</name><styleUrl>#s2</styleUrl><ExtendedData><Data name="cpNodeId"><value>n49</value></Data></ExtendedData><Point><coordinates>-97.037953,32.887957,0</coordinates></Point></Placemark>
<Placemark><name>CUSTOMS</name><styleUrl>#s2</styleUrl><ExtendedData><Data name="cpNodeId"><value>n50</value></Data></ExtendedData><Point><coordinates>-97.04407,32.89617,0</coordinates></Point></Placemark>
<Placemark><name>D-HIGH</name><styleUrl>#s2</styleUrl><ExtendedData><Data name="cpNodeId"><value>n51</value></Data></ExtendedData><Point><coordinates>-97.041742,32.900209,0</coordinates></Point></Placemark>
<Placemark><name>D-LOW</name><styleUrl>#s2</styleUrl><ExtendedData><Data name="cpNodeId"><value>n52</value></Data></ExtendedData><Point><coordinates>-97.042468,32.89556,0</coordinates></Point></Placemark>
<Placemark><name>D-MU01</name><styleUrl>#s2</styleUrl><ExtendedData><Data name="cpNodeId"><value>n53</value></Data></ExtendedData><Point><coordinates>-97.042436,32.895667,0</coordinates></Point></Placemark>
<Placemark><name>D-XFER</name><styleUrl>#s2</styleUrl><ExtendedData><Data name="cpNodeId"><value>n54</value></Data></ExtendedData><Point><coordinates>-97.042634,32.895766,0</coordinates></Point></Placemark>
<Placemark><name>ECART</name><styleUrl>#s2</styleUrl><ExtendedData><Data name="cpNodeId"><value>n55</value></Data></ExtendedData><Point><coordinates>-97.045373,32.905327,0</coordinates></Point></Placemark>
<Placemark><name>INTLB4</name><styleUrl>#s2</styleUrl><ExtendedData><Data name="cpNodeId"><value>n56</value></Data></ExtendedData><Point><coordinates>-97.042107,32.90201,0</coordinates></Point></Placemark>
<Placemark><name>MU</name><styleUrl>#s2</styleUrl><ExtendedData><Data name="cpNodeId"><value>n57</value></Data></ExtendedData><Point><coordinates>-97.045215,32.905136,0</coordinates></Point></Placemark>
<Placemark><name>MU1</name><styleUrl>#s2</styleUrl><ExtendedData><Data name="cpNodeId"><value>n58</value></Data></ExtendedData><Point><coordinates>-97.045167,32.905391,0</coordinates></Point></Placemark>
<Placemark><name>MU2</name><styleUrl>#s2</styleUrl><ExtendedData><Data name="cpNodeId"><value>n59</value></Data></ExtendedData><Point><coordinates>-97.045215,32.905136,0</coordinates></Point></Placemark>
<Placemark><name>MU3</name><styleUrl>#s2</styleUrl><ExtendedData><Data name="cpNodeId"><value>n60</value></Data></ExtendedData><Point><coordinates>-97.045258,32.904902,0</coordinates></Point></Placemark>
<Placemark><name>MU4</name><styleUrl>#s2</styleUrl><ExtendedData><Data name="cpNodeId"><value>n61</value></Data></ExtendedData><Point><coordinates>-97.045258,32.904726,0</coordinates></Point></Placemark>
<Placemark><name>OADROP</name><styleUrl>#s2</styleUrl><ExtendedData><Data name="cpNodeId"><value>n62</value></Data></ExtendedData><Point><coordinates>-97.042252,32.900067,0</coordinates></Point></Placemark>
<Placemark><name>PPSAA</name><styleUrl>#s2</styleUrl><ExtendedData><Data name="cpNodeId"><value>n63</value></Data></ExtendedData><Point><coordinates>-97.040287,32.900571,0</coordinates></Point></Placemark>
<Placemark><name>PPSAE</name><styleUrl>#s2</styleUrl><ExtendedData><Data name="cpNodeId"><value>n64</value></Data></ExtendedData><Point><coordinates>-97.040287,32.900571,0</coordinates></Point></Placemark>
<Placemark><name>REROUTEA</name><styleUrl>#s2</styleUrl><ExtendedData><Data name="cpNodeId"><value>n65</value></Data></ExtendedData><Point><coordinates>-97.03834,32.90214,0</coordinates></Point></Placemark>
<Placemark><name>REROUTEB</name><styleUrl>#s2</styleUrl><ExtendedData><Data name="cpNodeId"><value>n66</value></Data></ExtendedData><Point><coordinates>-97.0449,32.90579,0</coordinates></Point></Placemark>
<Placemark><name>REROUTEB4</name><styleUrl>#s2</styleUrl><ExtendedData><Data name="cpNodeId"><value>n67</value></Data></ExtendedData><Point><coordinates>-97.04215,32.90219,0</coordinates></Point></Placemark>
<Placemark><name>REROUTEC</name><styleUrl>#s2</styleUrl><ExtendedData><Data name="cpNodeId"><value>n68</value></Data></ExtendedData><Point><coordinates>-97.0357,32.89794,0</coordinates></Point></Placemark>
<Placemark><name>REROUTED</name><styleUrl>#s2</styleUrl><ExtendedData><Data name="cpNodeId"><value>n69</value></Data></ExtendedData><Point><coordinates>-97.04186,32.90033,0</coordinates></Point></Placemark>
<Placemark><name>TSAA</name><styleUrl>#s2</styleUrl><ExtendedData><Data name="cpNodeId"><value>n70</value></Data></ExtendedData><Point><coordinates>-97.03667,32.90673,0</coordinates></Point></Placemark>
<Placemark><name>TSAC</name><styleUrl>#s2</styleUrl><ExtendedData><Data name="cpNodeId"><value>n71</value></Data></ExtendedData><Point><coordinates>-97.03589,32.89853,0</coordinates></Point></Placemark>
<Placemark><name>TSAD</name><styleUrl>#s2</styleUrl><ExtendedData><Data name="cpNodeId"><value>n72</value></Data></ExtendedData><Point><coordinates>-97.04441,32.89718,0</coordinates></Point></Placemark>
<Placemark><name>XFRBLF</name><styleUrl>#s2</styleUrl><ExtendedData><Data name="cpNodeId"><value>n73</value></Data></ExtendedData><Point><coordinates>-97.04474,32.903686,0</coordinates></Point></Placemark>
<Placemark><name>XFRBLH</name><styleUrl>#s2</styleUrl><ExtendedData><Data name="cpNodeId"><value>n74</value></Data></ExtendedData><Point><coordinates>-97.043652,32.906844,0</coordinates></Point></Placemark>
<Placemark><name>XFRBLL</name><styleUrl>#s2</styleUrl><ExtendedData><Data name="cpNodeId"><value>n75</value></Data></ExtendedData><Point><coordinates>-97.044067,32.902136,0</coordinates></Point></Placemark>
<Placemark><name>XFRBLM</name><styleUrl>#s2</styleUrl><ExtendedData><Data name="cpNodeId"><value>n76</value></Data></ExtendedData><Point><coordinates>-97.04489,32.903706,0</coordinates></Point></Placemark>
<Placemark><name>XFRBLT</name><styleUrl>#s2</styleUrl><ExtendedData><Data name="cpNodeId"><value>n77</value></Data></ExtendedData><Point><coordinates>-97.043607,32.906777,0</coordinates></Point></Placemark>
<Placemark><name>A10</name><styleUrl>#s2</styleUrl><ExtendedData><Data name="cpNodeId"><value>n78</value></Data></ExtendedData><Point><coordinates>-97.038012,32.907555,0</coordinates></Point></Placemark>
<Placemark><name>A11</name><styleUrl>#s2</styleUrl><ExtendedData><Data name="cpNodeId"><value>n79</value></Data></ExtendedData><Point><coordinates>-97.037529,32.907588,0</coordinates></Point></Placemark>
<Placemark><name>A14</name><styleUrl>#s2</styleUrl><ExtendedData><Data name="cpNodeId"><value>n80</value></Data></ExtendedData><Point><coordinates>-97.036574,32.90737,0</coordinates></Point></Placemark>
<Placemark><name>A15</name><styleUrl>#s2</styleUrl><ExtendedData><Data name="cpNodeId"><value>n81</value></Data></ExtendedData><Point><coordinates>-97.036213,32.907116,0</coordinates></Point></Placemark>
<Placemark><name>A16</name><styleUrl>#s2</styleUrl><ExtendedData><Data name="cpNodeId"><value>n82</value></Data></ExtendedData><Point><coordinates>-97.035879,32.906801,0</coordinates></Point></Placemark>
<Placemark><name>A17</name><styleUrl>#s2</styleUrl><ExtendedData><Data name="cpNodeId"><value>n83</value></Data></ExtendedData><Point><coordinates>-97.035498,32.90654,0</coordinates></Point></Placemark>
<Placemark><name>A18</name><styleUrl>#s2</styleUrl><ExtendedData><Data name="cpNodeId"><value>n84</value></Data></ExtendedData><Point><coordinates>-97.035237,32.906247,0</coordinates></Point></Placemark>
<Placemark><name>A19</name><styleUrl>#s2</styleUrl><ExtendedData><Data name="cpNodeId"><value>n85</value></Data></ExtendedData><Point><coordinates>-97.03506,32.905873,0</coordinates></Point></Placemark>
<Placemark><name>A20</name><styleUrl>#s2</styleUrl><ExtendedData><Data name="cpNodeId"><value>n86</value></Data></ExtendedData><Point><coordinates>-97.034958,32.905471,0</coordinates></Point></Placemark>
<Placemark><name>A20X</name><styleUrl>#s2</styleUrl><ExtendedData><Data name="cpNodeId"><value>n87</value></Data></ExtendedData><Point><coordinates>-97.03479,32.905599,0</coordinates></Point></Placemark>
<Placemark><name>A21</name><styleUrl>#s2</styleUrl><ExtendedData><Data name="cpNodeId"><value>n88</value></Data></ExtendedData><Point><coordinates>-97.034919,32.905044,0</coordinates></Point></Placemark>
<Placemark><name>A21X</name><styleUrl>#s2</styleUrl><ExtendedData><Data name="cpNodeId"><value>n89</value></Data></ExtendedData><Point><coordinates>-97.034888,32.905075,0</coordinates></Point></Placemark>
<Placemark><name>A22</name><styleUrl>#s2</styleUrl><ExtendedData><Data name="cpNodeId"><value>n90</value></Data></ExtendedData><Point><coordinates>-97.034896,32.904624,0</coordinates></Point></Placemark>
<Placemark><name>A23</name><styleUrl>#s2</styleUrl><ExtendedData><Data name="cpNodeId"><value>n91</value></Data></ExtendedData><Point><coordinates>-97.034897,32.904246,0</coordinates></Point></Placemark>
<Placemark><name>A23A</name><styleUrl>#s2</styleUrl><ExtendedData><Data name="cpNodeId"><value>n92</value></Data></ExtendedData><Point><coordinates>-97.034907,32.904378,0</coordinates></Point></Placemark>
<Placemark><name>A23X</name><styleUrl>#s2</styleUrl><ExtendedData><Data name="cpNodeId"><value>n93</value></Data></ExtendedData><Point><coordinates>-97.034907,32.904378,0</coordinates></Point></Placemark>
<Placemark><name>A24</name><styleUrl>#s2</styleUrl><ExtendedData><Data name="cpNodeId"><value>n94</value></Data></ExtendedData><Point><coordinates>-97.035034,32.903836,0</coordinates></Point></Placemark>
<Placemark><name>A25</name><styleUrl>#s2</styleUrl><ExtendedData><Data name="cpNodeId"><value>n95</value></Data></ExtendedData><Point><coordinates>-97.035297,32.903361,0</coordinates></Point></Placemark>
<Placemark><name>A26</name><styleUrl>#s2</styleUrl><ExtendedData><Data name="cpNodeId"><value>n96</value></Data></ExtendedData><Point><coordinates>-97.035422,32.90317,0</coordinates></Point></Placemark>
<Placemark><name>A28</name><styleUrl>#s2</styleUrl><ExtendedData><Data name="cpNodeId"><value>n97</value></Data></ExtendedData><Point><coordinates>-97.035457,32.902951,0</coordinates></Point></Placemark>
<Placemark><name>A29</name><styleUrl>#s2</styleUrl><ExtendedData><Data name="cpNodeId"><value>n98</value></Data></ExtendedData><Point><coordinates>-97.035721,32.902577,0</coordinates></Point></Placemark>
<Placemark><name>A33</name><styleUrl>#s2</styleUrl><ExtendedData><Data name="cpNodeId"><value>n99</value></Data></ExtendedData><Point><coordinates>-97.035918,32.902213,0</coordinates></Point></Placemark>
<Placemark><name>A34</name><styleUrl>#s2</styleUrl><ExtendedData><Data name="cpNodeId"><value>n100</value></Data></ExtendedData><Point><coordinates>-97.036355,32.901961,0</coordinates></Point></Placemark>
<Placemark><name>A35</name><styleUrl>#s2</styleUrl><ExtendedData><Data name="cpNodeId"><value>n101</value></Data></ExtendedData><Point><coordinates>-97.036843,32.901839,0</coordinates></Point></Placemark>
<Placemark><name>A36</name><styleUrl>#s2</styleUrl><ExtendedData><Data name="cpNodeId"><value>n102</value></Data></ExtendedData><Point><coordinates>-97.037347,32.90175,0</coordinates></Point></Placemark>
<Placemark><name>A37</name><styleUrl>#s2</styleUrl><ExtendedData><Data name="cpNodeId"><value>n103</value></Data></ExtendedData><Point><coordinates>-97.037813,32.901712,0</coordinates></Point></Placemark>
<Placemark><name>A38</name><styleUrl>#s2</styleUrl><ExtendedData><Data name="cpNodeId"><value>n104</value></Data></ExtendedData><Point><coordinates>-97.03826,32.901643,0</coordinates></Point></Placemark>
<Placemark><name>A39</name><styleUrl>#s2</styleUrl><ExtendedData><Data name="cpNodeId"><value>n105</value></Data></ExtendedData><Point><coordinates>-97.038724,32.901669,0</coordinates></Point></Placemark>
<Placemark><name>A4</name><styleUrl>#s2</styleUrl><ExtendedData><Data name="cpNodeId"><value>n106</value></Data></ExtendedData><Point><coordinates>-97.038844,32.907835,0</coordinates></Point></Placemark>
<Placemark><name>A5</name><styleUrl>#s2</styleUrl><ExtendedData><Data name="cpNodeId"><value>n107</value></Data></ExtendedData><Point><coordinates>-97.03842,32.907644,0</coordinates></Point></Placemark>
<Placemark><name>A6</name><styleUrl>#s2</styleUrl><ExtendedData><Data name="cpNodeId"><value>n108</value></Data></ExtendedData><Point><coordinates>-97.038012,32.907555,0</coordinates></Point></Placemark>
<Placemark><name>A7</name><styleUrl>#s2</styleUrl><ExtendedData><Data name="cpNodeId"><value>n109</value></Data></ExtendedData><Point><coordinates>-97.037529,32.907588,0</coordinates></Point></Placemark>
<Placemark><name>A8</name><styleUrl>#s2</styleUrl><ExtendedData><Data name="cpNodeId"><value>n110</value></Data></ExtendedData><Point><coordinates>-97.036993,32.907538,0</coordinates></Point></Placemark>
<Placemark><name>A9</name><styleUrl>#s2</styleUrl><ExtendedData><Data name="cpNodeId"><value>n111</value></Data></ExtendedData><Point><coordinates>-97.03842,32.907644,0</coordinates></Point></Placemark>
<Placemark><name>A13</name><styleUrl>#s2</styleUrl><ExtendedData><Data name="cpNodeId"><value>n112</value></Data></ExtendedData><Point><coordinates>-97.036993,32.907538,0</coordinates></Point></Placemark>
<Placemark><name>B1</name><styleUrl>#s2</styleUrl><ExtendedData><Data name="cpNodeId"><value>n113</value></Data></ExtendedData><Point><coordinates>-97.042497,32.900896,0</coordinates></Point></Placemark>
<Placemark><name>B10</name><styleUrl>#s2</styleUrl><ExtendedData><Data name="cpNodeId"><value>n114</value></Data></ExtendedData><Point><coordinates>-97.044067,32.902136,0</coordinates></Point></Placemark>
<Placemark><name>B10A</name><styleUrl>#s2</styleUrl><ExtendedData><Data name="cpNodeId"><value>n115</value></Data></ExtendedData><Point><coordinates>-97.044067,32.902136,0</coordinates></Point></Placemark>
<Placemark><name>B10B</name><styleUrl>#s2</styleUrl><ExtendedData><Data name="cpNodeId"><value>n116</value></Data></ExtendedData><Point><coordinates>-97.044372,32.902245,0</coordinates></Point></Placemark>
<Placemark><name>B11</name><styleUrl>#s2</styleUrl><ExtendedData><Data name="cpNodeId"><value>n117</value></Data></ExtendedData><Point><coordinates>-97.044632,32.90243,0</coordinates></Point></Placemark>
<Placemark><name>B12</name><styleUrl>#s2</styleUrl><ExtendedData><Data name="cpNodeId"><value>n118</value></Data></ExtendedData><Point><coordinates>-97.044799,32.902643,0</coordinates></Point></Placemark>
<Placemark><name>B12A</name><styleUrl>#s2</styleUrl><ExtendedData><Data name="cpNodeId"><value>n119</value></Data></ExtendedData><Point><coordinates>-97.044799,32.902643,0</coordinates></Point></Placemark>
<Placemark><name>B12B</name><styleUrl>#s2</styleUrl><ExtendedData><Data name="cpNodeId"><value>n120</value></Data></ExtendedData><Point><coordinates>-97.045079,32.902797,0</coordinates></Point></Placemark>
<Placemark><name>B13</name><styleUrl>#s2</styleUrl><ExtendedData><Data name="cpNodeId"><value>n121</value></Data></ExtendedData><Point><coordinates>-97.045256,32.903004,0</coordinates></Point></Placemark>
<Placemark><name>B14</name><styleUrl>#s2</styleUrl><ExtendedData><Data name="cpNodeId"><value>n122</value></Data></ExtendedData><Point><coordinates>-97.045403,32.903219,0</coordinates></Point></Placemark>
<Placemark><name>B15</name><styleUrl>#s2</styleUrl><ExtendedData><Data name="cpNodeId"><value>n123</value></Data></ExtendedData><Point><coordinates>-97.045477,32.903437,0</coordinates></Point></Placemark>
<Placemark><name>B15A</name><styleUrl>#s2</styleUrl><ExtendedData><Data name="cpNodeId"><value>n124</value></Data></ExtendedData><Point><coordinates>-97.045477,32.903437,0</coordinates></Point></Placemark>
<Placemark><name>B15X</name><styleUrl>#s2</styleUrl><ExtendedData><Data name="cpNodeId"><value>n125</value></Data></ExtendedData><Point><coordinates>-97.045477,32.903437,0</coordinates></Point></Placemark>
<Placemark><name>B16</name><styleUrl>#s2</styleUrl><ExtendedData><Data name="cpNodeId"><value>n126</value></Data></ExtendedData><Point><coordinates>-97.045588,32.903658,0</coordinates></Point></Placemark>
<Placemark><name>B16A</name><styleUrl>#s2</styleUrl><ExtendedData><Data name="cpNodeId"><value>n127</value></Data></ExtendedData><Point><coordinates>-97.045588,32.903658,0</coordinates></Point></Placemark>
<Placemark><name>B16X</name><styleUrl>#s2</styleUrl><ExtendedData><Data name="cpNodeId"><value>n128</value></Data></ExtendedData><Point><coordinates>-97.045588,32.903658,0</coordinates></Point></Placemark>
<Placemark><name>B17</name><styleUrl>#s2</styleUrl><ExtendedData><Data name="cpNodeId"><value>n129</value></Data></ExtendedData><Point><coordinates>-97.045672,32.903884,0</coordinates></Point></Placemark>
<Placemark><name>B18</name><styleUrl>#s2</styleUrl><ExtendedData><Data name="cpNodeId"><value>n130</value></Data></ExtendedData><Point><coordinates>-97.045762,32.904149,0</coordinates></Point></Placemark>
<Placemark><name>B18A</name><styleUrl>#s2</styleUrl><ExtendedData><Data name="cpNodeId"><value>n131</value></Data></ExtendedData><Point><coordinates>-97.045762,32.904149,0</coordinates></Point></Placemark>
<Placemark><name>B18X</name><styleUrl>#s2</styleUrl><ExtendedData><Data name="cpNodeId"><value>n132</value></Data></ExtendedData><Point><coordinates>-97.045762,32.904149,0</coordinates></Point></Placemark>
<Placemark><name>B19</name><styleUrl>#s2</styleUrl><ExtendedData><Data name="cpNodeId"><value>n133</value></Data></ExtendedData><Point><coordinates>-97.045838,32.904366,0</coordinates></Point></Placemark>
<Placemark><name>B19A</name><styleUrl>#s2</styleUrl><ExtendedData><Data name="cpNodeId"><value>n134</value></Data></ExtendedData><Point><coordinates>-97.045838,32.904366,0</coordinates></Point></Placemark>
<Placemark><name>B1A</name><styleUrl>#s2</styleUrl><ExtendedData><Data name="cpNodeId"><value>n135</value></Data></ExtendedData><Point><coordinates>-97.042497,32.900896,0</coordinates></Point></Placemark>
<Placemark><name>B1X</name><styleUrl>#s2</styleUrl><ExtendedData><Data name="cpNodeId"><value>n136</value></Data></ExtendedData><Point><coordinates>-97.042497,32.900896,0</coordinates></Point></Placemark>
<Placemark><name>B2</name><styleUrl>#s2</styleUrl><ExtendedData><Data name="cpNodeId"><value>n137</value></Data></ExtendedData><Point><coordinates>-97.042563,32.901106,0</coordinates></Point></Placemark>
<Placemark><name>B20</name><styleUrl>#s2</styleUrl><ExtendedData><Data name="cpNodeId"><value>n138</value></Data></ExtendedData><Point><coordinates>-97.045906,32.904592,0</coordinates></Point></Placemark>
<Placemark><name>B21</name><styleUrl>#s2</styleUrl><ExtendedData><Data name="cpNodeId"><value>n139</value></Data></ExtendedData><Point><coordinates>-97.045854,32.904812,0</coordinates></Point></Placemark>
<Placemark><name>B22</name><styleUrl>#s2</styleUrl><ExtendedData><Data name="cpNodeId"><value>n140</value></Data></ExtendedData><Point><coordinates>-97.045888,32.90505,0</coordinates></Point></Placemark>
<Placemark><name>B22A</name><styleUrl>#s2</styleUrl><ExtendedData><Data name="cpNodeId"><value>n141</value></Data></ExtendedData><Point><coordinates>-97.045888,32.90505,0</coordinates></Point></Placemark>
<Placemark><name>B23</name><styleUrl>#s2</styleUrl><ExtendedData><Data name="cpNodeId"><value>n142</value></Data></ExtendedData><Point><coordinates>-97.045851,32.905258,0</coordinates></Point></Placemark>
<Placemark><name>B24</name><styleUrl>#s2</styleUrl><ExtendedData><Data name="cpNodeId"><value>n143</value></Data></ExtendedData><Point><coordinates>-97.045622,32.90555,0</coordinates></Point></Placemark>
<Placemark><name>B24A</name><styleUrl>#s2</styleUrl><ExtendedData><Data name="cpNodeId"><value>n144</value></Data></ExtendedData><Point><coordinates>-97.045622,32.90555,0</coordinates></Point></Placemark>
<Placemark><name>B25</name><styleUrl>#s2</styleUrl><ExtendedData><Data name="cpNodeId"><value>n145</value></Data></ExtendedData><Point><coordinates>-97.04555,32.90575,0</coordinates></Point></Placemark>
<Placemark><name>B26</name><styleUrl>#s2</styleUrl><ExtendedData><Data name="cpNodeId"><value>n146</value></Data></ExtendedData><Point><coordinates>-97.045516,32.905967,0</coordinates></Point></Placemark>
<Placemark><name>B27</name><styleUrl>#s2</styleUrl><ExtendedData><Data name="cpNodeId"><value>n147</value></Data></ExtendedData><Point><coordinates>-97.045319,32.906184,0</coordinates></Point></Placemark>
<Placemark><name>B28</name><styleUrl>#s2</styleUrl><ExtendedData><Data name="cpNodeId"><value>n148</value></Data></ExtendedData><Point><coordinates>-97.04517,32.906474,0</coordinates></Point></Placemark>
<Placemark><name>B29</name><styleUrl>#s2</styleUrl><ExtendedData><Data name="cpNodeId"><value>n149</value></Data></ExtendedData><Point><coordinates>-97.044711,32.906601,0</coordinates></Point></Placemark>
<Placemark><name>B3</name><styleUrl>#s2</styleUrl><ExtendedData><Data name="cpNodeId"><value>n150</value></Data></ExtendedData><Point><coordinates>-97.042395,32.901364,0</coordinates></Point></Placemark>
<Placemark><name>B30</name><styleUrl>#s2</styleUrl><ExtendedData><Data name="cpNodeId"><value>n151</value></Data></ExtendedData><Point><coordinates>-97.045032,32.906776,0</coordinates></Point></Placemark>
<Placemark><name>B31</name><styleUrl>#s2</styleUrl><ExtendedData><Data name="cpNodeId"><value>n152</value></Data></ExtendedData><Point><coordinates>-97.044911,32.907582,0</coordinates></Point></Placemark>
<Placemark><name>B32</name><styleUrl>#s2</styleUrl><ExtendedData><Data name="cpNodeId"><value>n153</value></Data></ExtendedData><Point><coordinates>-97.04521,32.907558,0</coordinates></Point></Placemark>
<Placemark><name>B33</name><styleUrl>#s2</styleUrl><ExtendedData><Data name="cpNodeId"><value>n154</value></Data></ExtendedData><Point><coordinates>-97.045517,32.907581,0</coordinates></Point></Placemark>
<Placemark><name>B34</name><styleUrl>#s2</styleUrl><ExtendedData><Data name="cpNodeId"><value>n155</value></Data></ExtendedData><Point><coordinates>-97.045613,32.906817,0</coordinates></Point></Placemark>
<Placemark><name>B35</name><styleUrl>#s2</styleUrl><ExtendedData><Data name="cpNodeId"><value>n156</value></Data></ExtendedData><Point><coordinates>-97.045795,32.907564,0</coordinates></Point></Placemark>
<Placemark><name>B36</name><styleUrl>#s2</styleUrl><ExtendedData><Data name="cpNodeId"><value>n157</value></Data></ExtendedData><Point><coordinates>-97.046016,32.906906,0</coordinates></Point></Placemark>
<Placemark><name>B37</name><styleUrl>#s2</styleUrl><ExtendedData><Data name="cpNodeId"><value>n158</value></Data></ExtendedData><Point><coordinates>-97.046067,32.907513,0</coordinates></Point></Placemark>
<Placemark><name>B38</name><styleUrl>#s2</styleUrl><ExtendedData><Data name="cpNodeId"><value>n159</value></Data></ExtendedData><Point><coordinates>-97.046209,32.907086,0</coordinates></Point></Placemark>
<Placemark><name>B39</name><styleUrl>#s2</styleUrl><ExtendedData><Data name="cpNodeId"><value>n160</value></Data></ExtendedData><Point><coordinates>-97.046197,32.907316,0</coordinates></Point></Placemark>
<Placemark><name>B39A</name><styleUrl>#s2</styleUrl><ExtendedData><Data name="cpNodeId"><value>n161</value></Data></ExtendedData><Point><coordinates>-97.046197,32.907316,0</coordinates></Point></Placemark>
<Placemark><name>B3A</name><styleUrl>#s2</styleUrl><ExtendedData><Data name="cpNodeId"><value>n162</value></Data></ExtendedData><Point><coordinates>-97.042395,32.901364,0</coordinates></Point></Placemark>
<Placemark><name>B3X</name><styleUrl>#s2</styleUrl><ExtendedData><Data name="cpNodeId"><value>n163</value></Data></ExtendedData><Point><coordinates>-97.042395,32.901364,0</coordinates></Point></Placemark>
<Placemark><name>B4</name><styleUrl>#s2</styleUrl><ExtendedData><Data name="cpNodeId"><value>n164</value></Data></ExtendedData><Point><coordinates>-97.042431,32.901757,0</coordinates></Point></Placemark>
<Placemark><name>B40</name><styleUrl>#s2</styleUrl><ExtendedData><Data name="cpNodeId"><value>n165</value></Data></ExtendedData><Point><coordinates>-97.044622,32.907238,0</coordinates></Point></Placemark>
<Placemark><name>B41</name><styleUrl>#s2</styleUrl><ExtendedData><Data name="cpNodeId"><value>n166</value></Data></ExtendedData><Point><coordinates>-97.044305,32.907343,0</coordinates></Point></Placemark>
<Placemark><name>B42</name><styleUrl>#s2</styleUrl><ExtendedData><Data name="cpNodeId"><value>n167</value></Data></ExtendedData><Point><coordinates>-97.044062,32.907473,0</coordinates></Point></Placemark>
<Placemark><name>B43</name><styleUrl>#s2</styleUrl><ExtendedData><Data name="cpNodeId"><value>n168</value></Data></ExtendedData><Point><coordinates>-97.043765,32.907597,0</coordinates></Point></Placemark>
<Placemark><name>B44</name><styleUrl>#s2</styleUrl><ExtendedData><Data name="cpNodeId"><value>n169</value></Data></ExtendedData><Point><coordinates>-97.043471,32.907673,0</coordinates></Point></Placemark>
<Placemark><name>B45</name><styleUrl>#s2</styleUrl><ExtendedData><Data name="cpNodeId"><value>n170</value></Data></ExtendedData><Point><coordinates>-97.043153,32.907697,0</coordinates></Point></Placemark>
<Placemark><name>B46</name><styleUrl>#s2</styleUrl><ExtendedData><Data name="cpNodeId"><value>n171</value></Data></ExtendedData><Point><coordinates>-97.042848,32.90777,0</coordinates></Point></Placemark>
<Placemark><name>B47</name><styleUrl>#s2</styleUrl><ExtendedData><Data name="cpNodeId"><value>n172</value></Data></ExtendedData><Point><coordinates>-97.042538,32.907828,0</coordinates></Point></Placemark>
<Placemark><name>B48</name><styleUrl>#s2</styleUrl><ExtendedData><Data name="cpNodeId"><value>n173</value></Data></ExtendedData><Point><coordinates>-97.042236,32.907804,0</coordinates></Point></Placemark>
<Placemark><name>B49</name><styleUrl>#s2</styleUrl><ExtendedData><Data name="cpNodeId"><value>n174</value></Data></ExtendedData><Point><coordinates>-97.041909,32.907821,0</coordinates></Point></Placemark>
<Placemark><name>B4A</name><styleUrl>#s2</styleUrl><ExtendedData><Data name="cpNodeId"><value>n175</value></Data></ExtendedData><Point><coordinates>-97.042431,32.901757,0</coordinates></Point></Placemark>
<Placemark><name>B4B</name><styleUrl>#s2</styleUrl><ExtendedData><Data name="cpNodeId"><value>n176</value></Data></ExtendedData><Point><coordinates>-97.042431,32.901757,0</coordinates></Point></Placemark>
<Placemark><name>B5</name><styleUrl>#s2</styleUrl><ExtendedData><Data name="cpNodeId"><value>n177</value></Data></ExtendedData><Point><coordinates>-97.042431,32.901757,0</coordinates></Point></Placemark>
<Placemark><name>B6</name><styleUrl>#s2</styleUrl><ExtendedData><Data name="cpNodeId"><value>n178</value></Data></ExtendedData><Point><coordinates>-97.042703,32.901823,0</coordinates></Point></Placemark>
<Placemark><name>B7</name><styleUrl>#s2</styleUrl><ExtendedData><Data name="cpNodeId"><value>n179</value></Data></ExtendedData><Point><coordinates>-97.042979,32.901881,0</coordinates></Point></Placemark>
<Placemark><name>B8</name><styleUrl>#s2</styleUrl><ExtendedData><Data name="cpNodeId"><value>n180</value></Data></ExtendedData><Point><coordinates>-97.043141,32.901898,0</coordinates></Point></Placemark>
<Placemark><name>B9</name><styleUrl>#s2</styleUrl><ExtendedData><Data name="cpNodeId"><value>n181</value></Data></ExtendedData><Point><coordinates>-97.043422,32.901951,0</coordinates></Point></Placemark>
<Placemark><name>B9A</name><styleUrl>#s2</styleUrl><ExtendedData><Data name="cpNodeId"><value>n182</value></Data></ExtendedData><Point><coordinates>-97.043422,32.901951,0</coordinates></Point></Placemark>
<Placemark><name>B9B</name><styleUrl>#s2</styleUrl><ExtendedData><Data name="cpNodeId"><value>n183</value></Data></ExtendedData><Point><coordinates>-97.04381,32.901882,0</coordinates></Point></Placemark>
<Placemark><name>E2</name><styleUrl>#s2</styleUrl><ExtendedData><Data name="cpNodeId"><value>n184</value></Data></ExtendedData><Point><coordinates>-97.0389553,32.8935072,0</coordinates></Point></Placemark>
<Placemark><name>E7</name><styleUrl>#s2</styleUrl><ExtendedData><Data name="cpNodeId"><value>n185</value></Data></ExtendedData><Point><coordinates>-97.037079,32.89326,0</coordinates></Point></Placemark>
<Placemark><name>E10</name><styleUrl>#s2</styleUrl><ExtendedData><Data name="cpNodeId"><value>n186</value></Data></ExtendedData><Point><coordinates>-97.03594,32.892677,0</coordinates></Point></Placemark>
<Placemark><name>E21</name><styleUrl>#s2</styleUrl><ExtendedData><Data name="cpNodeId"><value>n187</value></Data></ExtendedData><Point><coordinates>-97.035422,32.8889,0</coordinates></Point></Placemark>
<Placemark><name>E22</name><styleUrl>#s2</styleUrl><ExtendedData><Data name="cpNodeId"><value>n188</value></Data></ExtendedData><Point><coordinates>-97.034219,32.887121,0</coordinates></Point></Placemark>
<Placemark><name>E22A</name><styleUrl>#s2</styleUrl><ExtendedData><Data name="cpNodeId"><value>n189</value></Data></ExtendedData><Point><coordinates>-97.03406,32.88723,0</coordinates></Point></Placemark>
<Placemark><name>E22B</name><styleUrl>#s2</styleUrl><ExtendedData><Data name="cpNodeId"><value>n190</value></Data></ExtendedData><Point><coordinates>-97.03438,32.88706,0</coordinates></Point></Placemark>
<Placemark><name>E23</name><styleUrl>#s2</styleUrl><ExtendedData><Data name="cpNodeId"><value>n191</value></Data></ExtendedData><Point><coordinates>-97.034938,32.886943,0</coordinates></Point></Placemark>
<Placemark><name>E23A</name><styleUrl>#s2</styleUrl><ExtendedData><Data name="cpNodeId"><value>n192</value></Data></ExtendedData><Point><coordinates>-97.03476,32.88696,0</coordinates></Point></Placemark>
<Placemark><name>E23B</name><styleUrl>#s2</styleUrl><ExtendedData><Data name="cpNodeId"><value>n193</value></Data></ExtendedData><Point><coordinates>-97.03513,32.88698,0</coordinates></Point></Placemark>
<Placemark><name>E24</name><styleUrl>#s2</styleUrl><ExtendedData><Data name="cpNodeId"><value>n194</value></Data></ExtendedData><Point><coordinates>-97.035378,32.887295,0</coordinates></Point></Placemark>
<Placemark><name>E24A</name><styleUrl>#s2</styleUrl><ExtendedData><Data name="cpNodeId"><value>n195</value></Data></ExtendedData><Point><coordinates>-97.03534,32.88721,0</coordinates></Point></Placemark>
<Placemark><name>E24B</name><styleUrl>#s2</styleUrl><ExtendedData><Data name="cpNodeId"><value>n196</value></Data></ExtendedData><Point><coordinates>-97.03545,32.8874,0</coordinates></Point></Placemark>
<Placemark><name>E25</name><styleUrl>#s2</styleUrl><ExtendedData><Data name="cpNodeId"><value>n197</value></Data></ExtendedData><Point><coordinates>-97.035254,32.887739,0</coordinates></Point></Placemark>
<Placemark><name>E25A</name><styleUrl>#s2</styleUrl><ExtendedData><Data name="cpNodeId"><value>n198</value></Data></ExtendedData><Point><coordinates>-97.0353,32.88762,0</coordinates></Point></Placemark>
<Placemark><name>E25B</name><styleUrl>#s2</styleUrl><ExtendedData><Data name="cpNodeId"><value>n199</value></Data></ExtendedData><Point><coordinates>-97.03512,32.88775,0</coordinates></Point></Placemark>
<Placemark><name>E26</name><styleUrl>#s2</styleUrl><ExtendedData><Data name="cpNodeId"><value>n200</value></Data></ExtendedData><Point><coordinates>-97.03497,32.88791,0</coordinates></Point></Placemark>
<Placemark><name>E26A</name><styleUrl>#s2</styleUrl><ExtendedData><Data name="cpNodeId"><value>n201</value></Data></ExtendedData><Point><coordinates>-97.035,32.88794,0</coordinates></Point></Placemark>
<Placemark><name>E27</name><styleUrl>#s2</styleUrl><ExtendedData><Data name="cpNodeId"><value>n202</value></Data></ExtendedData><Point><coordinates>-97.034796,32.888199,0</coordinates></Point></Placemark>
<Placemark><name>E27A</name><styleUrl>#s2</styleUrl><ExtendedData><Data name="cpNodeId"><value>n203</value></Data></ExtendedData><Point><coordinates>-97.03479,32.88805,0</coordinates></Point></Placemark>
<Placemark><name>E27B</name><styleUrl>#s2</styleUrl><ExtendedData><Data name="cpNodeId"><value>n204</value></Data></ExtendedData><Point><coordinates>-97.03462,32.88826,0</coordinates></Point></Placemark>
<Placemark><name>E28</name><styleUrl>#s2</styleUrl><ExtendedData><Data name="cpNodeId"><value>n205</value></Data></ExtendedData><Point><coordinates>-97.03448,32.88846,0</coordinates></Point></Placemark>
<Placemark><name>E28A</name><styleUrl>#s2</styleUrl><ExtendedData><Data name="cpNodeId"><value>n206</value></Data></ExtendedData><Point><coordinates>-97.03448,32.88846,0</coordinates></Point></Placemark>
<Placemark><name>E29</name><styleUrl>#s2</styleUrl><ExtendedData><Data name="cpNodeId"><value>n207</value></Data></ExtendedData><Point><coordinates>-97.03409,32.888852,0</coordinates></Point></Placemark>
<Placemark><name>E29A</name><styleUrl>#s2</styleUrl><ExtendedData><Data name="cpNodeId"><value>n208</value></Data></ExtendedData><Point><coordinates>-97.03428,32.88873,0</coordinates></Point></Placemark>
<Placemark><name>E29B</name><styleUrl>#s2</styleUrl><ExtendedData><Data name="cpNodeId"><value>n209</value></Data></ExtendedData><Point><coordinates>-97.03391,32.88873,0</coordinates></Point></Placemark>
<Placemark><name>E30</name><styleUrl>#s2</styleUrl><ExtendedData><Data name="cpNodeId"><value>n210</value></Data></ExtendedData><Point><coordinates>-97.03371,32.88856,0</coordinates></Point></Placemark>
<Placemark><name>E34</name><styleUrl>#s2</styleUrl><ExtendedData><Data name="cpNodeId"><value>n211</value></Data></ExtendedData><Point><coordinates>-97.036883,32.887679,0</coordinates></Point></Placemark>
<Placemark><name>E34A</name><styleUrl>#s2</styleUrl><ExtendedData><Data name="cpNodeId"><value>n212</value></Data></ExtendedData><Point><coordinates>-97.0368,32.88762,0</coordinates></Point></Placemark>
<Placemark><name>E35</name><styleUrl>#s2</styleUrl><ExtendedData><Data name="cpNodeId"><value>n213</value></Data></ExtendedData><Point><coordinates>-97.037326,32.887511,0</coordinates></Point></Placemark>
<Placemark><name>E35A</name><styleUrl>#s2</styleUrl><ExtendedData><Data name="cpNodeId"><value>n214</value></Data></ExtendedData><Point><coordinates>-97.03731,32.88734,0</coordinates></Point></Placemark>
<Placemark><name>E35B</name><styleUrl>#s2</styleUrl><ExtendedData><Data name="cpNodeId"><value>n215</value></Data></ExtendedData><Point><coordinates>-97.03728,32.8874,0</coordinates></Point></Placemark>
<Placemark><name>E36</name><styleUrl>#s2</styleUrl><ExtendedData><Data name="cpNodeId"><value>n216</value></Data></ExtendedData><Point><coordinates>-97.037735,32.887396,0</coordinates></Point></Placemark>
<Placemark><name>E37</name><styleUrl>#s2</styleUrl><ExtendedData><Data name="cpNodeId"><value>n217</value></Data></ExtendedData><Point><coordinates>-97.038207,32.887348,0</coordinates></Point></Placemark>
<Placemark><name>E37A</name><styleUrl>#s2</styleUrl><ExtendedData><Data name="cpNodeId"><value>n218</value></Data></ExtendedData><Point><coordinates>-97.038207,32.887348,0</coordinates></Point></Placemark>
<Placemark><name>E37B</name><styleUrl>#s2</styleUrl><ExtendedData><Data name="cpNodeId"><value>n219</value></Data></ExtendedData><Point><coordinates>-97.038207,32.887348,0</coordinates></Point></Placemark>
<Placemark><name>E38</name><styleUrl>#s2</styleUrl><ExtendedData><Data name="cpNodeId"><value>n220</value></Data></ExtendedData><Point><coordinates>-97.038856,32.887276,0</coordinates></Point></Placemark>
<Placemark><name>E38A</name><styleUrl>#s2</styleUrl><ExtendedData><Data name="cpNodeId"><value>n221</value></Data></ExtendedData><Point><coordinates>-97.038942,32.887315,0</coordinates></Point></Placemark>
<Placemark><name>E38B</name><styleUrl>#s2</styleUrl><ExtendedData><Data name="cpNodeId"><value>n222</value></Data></ExtendedData><Point><coordinates>-97.039012,32.887325,0</coordinates></Point></Placemark>
<Placemark><name>C10</name><styleUrl>#s2</styleUrl><ExtendedData><Data name="cpNodeId"><value>n223</value></Data></ExtendedData><Point><coordinates>-97.036389,32.90016,0</coordinates></Point></Placemark>
<Placemark><name>C11</name><styleUrl>#s2</styleUrl><ExtendedData><Data name="cpNodeId"><value>n224</value></Data></ExtendedData><Point><coordinates>-97.036126,32.89987,0</coordinates></Point></Placemark>
<Placemark><name>C12</name><styleUrl>#s2</styleUrl><ExtendedData><Data name="cpNodeId"><value>n225</value></Data></ExtendedData><Point><coordinates>-97.035814,32.899661,0</coordinates></Point></Placemark>
<Placemark><name>C14</name><styleUrl>#s2</styleUrl><ExtendedData><Data name="cpNodeId"><value>n226</value></Data></ExtendedData><Point><coordinates>-97.035479,32.899385,0</coordinates></Point></Placemark>
<Placemark><name>C15</name><styleUrl>#s2</styleUrl><ExtendedData><Data name="cpNodeId"><value>n227</value></Data></ExtendedData><Point><coordinates>-97.035329,32.899056,0</coordinates></Point></Placemark>
<Placemark><name>C16</name><styleUrl>#s2</styleUrl><ExtendedData><Data name="cpNodeId"><value>n228</value></Data></ExtendedData><Point><coordinates>-97.035039,32.898816,0</coordinates></Point></Placemark>
<Placemark><name>C17</name><styleUrl>#s2</styleUrl><ExtendedData><Data name="cpNodeId"><value>n229</value></Data></ExtendedData><Point><coordinates>-97.035108,32.898464,0</coordinates></Point></Placemark>
<Placemark><name>C18</name><styleUrl>#s2</styleUrl><ExtendedData><Data name="cpNodeId"><value>n230</value></Data></ExtendedData><Point><coordinates>-97.035128,32.898283,0</coordinates></Point></Placemark>
<Placemark><name>C19</name><styleUrl>#s2</styleUrl><ExtendedData><Data name="cpNodeId"><value>n231</value></Data></ExtendedData><Point><coordinates>-97.034999,32.898153,0</coordinates></Point></Placemark>
<Placemark><name>C2</name><styleUrl>#s2</styleUrl><ExtendedData><Data name="cpNodeId"><value>n232</value></Data></ExtendedData><Point><coordinates>-97.038781,32.900615,0</coordinates></Point></Placemark>
<Placemark><name>C20</name><styleUrl>#s2</styleUrl><ExtendedData><Data name="cpNodeId"><value>n233</value></Data></ExtendedData><Point><coordinates>-97.034876,32.897872,0</coordinates></Point></Placemark>
<Placemark><name>C21</name><styleUrl>#s2</styleUrl><ExtendedData><Data name="cpNodeId"><value>n234</value></Data></ExtendedData><Point><coordinates>-97.034929,32.897494,0</coordinates></Point></Placemark>
<Placemark><name>C22</name><styleUrl>#s2</styleUrl><ExtendedData><Data name="cpNodeId"><value>n235</value></Data></ExtendedData><Point><coordinates>-97.034653,32.897196,0</coordinates></Point></Placemark>
<Placemark><name>C22X</name><styleUrl>#s2</styleUrl><ExtendedData><Data name="cpNodeId"><value>n236</value></Data></ExtendedData><Point><coordinates>-97.034653,32.897196,0</coordinates></Point></Placemark>
<Placemark><name>C24</name><styleUrl>#s2</styleUrl><ExtendedData><Data name="cpNodeId"><value>n237</value></Data></ExtendedData><Point><coordinates>-97.03494,32.89686,0</coordinates></Point></Placemark>
<Placemark><name>C25</name><styleUrl>#s2</styleUrl><ExtendedData><Data name="cpNodeId"><value>n238</value></Data></ExtendedData><Point><coordinates>-97.035096,32.896616,0</coordinates></Point></Placemark>
<Placemark><name>C26</name><styleUrl>#s2</styleUrl><ExtendedData><Data name="cpNodeId"><value>n239</value></Data></ExtendedData><Point><coordinates>-97.035002,32.896427,0</coordinates></Point></Placemark>
<Placemark><name>C27</name><styleUrl>#s2</styleUrl><ExtendedData><Data name="cpNodeId"><value>n240</value></Data></ExtendedData><Point><coordinates>-97.035373,32.896028,0</coordinates></Point></Placemark>
<Placemark><name>C28</name><styleUrl>#s2</styleUrl><ExtendedData><Data name="cpNodeId"><value>n241</value></Data></ExtendedData><Point><coordinates>-97.0346851,32.8952402,0</coordinates></Point></Placemark>
<Placemark><name>C29</name><styleUrl>#s2</styleUrl><ExtendedData><Data name="cpNodeId"><value>n242</value></Data></ExtendedData><Point><coordinates>-97.0347299,32.894977,0</coordinates></Point></Placemark>
<Placemark><name>C3</name><styleUrl>#s2</styleUrl><ExtendedData><Data name="cpNodeId"><value>n243</value></Data></ExtendedData><Point><coordinates>-97.038324,32.900416,0</coordinates></Point></Placemark>
<Placemark><name>C30</name><styleUrl>#s2</styleUrl><ExtendedData><Data name="cpNodeId"><value>n244</value></Data></ExtendedData><Point><coordinates>-97.0349783,32.8946796,0</coordinates></Point></Placemark>
<Placemark><name>C31</name><styleUrl>#s2</styleUrl><ExtendedData><Data name="cpNodeId"><value>n245</value></Data></ExtendedData><Point><coordinates>-97.0353428,32.8944076,0</coordinates></Point></Placemark>
<Placemark><name>C32</name><styleUrl>#s2</styleUrl><ExtendedData><Data name="cpNodeId"><value>n246</value></Data></ExtendedData><Point><coordinates>-97.0359471,32.8943996,0</coordinates></Point></Placemark>
<Placemark><name>C33</name><styleUrl>#s2</styleUrl><ExtendedData><Data name="cpNodeId"><value>n247</value></Data></ExtendedData><Point><coordinates>-97.0365054,32.8947826,0</coordinates></Point></Placemark>
<Placemark><name>C34</name><styleUrl>#s2</styleUrl><ExtendedData><Data name="cpNodeId"><value>n248</value></Data></ExtendedData><Point><coordinates>-97.0369395,32.8947149,0</coordinates></Point></Placemark>
<Placemark><name>C35</name><styleUrl>#s2</styleUrl><ExtendedData><Data name="cpNodeId"><value>n249</value></Data></ExtendedData><Point><coordinates>-97.0374607,32.894692,0</coordinates></Point></Placemark>
<Placemark><name>C36</name><styleUrl>#s2</styleUrl><ExtendedData><Data name="cpNodeId"><value>n250</value></Data></ExtendedData><Point><coordinates>-97.0379043,32.8946508,0</coordinates></Point></Placemark>
<Placemark><name>C37</name><styleUrl>#s2</styleUrl><ExtendedData><Data name="cpNodeId"><value>n251</value></Data></ExtendedData><Point><coordinates>-97.0382938,32.8946483,0</coordinates></Point></Placemark>
<Placemark><name>C38</name><styleUrl>#s2</styleUrl><ExtendedData><Data name="cpNodeId"><value>n252</value></Data></ExtendedData><Point><coordinates>-97.0385652,32.8946335,0</coordinates></Point></Placemark>
<Placemark><name>C39</name><styleUrl>#s2</styleUrl><ExtendedData><Data name="cpNodeId"><value>n253</value></Data></ExtendedData><Point><coordinates>-97.0388081,32.8945291,0</coordinates></Point></Placemark>
<Placemark><name>C4</name><styleUrl>#s2</styleUrl><ExtendedData><Data name="cpNodeId"><value>n254</value></Data></ExtendedData><Point><coordinates>-97.038238,32.90059,0</coordinates></Point></Placemark>
<Placemark><name>C6</name><styleUrl>#s2</styleUrl><ExtendedData><Data name="cpNodeId"><value>n255</value></Data></ExtendedData><Point><coordinates>-97.037681,32.90059,0</coordinates></Point></Placemark>
<Placemark><name>C7</name><styleUrl>#s2</styleUrl><ExtendedData><Data name="cpNodeId"><value>n256</value></Data></ExtendedData><Point><coordinates>-97.037212,32.900429,0</coordinates></Point></Placemark>
<Placemark><name>C8</name><styleUrl>#s2</styleUrl><ExtendedData><Data name="cpNodeId"><value>n257</value></Data></ExtendedData><Point><coordinates>-97.036732,32.900422,0</coordinates></Point></Placemark>
<Placemark><name>D1</name><styleUrl>#s2</styleUrl><ExtendedData><Data name="cpNodeId"><value>n258</value></Data></ExtendedData><Point><coordinates>-97.0426467,32.8926085,0</coordinates></Point></Placemark>
<Placemark><name>D10</name><styleUrl>#s2</styleUrl><ExtendedData><Data name="cpNodeId"><value>n259</value></Data></ExtendedData><Point><coordinates>-97.0432002,32.894959,0</coordinates></Point></Placemark>
<Placemark><name>D10A</name><styleUrl>#s2</styleUrl><ExtendedData><Data name="cpNodeId"><value>n260</value></Data></ExtendedData><Point><coordinates>-97.0431265,32.8949917,0</coordinates></Point></Placemark>
<Placemark><name>D10B</name><styleUrl>#s2</styleUrl><ExtendedData><Data name="cpNodeId"><value>n261</value></Data></ExtendedData><Point><coordinates>-97.0431265,32.8949196,0</coordinates></Point></Placemark>
<Placemark><name>D10X</name><styleUrl>#s2</styleUrl><ExtendedData><Data name="cpNodeId"><value>n262</value></Data></ExtendedData><Point><coordinates>-97.043195,32.895047,0</coordinates></Point></Placemark>
<Placemark><name>D11</name><styleUrl>#s2</styleUrl><ExtendedData><Data name="cpNodeId"><value>n263</value></Data></ExtendedData><Point><coordinates>-97.0436763,32.8950593,0</coordinates></Point></Placemark>
<Placemark><name>D11A</name><styleUrl>#s2</styleUrl><ExtendedData><Data name="cpNodeId"><value>n264</value></Data></ExtendedData><Point><coordinates>-97.0437662,32.8951786,0</coordinates></Point></Placemark>
<Placemark><name>D12</name><styleUrl>#s2</styleUrl><ExtendedData><Data name="cpNodeId"><value>n265</value></Data></ExtendedData><Point><coordinates>-97.0440961,32.8950975,0</coordinates></Point></Placemark>
<Placemark><name>D12A</name><styleUrl>#s2</styleUrl><ExtendedData><Data name="cpNodeId"><value>n266</value></Data></ExtendedData><Point><coordinates>-97.0442195,32.8950503,0</coordinates></Point></Placemark>
<Placemark><name>D12B</name><styleUrl>#s2</styleUrl><ExtendedData><Data name="cpNodeId"><value>n267</value></Data></ExtendedData><Point><coordinates>-97.0440196,32.895066,0</coordinates></Point></Placemark>
<Placemark><name>D14</name><styleUrl>#s2</styleUrl><ExtendedData><Data name="cpNodeId"><value>n268</value></Data></ExtendedData><Point><coordinates>-97.0446499,32.8949433,0</coordinates></Point></Placemark>
<Placemark><name>D14A</name><styleUrl>#s2</styleUrl><ExtendedData><Data name="cpNodeId"><value>n269</value></Data></ExtendedData><Point><coordinates>-97.0445306,32.8949602,0</coordinates></Point></Placemark>
<Placemark><name>D14X</name><styleUrl>#s2</styleUrl><ExtendedData><Data name="cpNodeId"><value>n270</value></Data></ExtendedData><Point><coordinates>-97.044761,32.895111,0</coordinates></Point></Placemark>
<Placemark><name>D15</name><styleUrl>#s2</styleUrl><ExtendedData><Data name="cpNodeId"><value>n271</value></Data></ExtendedData><Point><coordinates>-97.0452092,32.8950885,0</coordinates></Point></Placemark>
<Placemark><name>D15A</name><styleUrl>#s2</styleUrl><ExtendedData><Data name="cpNodeId"><value>n272</value></Data></ExtendedData><Point><coordinates>-97.045228,32.8950615,0</coordinates></Point></Placemark>
<Placemark><name>D15B</name><styleUrl>#s2</styleUrl><ExtendedData><Data name="cpNodeId"><value>n273</value></Data></ExtendedData><Point><coordinates>-97.0452427,32.8950457,0</coordinates></Point></Placemark>
<Placemark><name>D15X</name><styleUrl>#s2</styleUrl><ExtendedData><Data name="cpNodeId"><value>n274</value></Data></ExtendedData><Point><coordinates>-97.045204,32.895037,0</coordinates></Point></Placemark>
<Placemark><name>D16</name><styleUrl>#s2</styleUrl><ExtendedData><Data name="cpNodeId"><value>n275</value></Data></ExtendedData><Point><coordinates>-97.045648,32.895094,0</coordinates></Point></Placemark>
<Placemark><name>D16X</name><styleUrl>#s2</styleUrl><ExtendedData><Data name="cpNodeId"><value>n276</value></Data></ExtendedData><Point><coordinates>-97.045648,32.895094,0</coordinates></Point></Placemark>
<Placemark><name>D17</name><styleUrl>#s2</styleUrl><ExtendedData><Data name="cpNodeId"><value>n277</value></Data></ExtendedData><Point><coordinates>-97.045915,32.895406,0</coordinates></Point></Placemark>
<Placemark><name>D17A</name><styleUrl>#s2</styleUrl><ExtendedData><Data name="cpNodeId"><value>n278</value></Data></ExtendedData><Point><coordinates>-97.045922,32.895306,0</coordinates></Point></Placemark>
<Placemark><name>D17X</name><styleUrl>#s2</styleUrl><ExtendedData><Data name="cpNodeId"><value>n279</value></Data></ExtendedData><Point><coordinates>-97.045915,32.895406,0</coordinates></Point></Placemark>
<Placemark><name>D18</name><styleUrl>#s2</styleUrl><ExtendedData><Data name="cpNodeId"><value>n280</value></Data></ExtendedData><Point><coordinates>-97.045856,32.895829,0</coordinates></Point></Placemark>
<Placemark><name>D18A</name><styleUrl>#s2</styleUrl><ExtendedData><Data name="cpNodeId"><value>n281</value></Data></ExtendedData><Point><coordinates>-97.045895,32.895929,0</coordinates></Point></Placemark>
<Placemark><name>D1X</name><styleUrl>#s2</styleUrl><ExtendedData><Data name="cpNodeId"><value>n282</value></Data></ExtendedData><Point><coordinates>-97.0426413,32.892836,0</coordinates></Point></Placemark>
<Placemark><name>D2</name><styleUrl>#s2</styleUrl><ExtendedData><Data name="cpNodeId"><value>n283</value></Data></ExtendedData><Point><coordinates>-97.0428184,32.8930196,0</coordinates></Point></Placemark>
<Placemark><name>D20</name><styleUrl>#s2</styleUrl><ExtendedData><Data name="cpNodeId"><value>n284</value></Data></ExtendedData><Point><coordinates>-97.045829,32.896226,0</coordinates></Point></Placemark>
<Placemark><name>D21</name><styleUrl>#s2</styleUrl><ExtendedData><Data name="cpNodeId"><value>n285</value></Data></ExtendedData><Point><coordinates>-97.045835,32.896525,0</coordinates></Point></Placemark>
<Placemark><name>D21A</name><styleUrl>#s2</styleUrl><ExtendedData><Data name="cpNodeId"><value>n286</value></Data></ExtendedData><Point><coordinates>-97.045823,32.896628,0</coordinates></Point></Placemark>
<Placemark><name>D22</name><styleUrl>#s2</styleUrl><ExtendedData><Data name="cpNodeId"><value>n287</value></Data></ExtendedData><Point><coordinates>-97.045887,32.897069,0</coordinates></Point></Placemark>
<Placemark><name>D22A</name><styleUrl>#s2</styleUrl><ExtendedData><Data name="cpNodeId"><value>n288</value></Data></ExtendedData><Point><coordinates>-97.045934,32.897142,0</coordinates></Point></Placemark>
<Placemark><name>D23</name><styleUrl>#s2</styleUrl><ExtendedData><Data name="cpNodeId"><value>n289</value></Data></ExtendedData><Point><coordinates>-97.045881,32.89763,0</coordinates></Point></Placemark>
<Placemark><name>D23A</name><styleUrl>#s2</styleUrl><ExtendedData><Data name="cpNodeId"><value>n290</value></Data></ExtendedData><Point><coordinates>-97.045928,32.897728,0</coordinates></Point></Placemark>
<Placemark><name>D24</name><styleUrl>#s2</styleUrl><ExtendedData><Data name="cpNodeId"><value>n291</value></Data></ExtendedData><Point><coordinates>-97.045835,32.898134,0</coordinates></Point></Placemark>
<Placemark><name>D25</name><styleUrl>#s2</styleUrl><ExtendedData><Data name="cpNodeId"><value>n292</value></Data></ExtendedData><Point><coordinates>-97.045885,32.898268,0</coordinates></Point></Placemark>
<Placemark><name>D25A</name><styleUrl>#s2</styleUrl><ExtendedData><Data name="cpNodeId"><value>n293</value></Data></ExtendedData><Point><coordinates>-97.045932,32.898393,0</coordinates></Point></Placemark>
<Placemark><name>D27</name><styleUrl>#s2</styleUrl><ExtendedData><Data name="cpNodeId"><value>n294</value></Data></ExtendedData><Point><coordinates>-97.045755,32.898804,0</coordinates></Point></Placemark>
<Placemark><name>D27A</name><styleUrl>#s2</styleUrl><ExtendedData><Data name="cpNodeId"><value>n295</value></Data></ExtendedData><Point><coordinates>-97.045896,32.89892,0</coordinates></Point></Placemark>
<Placemark><name>D28</name><styleUrl>#s2</styleUrl><ExtendedData><Data name="cpNodeId"><value>n296</value></Data></ExtendedData><Point><coordinates>-97.045881,32.899181,0</coordinates></Point></Placemark>
<Placemark><name>D29</name><styleUrl>#s2</styleUrl><ExtendedData><Data name="cpNodeId"><value>n297</value></Data></ExtendedData><Point><coordinates>-97.045939,32.899586,0</coordinates></Point></Placemark>
<Placemark><name>D29A</name><styleUrl>#s2</styleUrl><ExtendedData><Data name="cpNodeId"><value>n298</value></Data></ExtendedData><Point><coordinates>-97.045903,32.899486,0</coordinates></Point></Placemark>
<Placemark><name>D2X</name><styleUrl>#s2</styleUrl><ExtendedData><Data name="cpNodeId"><value>n299</value></Data></ExtendedData><Point><coordinates>-97.0426963,32.8930038,0</coordinates></Point></Placemark>
<Placemark><name>D3</name><styleUrl>#s2</styleUrl><ExtendedData><Data name="cpNodeId"><value>n300</value></Data></ExtendedData><Point><coordinates>-97.0426937,32.8932786,0</coordinates></Point></Placemark>
<Placemark><name>D30</name><styleUrl>#s2</styleUrl><ExtendedData><Data name="cpNodeId"><value>n301</value></Data></ExtendedData><Point><coordinates>-97.045875,32.900113,0</coordinates></Point></Placemark>
<Placemark><name>D31</name><styleUrl>#s2</styleUrl><ExtendedData><Data name="cpNodeId"><value>n302</value></Data></ExtendedData><Point><coordinates>-97.04536,32.900106,0</coordinates></Point></Placemark>
<Placemark><name>D33</name><styleUrl>#s2</styleUrl><ExtendedData><Data name="cpNodeId"><value>n303</value></Data></ExtendedData><Point><coordinates>-97.044827,32.900138,0</coordinates></Point></Placemark>
<Placemark><name>D34</name><styleUrl>#s2</styleUrl><ExtendedData><Data name="cpNodeId"><value>n304</value></Data></ExtendedData><Point><coordinates>-97.044221,32.900095,0</coordinates></Point></Placemark>
<Placemark><name>D36</name><styleUrl>#s2</styleUrl><ExtendedData><Data name="cpNodeId"><value>n305</value></Data></ExtendedData><Point><coordinates>-97.043671,32.900138,0</coordinates></Point></Placemark>
<Placemark><name>D37</name><styleUrl>#s2</styleUrl><ExtendedData><Data name="cpNodeId"><value>n306</value></Data></ExtendedData><Point><coordinates>-97.043141,32.900086,0</coordinates></Point></Placemark>
<Placemark><name>D38</name><styleUrl>#s2</styleUrl><ExtendedData><Data name="cpNodeId"><value>n307</value></Data></ExtendedData><Point><coordinates>-97.042701,32.900135,0</coordinates></Point></Placemark>
<Placemark><name>D38A</name><styleUrl>#s2</styleUrl><ExtendedData><Data name="cpNodeId"><value>n308</value></Data></ExtendedData><Point><coordinates>-97.04263,32.90014,0</coordinates></Point></Placemark>
<Placemark><name>D3X</name><styleUrl>#s2</styleUrl><ExtendedData><Data name="cpNodeId"><value>n309</value></Data></ExtendedData><Point><coordinates>-97.0425957,32.8934239,0</coordinates></Point></Placemark>
<Placemark><name>D4</name><styleUrl>#s2</styleUrl><ExtendedData><Data name="cpNodeId"><value>n310</value></Data></ExtendedData><Point><coordinates>-97.0427352,32.8936874,0</coordinates></Point></Placemark>
<Placemark><name>D40</name><styleUrl>#s2</styleUrl><ExtendedData><Data name="cpNodeId"><value>n311</value></Data></ExtendedData><Point><coordinates>-97.042252,32.900067,0</coordinates></Point></Placemark>
<Placemark><name>D4X</name><styleUrl>#s2</styleUrl><ExtendedData><Data name="cpNodeId"><value>n312</value></Data></ExtendedData><Point><coordinates>-97.0426414,32.893682,0</coordinates></Point></Placemark>
<Placemark><name>D5</name><styleUrl>#s2</styleUrl><ExtendedData><Data name="cpNodeId"><value>n313</value></Data></ExtendedData><Point><coordinates>-97.041921,32.895314,0</coordinates></Point></Placemark>
<Placemark><name>D6</name><styleUrl>#s2</styleUrl><ExtendedData><Data name="cpNodeId"><value>n314</value></Data></ExtendedData><Point><coordinates>-97.0422386,32.8949467,0</coordinates></Point></Placemark>
<Placemark><name>D6A</name><styleUrl>#s2</styleUrl><ExtendedData><Data name="cpNodeId"><value>n315</value></Data></ExtendedData><Point><coordinates>-97.042171,32.895167,0</coordinates></Point></Placemark>
<Placemark><name>D6B</name><styleUrl>#s2</styleUrl><ExtendedData><Data name="cpNodeId"><value>n316</value></Data></ExtendedData><Point><coordinates>-97.042171,32.895167,0</coordinates></Point></Placemark>
<Placemark><name>D6C</name><styleUrl>#s2</styleUrl><ExtendedData><Data name="cpNodeId"><value>n317</value></Data></ExtendedData><Point><coordinates>-97.042171,32.895167,0</coordinates></Point></Placemark>
<Placemark><name>D6D</name><styleUrl>#s2</styleUrl><ExtendedData><Data name="cpNodeId"><value>n318</value></Data></ExtendedData><Point><coordinates>-97.042171,32.895167,0</coordinates></Point></Placemark>
<Placemark><name>D7</name><styleUrl>#s2</styleUrl><ExtendedData><Data name="cpNodeId"><value>n319</value></Data></ExtendedData><Point><coordinates>-97.0425967,32.8948982,0</coordinates></Point></Placemark>
<Placemark><name>D7A</name><styleUrl>#s2</styleUrl><ExtendedData><Data name="cpNodeId"><value>n320</value></Data></ExtendedData><Point><coordinates>-97.0426745,32.8949253,0</coordinates></Point></Placemark>
<Placemark><name>D7X</name><styleUrl>#s2</styleUrl><ExtendedData><Data name="cpNodeId"><value>n321</value></Data></ExtendedData><Point><coordinates>-97.042415,32.895067,0</coordinates></Point></Placemark>
<Placemark><name>D8</name><styleUrl>#s2</styleUrl><ExtendedData><Data name="cpNodeId"><value>n322</value></Data></ExtendedData><Point><coordinates>-97.0428716,32.8950829,0</coordinates></Point></Placemark>
<Placemark><name>P64</name><styleUrl>#s3</styleUrl><ExtendedData><Data name="cpNodeId"><value>n323</value></Data></ExtendedData><Point><coordinates>-97.042774,32.900518,0</coordinates></Point></Placemark>
<Placemark><name>P73</name><styleUrl>#s3</styleUrl><ExtendedData><Data name="cpNodeId"><value>n324</value></Data></ExtendedData><Point><coordinates>-97.036677,32.901528,0</coordinates></Point></Placemark>
<Placemark><name>P108</name><styleUrl>#s3</styleUrl><ExtendedData><Data name="cpNodeId"><value>n325</value></Data></ExtendedData><Point><coordinates>-97.03792,32.900857,0</coordinates></Point></Placemark>
<Placemark><name>P62</name><styleUrl>#s3</styleUrl><ExtendedData><Data name="cpNodeId"><value>n326</value></Data></ExtendedData><Point><coordinates>-97.045373,32.905327,0</coordinates></Point></Placemark>
<Placemark><name>P157</name><styleUrl>#s3</styleUrl><ExtendedData><Data name="cpNodeId"><value>n327</value></Data></ExtendedData><Point><coordinates>-97.043701,32.900493,0</coordinates></Point></Placemark>
<Placemark><name>P27</name><styleUrl>#s3</styleUrl><ExtendedData><Data name="cpNodeId"><value>n328</value></Data></ExtendedData><Point><coordinates>-97.046014,32.905316,0</coordinates></Point></Placemark>
<Placemark><name>P14</name><styleUrl>#s3</styleUrl><ExtendedData><Data name="cpNodeId"><value>n329</value></Data></ExtendedData><Point><coordinates>-97.044783,32.902292,0</coordinates></Point></Placemark>
<Placemark><name>P180</name><styleUrl>#s3</styleUrl><ExtendedData><Data name="cpNodeId"><value>n330</value></Data></ExtendedData><Point><coordinates>-97.046205,32.895261,0</coordinates></Point></Placemark>
<Placemark><name>P49</name><styleUrl>#s3</styleUrl><ExtendedData><Data name="cpNodeId"><value>n331</value></Data></ExtendedData><Point><coordinates>-97.045063,32.906685,0</coordinates></Point></Placemark>
<Placemark><name>P197</name><styleUrl>#s3</styleUrl><ExtendedData><Data name="cpNodeId"><value>n332</value></Data></ExtendedData><Point><coordinates>-97.039287,32.893756,0</coordinates></Point></Placemark>
<Placemark><name>P18</name><styleUrl>#s3</styleUrl><ExtendedData><Data name="cpNodeId"><value>n333</value></Data></ExtendedData><Point><coordinates>-97.045571,32.903153,0</coordinates></Point></Placemark>
<Placemark><name>P35</name><styleUrl>#s3</styleUrl><ExtendedData><Data name="cpNodeId"><value>n334</value></Data></ExtendedData><Point><coordinates>-97.046185,32.906834,0</coordinates></Point></Placemark>
<Placemark><name>P85</name><styleUrl>#s3</styleUrl><ExtendedData><Data name="cpNodeId"><value>n335</value></Data></ExtendedData><Point><coordinates>-97.034535,32.904588,0</coordinates></Point></Placemark>
<Placemark><name>P55</name><styleUrl>#s3</styleUrl><ExtendedData><Data name="cpNodeId"><value>n336</value></Data></ExtendedData><Point><coordinates>-97.042867,32.907954,0</coordinates></Point></Placemark>
<Placemark><name>P151</name><styleUrl>#s3</styleUrl><ExtendedData><Data name="cpNodeId"><value>n337</value></Data></ExtendedData><Point><coordinates>-97.037173,32.887273,0</coordinates></Point></Placemark>
<Placemark><name>P172</name><styleUrl>#s3</styleUrl><ExtendedData><Data name="cpNodeId"><value>n338</value></Data></ExtendedData><Point><coordinates>-97.046181,32.897126,0</coordinates></Point></Placemark>
<Placemark><name>P61</name><styleUrl>#s3</styleUrl><ExtendedData><Data name="cpNodeId"><value>n339</value></Data></ExtendedData><Point><coordinates>-97.045403,32.904996,0</coordinates></Point></Placemark>
<Placemark><name>P113</name><styleUrl>#s3</styleUrl><ExtendedData><Data name="cpNodeId"><value>n340</value></Data></ExtendedData><Point><coordinates>-97.036272,32.900375,0</coordinates></Point></Placemark>
<Placemark><name>P207</name><styleUrl>#s3</styleUrl><ExtendedData><Data name="cpNodeId"><value>n341</value></Data></ExtendedData><Point><coordinates>-97.035123,32.888052,0</coordinates></Point></Placemark>
<Placemark><name>P57</name><styleUrl>#s3</styleUrl><ExtendedData><Data name="cpNodeId"><value>n342</value></Data></ExtendedData><Point><coordinates>-97.042549,32.907985,0</coordinates></Point></Placemark>
<Placemark><name>P171</name><styleUrl>#s3</styleUrl><ExtendedData><Data name="cpNodeId"><value>n343</value></Data></ExtendedData><Point><coordinates>-97.046193,32.897581,0</coordinates></Point></Placemark>
<Placemark><name>P210</name><styleUrl>#s3</styleUrl><ExtendedData><Data name="cpNodeId"><value>n344</value></Data></ExtendedData><Point><coordinates>-97.035652,32.887515,0</coordinates></Point></Placemark>
<Placemark><name>P114</name><styleUrl>#s3</styleUrl><ExtendedData><Data name="cpNodeId"><value>n345</value></Data></ExtendedData><Point><coordinates>-97.035901,32.900081,0</coordinates></Point></Placemark>
<Placemark><name>P12</name><styleUrl>#s3</styleUrl><ExtendedData><Data name="cpNodeId"><value>n346</value></Data></ExtendedData><Point><coordinates>-97.044315,32.901967,0</coordinates></Point></Placemark>
<Placemark><name>P192</name><styleUrl>#s3</styleUrl><ExtendedData><Data name="cpNodeId"><value>n347</value></Data></ExtendedData><Point><coordinates>-97.042205,32.894737,0</coordinates></Point></Placemark>
<Placemark><name>P127</name><styleUrl>#s3</styleUrl><ExtendedData><Data name="cpNodeId"><value>n348</value></Data></ExtendedData><Point><coordinates>-97.03535,32.8956,0</coordinates></Point></Placemark>
<Placemark><name>P78</name><styleUrl>#s3</styleUrl><ExtendedData><Data name="cpNodeId"><value>n349</value></Data></ExtendedData><Point><coordinates>-97.035209,32.902843,0</coordinates></Point></Placemark>
<Placemark><name>P191</name><styleUrl>#s3</styleUrl><ExtendedData><Data name="cpNodeId"><value>n350</value></Data></ExtendedData><Point><coordinates>-97.042383,32.89473,0</coordinates></Point></Placemark>
<Placemark><name>P206</name><styleUrl>#s3</styleUrl><ExtendedData><Data name="cpNodeId"><value>n351</value></Data></ExtendedData><Point><coordinates>-97.034953,32.888253,0</coordinates></Point></Placemark>
<Placemark><name>P102</name><styleUrl>#s3</styleUrl><ExtendedData><Data name="cpNodeId"><value>n352</value></Data></ExtendedData><Point><coordinates>-97.038473,32.907933,0</coordinates></Point></Placemark>
<Placemark><name>P120</name><styleUrl>#s3</styleUrl><ExtendedData><Data name="cpNodeId"><value>n353</value></Data></ExtendedData><Point><coordinates>-97.034651,32.898316,0</coordinates></Point></Placemark>
<Placemark><name>P205</name><styleUrl>#s3</styleUrl><ExtendedData><Data name="cpNodeId"><value>n354</value></Data></ExtendedData><Point><coordinates>-97.03482,32.88841,0</coordinates></Point></Placemark>
<Placemark><name>P170</name><styleUrl>#s3</styleUrl><ExtendedData><Data name="cpNodeId"><value>n355</value></Data></ExtendedData><Point><coordinates>-97.046181,32.89773,0</coordinates></Point></Placemark>
<Placemark><name>P166</name><styleUrl>#s3</styleUrl><ExtendedData><Data name="cpNodeId"><value>n356</value></Data></ExtendedData><Point><coordinates>-97.046159,32.898916,0</coordinates></Point></Placemark>
<Placemark><name>P91</name><styleUrl>#s3</styleUrl><ExtendedData><Data name="cpNodeId"><value>n357</value></Data></ExtendedData><Point><coordinates>-97.035172,32.906475,0</coordinates></Point></Placemark>
<Placemark><name>P194</name><styleUrl>#s3</styleUrl><ExtendedData><Data name="cpNodeId"><value>n358</value></Data></ExtendedData><Point><coordinates>-97.041776,32.89402,0</coordinates></Point></Placemark>
<Placemark><name>P126</name><styleUrl>#s3</styleUrl><ExtendedData><Data name="cpNodeId"><value>n359</value></Data></ExtendedData><Point><coordinates>-97.035046,32.895971,0</coordinates></Point></Placemark>
<Placemark><name>P33</name><styleUrl>#s3</styleUrl><ExtendedData><Data name="cpNodeId"><value>n360</value></Data></ExtendedData><Point><coordinates>-97.045771,32.906733,0</coordinates></Point></Placemark>
<Placemark><name>P169</name><styleUrl>#s3</styleUrl><ExtendedData><Data name="cpNodeId"><value>n361</value></Data></ExtendedData><Point><coordinates>-97.04619,32.898247,0</coordinates></Point></Placemark>
<Placemark><name>P153</name><styleUrl>#s3</styleUrl><ExtendedData><Data name="cpNodeId"><value>n362</value></Data></ExtendedData><Point><coordinates>-97.038106,32.887129,0</coordinates></Point></Placemark>
<Placemark><name>P36</name><styleUrl>#s3</styleUrl><ExtendedData><Data name="cpNodeId"><value>n363</value></Data></ExtendedData><Point><coordinates>-97.046376,32.907063,0</coordinates></Point></Placemark>
<Placemark><name>P130</name><styleUrl>#s3</styleUrl><ExtendedData><Data name="cpNodeId"><value>n364</value></Data></ExtendedData><Point><coordinates>-97.03636,32.894585,0</coordinates></Point></Placemark>
<Placemark><name>P185</name><styleUrl>#s3</styleUrl><ExtendedData><Data name="cpNodeId"><value>n365</value></Data></ExtendedData><Point><coordinates>-97.04538,32.894739,0</coordinates></Point></Placemark>
<Placemark><name>P1</name><styleUrl>#s3</styleUrl><ExtendedData><Data name="cpNodeId"><value>n366</value></Data></ExtendedData><Point><coordinates>-97.042765,32.900905,0</coordinates></Point></Placemark>
<Placemark><name>P15</name><styleUrl>#s3</styleUrl><ExtendedData><Data name="cpNodeId"><value>n367</value></Data></ExtendedData><Point><coordinates>-97.045007,32.902512,0</coordinates></Point></Placemark>
<Placemark><name>P92</name><styleUrl>#s3</styleUrl><ExtendedData><Data name="cpNodeId"><value>n368</value></Data></ExtendedData><Point><coordinates>-97.035207,32.906602,0</coordinates></Point></Placemark>
<Placemark><name>P179</name><styleUrl>#s3</styleUrl><ExtendedData><Data name="cpNodeId"><value>n369</value></Data></ExtendedData><Point><coordinates>-97.046193,32.895353,0</coordinates></Point></Placemark>
<Placemark><name>P77</name><styleUrl>#s3</styleUrl><ExtendedData><Data name="cpNodeId"><value>n370</value></Data></ExtendedData><Point><coordinates>-97.035445,32.902427,0</coordinates></Point></Placemark>
<Placemark><name>P204</name><styleUrl>#s3</styleUrl><ExtendedData><Data name="cpNodeId"><value>n371</value></Data></ExtendedData><Point><coordinates>-97.034768,32.888515,0</coordinates></Point></Placemark>
<Placemark><name>P65</name><styleUrl>#s3</styleUrl><ExtendedData><Data name="cpNodeId"><value>n372</value></Data></ExtendedData><Point><coordinates>-97.041939,32.901549,0</coordinates></Point></Placemark>
<Placemark><name>P193</name><styleUrl>#s3</styleUrl><ExtendedData><Data name="cpNodeId"><value>n373</value></Data></ExtendedData><Point><coordinates>-97.042008,32.894735,0</coordinates></Point></Placemark>
<Placemark><name>P137B</name><styleUrl>#s3</styleUrl><ExtendedData><Data name="cpNodeId"><value>n374</value></Data></ExtendedData><Point><coordinates>-97.038873,32.89431,0</coordinates></Point></Placemark>
<Placemark><name>P37</name><styleUrl>#s3</styleUrl><ExtendedData><Data name="cpNodeId"><value>n375</value></Data></ExtendedData><Point><coordinates>-97.046369,32.907374,0</coordinates></Point></Placemark>
<Placemark><name>P20</name><styleUrl>#s3</styleUrl><ExtendedData><Data name="cpNodeId"><value>n376</value></Data></ExtendedData><Point><coordinates>-97.045788,32.903599,0</coordinates></Point></Placemark>
<Placemark><name>P203</name><styleUrl>#s3</styleUrl><ExtendedData><Data name="cpNodeId"><value>n377</value></Data></ExtendedData><Point><coordinates>-97.03458,32.888847,0</coordinates></Point></Placemark>
<Placemark><name>P109</name><styleUrl>#s3</styleUrl><ExtendedData><Data name="cpNodeId"><value>n378</value></Data></ExtendedData><Point><coordinates>-97.037721,32.900799,0</coordinates></Point></Placemark>
<Placemark><name>P75</name><styleUrl>#s3</styleUrl><ExtendedData><Data name="cpNodeId"><value>n379</value></Data></ExtendedData><Point><coordinates>-97.036077,32.901739,0</coordinates></Point></Placemark>
<Placemark><name>P154</name><styleUrl>#s3</styleUrl><ExtendedData><Data name="cpNodeId"><value>n380</value></Data></ExtendedData><Point><coordinates>-97.038933,32.88706,0</coordinates></Point></Placemark>
<Placemark><name>P13</name><styleUrl>#s3</styleUrl><ExtendedData><Data name="cpNodeId"><value>n381</value></Data></ExtendedData><Point><coordinates>-97.044545,32.902124,0</coordinates></Point></Placemark>
<Placemark><name>P110</name><styleUrl>#s3</styleUrl><ExtendedData><Data name="cpNodeId"><value>n382</value></Data></ExtendedData><Point><coordinates>-97.037432,32.900703,0</coordinates></Point></Placemark>
<Placemark><name>P10</name><styleUrl>#s3</styleUrl><ExtendedData><Data name="cpNodeId"><value>n383</value></Data></ExtendedData><Point><coordinates>-97.043801,32.901656,0</coordinates></Point></Placemark>
<Placemark><name>P98</name><styleUrl>#s3</styleUrl><ExtendedData><Data name="cpNodeId"><value>n384</value></Data></ExtendedData><Point><coordinates>-97.037462,32.907766,0</coordinates></Point></Placemark>
<Placemark><name>P23</name><styleUrl>#s3</styleUrl><ExtendedData><Data name="cpNodeId"><value>n385</value></Data></ExtendedData><Point><coordinates>-97.046043,32.90435,0</coordinates></Point></Placemark>
<Placemark><name>P160</name><styleUrl>#s3</styleUrl><ExtendedData><Data name="cpNodeId"><value>n386</value></Data></ExtendedData><Point><coordinates>-97.04541,32.900502,0</coordinates></Point></Placemark>
<Placemark><name>P69A</name><styleUrl>#s3</styleUrl><ExtendedData><Data name="cpNodeId"><value>n387</value></Data></ExtendedData><Point><coordinates>-97.038963,32.901423,0</coordinates></Point></Placemark>
<Placemark><name>P44</name><styleUrl>#s3</styleUrl><ExtendedData><Data name="cpNodeId"><value>n388</value></Data></ExtendedData><Point><coordinates>-97.04481,32.90724,0</coordinates></Point></Placemark>
<Placemark><name>P97</name><styleUrl>#s3</styleUrl><ExtendedData><Data name="cpNodeId"><value>n389</value></Data></ExtendedData><Point><coordinates>-97.036962,32.907765,0</coordinates></Point></Placemark>
<Placemark><name>P93</name><styleUrl>#s3</styleUrl><ExtendedData><Data name="cpNodeId"><value>n390</value></Data></ExtendedData><Point><coordinates>-97.035317,32.906723,0</coordinates></Point></Placemark>
<Placemark><name>P124</name><styleUrl>#s3</styleUrl><ExtendedData><Data name="cpNodeId"><value>n391</value></Data></ExtendedData><Point><coordinates>-97.034522,32.896695,0</coordinates></Point></Placemark>
<Placemark><name>P209</name><styleUrl>#s3</styleUrl><ExtendedData><Data name="cpNodeId"><value>n392</value></Data></ExtendedData><Point><coordinates>-97.035495,32.887669,0</coordinates></Point></Placemark>
<Placemark><name>P9</name><styleUrl>#s3</styleUrl><ExtendedData><Data name="cpNodeId"><value>n393</value></Data></ExtendedData><Point><coordinates>-97.043529,32.901653,0</coordinates></Point></Placemark>
<Placemark><name>P86</name><styleUrl>#s3</styleUrl><ExtendedData><Data name="cpNodeId"><value>n394</value></Data></ExtendedData><Point><coordinates>-97.034543,32.905025,0</coordinates></Point></Placemark>
<Placemark><name>P82</name><styleUrl>#s3</styleUrl><ExtendedData><Data name="cpNodeId"><value>n395</value></Data></ExtendedData><Point><coordinates>-97.034562,32.903876,0</coordinates></Point></Placemark>
<Placemark><name>P26</name><styleUrl>#s3</styleUrl><ExtendedData><Data name="cpNodeId"><value>n396</value></Data></ExtendedData><Point><coordinates>-97.046058,32.905071,0</coordinates></Point></Placemark>
<Placemark><name>P184</name><styleUrl>#s3</styleUrl><ExtendedData><Data name="cpNodeId"><value>n397</value></Data></ExtendedData><Point><coordinates>-97.045848,32.894739,0</coordinates></Point></Placemark>
<Placemark><name>P66</name><styleUrl>#s3</styleUrl><ExtendedData><Data name="cpNodeId"><value>n398</value></Data></ExtendedData><Point><coordinates>-97.041698,32.901576,0</coordinates></Point></Placemark>
<Placemark><name>P60</name><styleUrl>#s3</styleUrl><ExtendedData><Data name="cpNodeId"><value>n399</value></Data></ExtendedData><Point><coordinates>-97.045411,32.90476,0</coordinates></Point></Placemark>
<Placemark><name>P137</name><styleUrl>#s3</styleUrl><ExtendedData><Data name="cpNodeId"><value>n400</value></Data></ExtendedData><Point><coordinates>-97.0386956,32.8943145,0</coordinates></Point></Placemark>
<Placemark><name>P32</name><styleUrl>#s3</styleUrl><ExtendedData><Data name="cpNodeId"><value>n401</value></Data></ExtendedData><Point><coordinates>-97.045409,32.906493,0</coordinates></Point></Placemark>
<Placemark><name>P189</name><styleUrl>#s3</styleUrl><ExtendedData><Data name="cpNodeId"><value>n402</value></Data></ExtendedData><Point><coordinates>-97.043239,32.894723,0</coordinates></Point></Placemark>
<Placemark><name>P148</name><styleUrl>#s3</styleUrl><ExtendedData><Data name="cpNodeId"><value>n403</value></Data></ExtendedData><Point><coordinates>-97.035489,32.888403,0</coordinates></Point></Placemark>
<Placemark><name>P29</name><styleUrl>#s3</styleUrl><ExtendedData><Data name="cpNodeId"><value>n404</value></Data></ExtendedData><Point><coordinates>-97.045848,32.905832,0</coordinates></Point></Placemark>
<Placemark><name>P135</name><styleUrl>#s3</styleUrl><ExtendedData><Data name="cpNodeId"><value>n405</value></Data></ExtendedData><Point><coordinates>-97.0382802,32.8944444,0</coordinates></Point></Placemark>
<Placemark><name>P6</name><styleUrl>#s3</styleUrl><ExtendedData><Data name="cpNodeId"><value>n406</value></Data></ExtendedData><Point><coordinates>-97.042591,32.901628,0</coordinates></Point></Placemark>
<Placemark><name>P132</name><styleUrl>#s3</styleUrl><ExtendedData><Data name="cpNodeId"><value>n407</value></Data></ExtendedData><Point><coordinates>-97.0369141,32.8944786,0</coordinates></Point></Placemark>
<Placemark><name>P128</name><styleUrl>#s3</styleUrl><ExtendedData><Data name="cpNodeId"><value>n408</value></Data></ExtendedData><Point><coordinates>-97.035701,32.895297,0</coordinates></Point></Placemark>
<Placemark><name>D16A</name><styleUrl>#s3</styleUrl><ExtendedData><Data name="cpNodeId"><value>n409</value></Data></ExtendedData><Point><coordinates>-97.045648,32.895094,0</coordinates></Point></Placemark>
<Placemark><name>P194A</name><styleUrl>#s3</styleUrl><ExtendedData><Data name="cpNodeId"><value>n410</value></Data></ExtendedData><Point><coordinates>-97.041768,32.89474,0</coordinates></Point></Placemark>
<Placemark><name>P139</name><styleUrl>#s3</styleUrl><ExtendedData><Data name="cpNodeId"><value>n411</value></Data></ExtendedData><Point><coordinates>-97.039082,32.893735,0</coordinates></Point></Placemark>
<Placemark><name>P89</name><styleUrl>#s3</styleUrl><ExtendedData><Data name="cpNodeId"><value>n412</value></Data></ExtendedData><Point><coordinates>-97.034801,32.90596,0</coordinates></Point></Placemark>
<Placemark><name>P68</name><styleUrl>#s3</styleUrl><ExtendedData><Data name="cpNodeId"><value>n413</value></Data></ExtendedData><Point><coordinates>-97.040425,32.901126,0</coordinates></Point></Placemark>
<Placemark><name>P212</name><styleUrl>#s3</styleUrl><ExtendedData><Data name="cpNodeId"><value>n414</value></Data></ExtendedData><Point><coordinates>-97.035299,32.887032,0</coordinates></Point></Placemark>
<Placemark><name>P21</name><styleUrl>#s3</styleUrl><ExtendedData><Data name="cpNodeId"><value>n415</value></Data></ExtendedData><Point><coordinates>-97.045862,32.903794,0</coordinates></Point></Placemark>
<Placemark><name>P88</name><styleUrl>#s3</styleUrl><ExtendedData><Data name="cpNodeId"><value>n416</value></Data></ExtendedData><Point><coordinates>-97.034629,32.905808,0</coordinates></Point></Placemark>
<Placemark><name>P100</name><styleUrl>#s3</styleUrl><ExtendedData><Data name="cpNodeId"><value>n417</value></Data></ExtendedData><Point><coordinates>-97.038301,32.907834,0</coordinates></Point></Placemark>
<Placemark><name>P176</name><styleUrl>#s3</styleUrl><ExtendedData><Data name="cpNodeId"><value>n418</value></Data></ExtendedData><Point><coordinates>-97.046192,32.896163,0</coordinates></Point></Placemark>
<Placemark><name>P182</name><styleUrl>#s3</styleUrl><ExtendedData><Data name="cpNodeId"><value>n419</value></Data></ExtendedData><Point><coordinates>-97.046159,32.894761,0</coordinates></Point></Placemark>
<Placemark><name>P115</name><styleUrl>#s3</styleUrl><ExtendedData><Data name="cpNodeId"><value>n420</value></Data></ExtendedData><Point><coordinates>-97.035619,32.8998,0</coordinates></Point></Placemark>
<Placemark><name>P2</name><styleUrl>#s3</styleUrl><ExtendedData><Data name="cpNodeId"><value>n421</value></Data></ExtendedData><Point><coordinates>-97.042758,32.901158,0</coordinates></Point></Placemark>
<Placemark><name>P17</name><styleUrl>#s3</styleUrl><ExtendedData><Data name="cpNodeId"><value>n422</value></Data></ExtendedData><Point><coordinates>-97.04543,32.902918,0</coordinates></Point></Placemark>
<Placemark><name>P131</name><styleUrl>#s3</styleUrl><ExtendedData><Data name="cpNodeId"><value>n423</value></Data></ExtendedData><Point><coordinates>-97.036435,32.894519,0</coordinates></Point></Placemark>
<Placemark><name>P28</name><styleUrl>#s3</styleUrl><ExtendedData><Data name="cpNodeId"><value>n424</value></Data></ExtendedData><Point><coordinates>-97.045925,32.905647,0</coordinates></Point></Placemark>
<Placemark><name>P79</name><styleUrl>#s3</styleUrl><ExtendedData><Data name="cpNodeId"><value>n425</value></Data></ExtendedData><Point><coordinates>-97.034984,32.903214,0</coordinates></Point></Placemark>
<Placemark><name>P47</name><styleUrl>#s3</styleUrl><ExtendedData><Data name="cpNodeId"><value>n426</value></Data></ExtendedData><Point><coordinates>-97.044513,32.906664,0</coordinates></Point></Placemark>
<Placemark><name>P164</name><styleUrl>#s3</styleUrl><ExtendedData><Data name="cpNodeId"><value>n427</value></Data></ExtendedData><Point><coordinates>-97.04617,32.899538,0</coordinates></Point></Placemark>
<Placemark><name>P116</name><styleUrl>#s3</styleUrl><ExtendedData><Data name="cpNodeId"><value>n428</value></Data></ExtendedData><Point><coordinates>-97.035342,32.899515,0</coordinates></Point></Placemark>
<Placemark><name>P106</name><styleUrl>#s3</styleUrl><ExtendedData><Data name="cpNodeId"><value>n429</value></Data></ExtendedData><Point><coordinates>-97.03879,32.900886,0</coordinates></Point></Placemark>
<Placemark><name>P168</name><styleUrl>#s3</styleUrl><ExtendedData><Data name="cpNodeId"><value>n430</value></Data></ExtendedData><Point><coordinates>-97.046183,32.898396,0</coordinates></Point></Placemark>
<Placemark><name>P76</name><styleUrl>#s3</styleUrl><ExtendedData><Data name="cpNodeId"><value>n431</value></Data></ExtendedData><Point><coordinates>-97.035681,32.90202,0</coordinates></Point></Placemark>
<Placemark><name>P156</name><styleUrl>#s3</styleUrl><ExtendedData><Data name="cpNodeId"><value>n432</value></Data></ExtendedData><Point><coordinates>-97.043177,32.900484,0</coordinates></Point></Placemark>
<Placemark><name>P84</name><styleUrl>#s3</styleUrl><ExtendedData><Data name="cpNodeId"><value>n433</value></Data></ExtendedData><Point><coordinates>-97.034546,32.904305,0</coordinates></Point></Placemark>
<Placemark><name>P99</name><styleUrl>#s3</styleUrl><ExtendedData><Data name="cpNodeId"><value>n434</value></Data></ExtendedData><Point><coordinates>-97.038005,32.907763,0</coordinates></Point></Placemark>
<Placemark><name>P150</name><styleUrl>#s3</styleUrl><ExtendedData><Data name="cpNodeId"><value>n435</value></Data></ExtendedData><Point><coordinates>-97.036709,32.887424,0</coordinates></Point></Placemark>
<Placemark><name>P174</name><styleUrl>#s3</styleUrl><ExtendedData><Data name="cpNodeId"><value>n436</value></Data></ExtendedData><Point><coordinates>-97.046181,32.896636,0</coordinates></Point></Placemark>
<Placemark><name>P34</name><styleUrl>#s3</styleUrl><ExtendedData><Data name="cpNodeId"><value>n437</value></Data></ExtendedData><Point><coordinates>-97.045332,32.906683,0</coordinates></Point></Placemark>
<Placemark><name>P46</name><styleUrl>#s3</styleUrl><ExtendedData><Data name="cpNodeId"><value>n438</value></Data></ExtendedData><Point><coordinates>-97.044443,32.906724,0</coordinates></Point></Placemark>
<Placemark><name>P161</name><styleUrl>#s3</styleUrl><ExtendedData><Data name="cpNodeId"><value>n439</value></Data></ExtendedData><Point><coordinates>-97.046075,32.900504,0</coordinates></Point></Placemark>
<Placemark><name>P163</name><styleUrl>#s3</styleUrl><ExtendedData><Data name="cpNodeId"><value>n440</value></Data></ExtendedData><Point><coordinates>-97.046166,32.899635,0</coordinates></Point></Placemark>
<Placemark><name>P183</name><styleUrl>#s3</styleUrl><ExtendedData><Data name="cpNodeId"><value>n441</value></Data></ExtendedData><Point><coordinates>-97.046037,32.894725,0</coordinates></Point></Placemark>
<Placemark><name>P103</name><styleUrl>#s3</styleUrl><ExtendedData><Data name="cpNodeId"><value>n442</value></Data></ExtendedData><Point><coordinates>-97.038543,32.908148,0</coordinates></Point></Placemark>
<Placemark><name>P188</name><styleUrl>#s3</styleUrl><ExtendedData><Data name="cpNodeId"><value>n443</value></Data></ExtendedData><Point><coordinates>-97.043479,32.894728,0</coordinates></Point></Placemark>
<Placemark><name>P104</name><styleUrl>#s3</styleUrl><ExtendedData><Data name="cpNodeId"><value>n444</value></Data></ExtendedData><Point><coordinates>-97.038916,32.901144,0</coordinates></Point></Placemark>
<Placemark><name>P39</name><styleUrl>#s3</styleUrl><ExtendedData><Data name="cpNodeId"><value>n445</value></Data></ExtendedData><Point><coordinates>-97.045841,32.907706,0</coordinates></Point></Placemark>
<Placemark><name>P22</name><styleUrl>#s3</styleUrl><ExtendedData><Data name="cpNodeId"><value>n446</value></Data></ExtendedData><Point><coordinates>-97.045977,32.904099,0</coordinates></Point></Placemark>
<Placemark><name>P42</name><styleUrl>#s3</styleUrl><ExtendedData><Data name="cpNodeId"><value>n447</value></Data></ExtendedData><Point><coordinates>-97.044914,32.907693,0</coordinates></Point></Placemark>
<Placemark><name>P167</name><styleUrl>#s3</styleUrl><ExtendedData><Data name="cpNodeId"><value>n448</value></Data></ExtendedData><Point><coordinates>-97.046176,32.898781,0</coordinates></Point></Placemark>
<Placemark><name>P83</name><styleUrl>#s3</styleUrl><ExtendedData><Data name="cpNodeId"><value>n449</value></Data></ExtendedData><Point><coordinates>-97.034535,32.904157,0</coordinates></Point></Placemark>
<Placemark><name>P11</name><styleUrl>#s3</styleUrl><ExtendedData><Data name="cpNodeId"><value>n450</value></Data></ExtendedData><Point><coordinates>-97.044005,32.901754,0</coordinates></Point></Placemark>
<Placemark><name>P134</name><styleUrl>#s3</styleUrl><ExtendedData><Data name="cpNodeId"><value>n451</value></Data></ExtendedData><Point><coordinates>-97.0379034,32.8944447,0</coordinates></Point></Placemark>
<Placemark><name>P158</name><styleUrl>#s3</styleUrl><ExtendedData><Data name="cpNodeId"><value>n452</value></Data></ExtendedData><Point><coordinates>-97.044256,32.900498,0</coordinates></Point></Placemark>
<Placemark><name>P16</name><styleUrl>#s3</styleUrl><ExtendedData><Data name="cpNodeId"><value>n453</value></Data></ExtendedData><Point><coordinates>-97.04521,32.9027,0</coordinates></Point></Placemark>
<Placemark><name>P7</name><styleUrl>#s3</styleUrl><ExtendedData><Data name="cpNodeId"><value>n454</value></Data></ExtendedData><Point><coordinates>-97.042852,32.901588,0</coordinates></Point></Placemark>
<Placemark><name>P80</name><styleUrl>#s3</styleUrl><ExtendedData><Data name="cpNodeId"><value>n455</value></Data></ExtendedData><Point><coordinates>-97.034724,32.903575,0</coordinates></Point></Placemark>
<Placemark><name>P136</name><styleUrl>#s3</styleUrl><ExtendedData><Data name="cpNodeId"><value>n456</value></Data></ExtendedData><Point><coordinates>-97.0385131,32.8944339,0</coordinates></Point></Placemark>
<Placemark><name>P50</name><styleUrl>#s3</styleUrl><ExtendedData><Data name="cpNodeId"><value>n457</value></Data></ExtendedData><Point><coordinates>-97.044403,32.907525,0</coordinates></Point></Placemark>
<Placemark><name>P214</name><styleUrl>#s3</styleUrl><ExtendedData><Data name="cpNodeId"><value>n458</value></Data></ExtendedData><Point><coordinates>-97.034649,32.886741,0</coordinates></Point></Placemark>
<Placemark><name>P162</name><styleUrl>#s3</styleUrl><ExtendedData><Data name="cpNodeId"><value>n459</value></Data></ExtendedData><Point><coordinates>-97.046178,32.900391,0</coordinates></Point></Placemark>
<Placemark><name>P53</name><styleUrl>#s3</styleUrl><ExtendedData><Data name="cpNodeId"><value>n460</value></Data></ExtendedData><Point><coordinates>-97.043529,32.907836,0</coordinates></Point></Placemark>
<Placemark><name>P202</name><styleUrl>#s3</styleUrl><ExtendedData><Data name="cpNodeId"><value>n461</value></Data></ExtendedData><Point><coordinates>-97.034449,32.889088,0</coordinates></Point></Placemark>
<Placemark><name>P112</name><styleUrl>#s3</styleUrl><ExtendedData><Data name="cpNodeId"><value>n462</value></Data></ExtendedData><Point><coordinates>-97.036621,32.900651,0</coordinates></Point></Placemark>
<Placemark><name>P107</name><styleUrl>#s3</styleUrl><ExtendedData><Data name="cpNodeId"><value>n463</value></Data></ExtendedData><Point><coordinates>-97.038221,32.900879,0</coordinates></Point></Placemark>
<Placemark><name>P117</name><styleUrl>#s3</styleUrl><ExtendedData><Data name="cpNodeId"><value>n464</value></Data></ExtendedData><Point><coordinates>-97.035087,32.899243,0</coordinates></Point></Placemark>
<Placemark><name>P181</name><styleUrl>#s3</styleUrl><ExtendedData><Data name="cpNodeId"><value>n465</value></Data></ExtendedData><Point><coordinates>-97.046198,32.89486,0</coordinates></Point></Placemark>
<Placemark><name>P144</name><styleUrl>#s3</styleUrl><ExtendedData><Data name="cpNodeId"><value>n466</value></Data></ExtendedData><Point><coordinates>-97.035082,32.89196,0</coordinates></Point></Placemark>
<Placemark><name>P90</name><styleUrl>#s3</styleUrl><ExtendedData><Data name="cpNodeId"><value>n467</value></Data></ExtendedData><Point><coordinates>-97.03504,32.906332,0</coordinates></Point></Placemark>
<Placemark><name>P96</name><styleUrl>#s3</styleUrl><ExtendedData><Data name="cpNodeId"><value>n468</value></Data></ExtendedData><Point><coordinates>-97.036411,32.907606,0</coordinates></Point></Placemark>
<Placemark><name>P178</name><styleUrl>#s3</styleUrl><ExtendedData><Data name="cpNodeId"><value>n469</value></Data></ExtendedData><Point><coordinates>-97.046184,32.895814,0</coordinates></Point></Placemark>
<Placemark><name>P94</name><styleUrl>#s3</styleUrl><ExtendedData><Data name="cpNodeId"><value>n470</value></Data></ExtendedData><Point><coordinates>-97.035645,32.907044,0</coordinates></Point></Placemark>
<Placemark><name>P70</name><styleUrl>#s3</styleUrl><ExtendedData><Data name="cpNodeId"><value>n471</value></Data></ExtendedData><Point><coordinates>-97.038231,32.901431,0</coordinates></Point></Placemark>
<Placemark><name>P59</name><styleUrl>#s3</styleUrl><ExtendedData><Data name="cpNodeId"><value>n472</value></Data></ExtendedData><Point><coordinates>-97.041899,32.908007,0</coordinates></Point></Placemark>
<Placemark><name>P38</name><styleUrl>#s3</styleUrl><ExtendedData><Data name="cpNodeId"><value>n473</value></Data></ExtendedData><Point><coordinates>-97.046176,32.907624,0</coordinates></Point></Placemark>
<Placemark><name>P54</name><styleUrl>#s3</styleUrl><ExtendedData><Data name="cpNodeId"><value>n474</value></Data></ExtendedData><Point><coordinates>-97.043158,32.907912,0</coordinates></Point></Placemark>
<Placemark><name>P25</name><styleUrl>#s3</styleUrl><ExtendedData><Data name="cpNodeId"><value>n475</value></Data></ExtendedData><Point><coordinates>-97.046077,32.904805,0</coordinates></Point></Placemark>
<Placemark><name>P40</name><styleUrl>#s3</styleUrl><ExtendedData><Data name="cpNodeId"><value>n476</value></Data></ExtendedData><Point><coordinates>-97.045553,32.907699,0</coordinates></Point></Placemark>
<Placemark><name>P72</name><styleUrl>#s3</styleUrl><ExtendedData><Data name="cpNodeId"><value>n477</value></Data></ExtendedData><Point><coordinates>-97.03727,32.901463,0</coordinates></Point></Placemark>
<Placemark><name>P101</name><styleUrl>#s3</styleUrl><ExtendedData><Data name="cpNodeId"><value>n478</value></Data></ExtendedData><Point><coordinates>-97.03843,32.907817,0</coordinates></Point></Placemark>
<Placemark><name>P177</name><styleUrl>#s3</styleUrl><ExtendedData><Data name="cpNodeId"><value>n479</value></Data></ExtendedData><Point><coordinates>-97.046196,32.89592,0</coordinates></Point></Placemark>
<Placemark><name>P123</name><styleUrl>#s3</styleUrl><ExtendedData><Data name="cpNodeId"><value>n480</value></Data></ExtendedData><Point><coordinates>-97.034436,32.897163,0</coordinates></Point></Placemark>
<Placemark><name>P200</name><styleUrl>#s3</styleUrl><ExtendedData><Data name="cpNodeId"><value>n481</value></Data></ExtendedData><Point><coordinates>-97.033733,32.889083,0</coordinates></Point></Placemark>
<Placemark><name>P24</name><styleUrl>#s3</styleUrl><ExtendedData><Data name="cpNodeId"><value>n482</value></Data></ExtendedData><Point><coordinates>-97.046078,32.904608,0</coordinates></Point></Placemark>
<Placemark><name>P51</name><styleUrl>#s3</styleUrl><ExtendedData><Data name="cpNodeId"><value>n483</value></Data></ExtendedData><Point><coordinates>-97.044219,32.907626,0</coordinates></Point></Placemark>
<Placemark><name>P69</name><styleUrl>#s3</styleUrl><ExtendedData><Data name="cpNodeId"><value>n484</value></Data></ExtendedData><Point><coordinates>-97.038628,32.901396,0</coordinates></Point></Placemark>
<Placemark><name>P133</name><styleUrl>#s3</styleUrl><ExtendedData><Data name="cpNodeId"><value>n485</value></Data></ExtendedData><Point><coordinates>-97.0374505,32.8944581,0</coordinates></Point></Placemark>
<Placemark><name>P111</name><styleUrl>#s3</styleUrl><ExtendedData><Data name="cpNodeId"><value>n486</value></Data></ExtendedData><Point><coordinates>-97.037169,32.900679,0</coordinates></Point></Placemark>
<Placemark><name>P141</name><styleUrl>#s3</styleUrl><ExtendedData><Data name="cpNodeId"><value>n487</value></Data></ExtendedData><Point><coordinates>-97.037042,32.893563,0</coordinates></Point></Placemark>
<Placemark><name>P155</name><styleUrl>#s3</styleUrl><ExtendedData><Data name="cpNodeId"><value>n488</value></Data></ExtendedData><Point><coordinates>-97.042541,32.900472,0</coordinates></Point></Placemark>
<Placemark><name>P67</name><styleUrl>#s3</styleUrl><ExtendedData><Data name="cpNodeId"><value>n489</value></Data></ExtendedData><Point><coordinates>-97.041736,32.901172,0</coordinates></Point></Placemark>
<Placemark><name>P95</name><styleUrl>#s3</styleUrl><ExtendedData><Data name="cpNodeId"><value>n490</value></Data></ExtendedData><Point><coordinates>-97.036013,32.907327,0</coordinates></Point></Placemark>
<Placemark><name>P173</name><styleUrl>#s3</styleUrl><ExtendedData><Data name="cpNodeId"><value>n491</value></Data></ExtendedData><Point><coordinates>-97.046177,32.897022,0</coordinates></Point></Placemark>
<Placemark><name>P149</name><styleUrl>#s3</styleUrl><ExtendedData><Data name="cpNodeId"><value>n492</value></Data></ExtendedData><Point><coordinates>-97.036259,32.887654,0</coordinates></Point></Placemark>
<Placemark><name>P43</name><styleUrl>#s3</styleUrl><ExtendedData><Data name="cpNodeId"><value>n493</value></Data></ExtendedData><Point><coordinates>-97.044572,32.907528,0</coordinates></Point></Placemark>
<Placemark><name>P125</name><styleUrl>#s3</styleUrl><ExtendedData><Data name="cpNodeId"><value>n494</value></Data></ExtendedData><Point><coordinates>-97.034745,32.896351,0</coordinates></Point></Placemark>
<Placemark><name>P142</name><styleUrl>#s3</styleUrl><ExtendedData><Data name="cpNodeId"><value>n495</value></Data></ExtendedData><Point><coordinates>-97.036505,32.893349,0</coordinates></Point></Placemark>
<Placemark><name>P208</name><styleUrl>#s3</styleUrl><ExtendedData><Data name="cpNodeId"><value>n496</value></Data></ExtendedData><Point><coordinates>-97.035276,32.887889,0</coordinates></Point></Placemark>
<Placemark><name>P146</name><styleUrl>#s3</styleUrl><ExtendedData><Data name="cpNodeId"><value>n497</value></Data></ExtendedData><Point><coordinates>-97.034776,32.891311,0</coordinates></Point></Placemark>
<Placemark><name>P201</name><styleUrl>#s3</styleUrl><ExtendedData><Data name="cpNodeId"><value>n498</value></Data></ExtendedData><Point><coordinates>-97.033856,32.889088,0</coordinates></Point></Placemark>
<Placemark><name>P81</name><styleUrl>#s3</styleUrl><ExtendedData><Data name="cpNodeId"><value>n499</value></Data></ExtendedData><Point><coordinates>-97.034627,32.903705,0</coordinates></Point></Placemark>
<Placemark><name>P74</name><styleUrl>#s3</styleUrl><ExtendedData><Data name="cpNodeId"><value>n500</value></Data></ExtendedData><Point><coordinates>-97.036388,32.901566,0</coordinates></Point></Placemark>
<Placemark><name>P175</name><styleUrl>#s3</styleUrl><ExtendedData><Data name="cpNodeId"><value>n501</value></Data></ExtendedData><Point><coordinates>-97.046196,32.896494,0</coordinates></Point></Placemark>
<Placemark><name>P195</name><styleUrl>#s3</styleUrl><ExtendedData><Data name="cpNodeId"><value>n502</value></Data></ExtendedData><Point><coordinates>-97.039622,32.89403,0</coordinates></Point></Placemark>
<Placemark><name>P121</name><styleUrl>#s3</styleUrl><ExtendedData><Data name="cpNodeId"><value>n503</value></Data></ExtendedData><Point><coordinates>-97.03456,32.897915,0</coordinates></Point></Placemark>
<Placemark><name>P122</name><styleUrl>#s3</styleUrl><ExtendedData><Data name="cpNodeId"><value>n504</value></Data></ExtendedData><Point><coordinates>-97.034479,32.897546,0</coordinates></Point></Placemark>
<Placemark><name>P58</name><styleUrl>#s3</styleUrl><ExtendedData><Data name="cpNodeId"><value>n505</value></Data></ExtendedData><Point><coordinates>-97.042243,32.908005,0</coordinates></Point></Placemark>
<Placemark><name>P68A</name><styleUrl>#s3</styleUrl><ExtendedData><Data name="cpNodeId"><value>n506</value></Data></ExtendedData><Point><coordinates>-97.039295,32.901158,0</coordinates></Point></Placemark>
<Placemark><name>P129</name><styleUrl>#s3</styleUrl><ExtendedData><Data name="cpNodeId"><value>n507</value></Data></ExtendedData><Point><coordinates>-97.035996,32.894917,0</coordinates></Point></Placemark>
<Placemark><name>P31</name><styleUrl>#s3</styleUrl><ExtendedData><Data name="cpNodeId"><value>n508</value></Data></ExtendedData><Point><coordinates>-97.04551,32.906351,0</coordinates></Point></Placemark>
<Placemark><name>P215</name><styleUrl>#s3</styleUrl><ExtendedData><Data name="cpNodeId"><value>n509</value></Data></ExtendedData><Point><coordinates>-97.034203,32.886897,0</coordinates></Point></Placemark>
<Placemark><name>P119</name><styleUrl>#s3</styleUrl><ExtendedData><Data name="cpNodeId"><value>n510</value></Data></ExtendedData><Point><coordinates>-97.034673,32.898453,0</coordinates></Point></Placemark>
<Placemark><name>P213</name><styleUrl>#s3</styleUrl><ExtendedData><Data name="cpNodeId"><value>n511</value></Data></ExtendedData><Point><coordinates>-97.03505,32.886757,0</coordinates></Point></Placemark>
<Placemark><name>P48</name><styleUrl>#s3</styleUrl><ExtendedData><Data name="cpNodeId"><value>n512</value></Data></ExtendedData><Point><coordinates>-97.044694,32.906687,0</coordinates></Point></Placemark>
<Placemark><name>P8</name><styleUrl>#s3</styleUrl><ExtendedData><Data name="cpNodeId"><value>n513</value></Data></ExtendedData><Point><coordinates>-97.043222,32.901636,0</coordinates></Point></Placemark>
<Placemark><name>P4</name><styleUrl>#s3</styleUrl><ExtendedData><Data name="cpNodeId"><value>n514</value></Data></ExtendedData><Point><coordinates>-97.042431,32.901577,0</coordinates></Point></Placemark>
<Placemark><name>P41</name><styleUrl>#s3</styleUrl><ExtendedData><Data name="cpNodeId"><value>n515</value></Data></ExtendedData><Point><coordinates>-97.045246,32.907688,0</coordinates></Point></Placemark>
<Placemark><name>P145</name><styleUrl>#s3</styleUrl><ExtendedData><Data name="cpNodeId"><value>n516</value></Data></ExtendedData><Point><coordinates>-97.034818,32.891454,0</coordinates></Point></Placemark>
<Placemark><name>P118</name><styleUrl>#s3</styleUrl><ExtendedData><Data name="cpNodeId"><value>n517</value></Data></ExtendedData><Point><coordinates>-97.034802,32.898942,0</coordinates></Point></Placemark>
<Placemark><name>P211</name><styleUrl>#s3</styleUrl><ExtendedData><Data name="cpNodeId"><value>n518</value></Data></ExtendedData><Point><coordinates>-97.035669,32.887354,0</coordinates></Point></Placemark>
<Placemark><name>P30</name><styleUrl>#s3</styleUrl><ExtendedData><Data name="cpNodeId"><value>n519</value></Data></ExtendedData><Point><coordinates>-97.045691,32.906098,0</coordinates></Point></Placemark>
<Placemark><name>P138</name><styleUrl>#s3</styleUrl><ExtendedData><Data name="cpNodeId"><value>n520</value></Data></ExtendedData><Point><coordinates>-97.039098,32.894309,0</coordinates></Point></Placemark>
<Placemark><name>P3</name><styleUrl>#s3</styleUrl><ExtendedData><Data name="cpNodeId"><value>n521</value></Data></ExtendedData><Point><coordinates>-97.042743,32.901488,0</coordinates></Point></Placemark>
<Placemark><name>P52</name><styleUrl>#s3</styleUrl><ExtendedData><Data name="cpNodeId"><value>n522</value></Data></ExtendedData><Point><coordinates>-97.043836,32.907757,0</coordinates></Point></Placemark>
<Placemark><name>P66A</name><styleUrl>#s3</styleUrl><ExtendedData><Data name="cpNodeId"><value>n523</value></Data></ExtendedData><Point><coordinates>-97.041655,32.902118,0</coordinates></Point></Placemark>
<Placemark><name>P159</name><styleUrl>#s3</styleUrl><ExtendedData><Data name="cpNodeId"><value>n524</value></Data></ExtendedData><Point><coordinates>-97.044968,32.900502,0</coordinates></Point></Placemark>
<Placemark><name>P56</name><styleUrl>#s3</styleUrl><ExtendedData><Data name="cpNodeId"><value>n525</value></Data></ExtendedData><Point><coordinates>-97.042662,32.907988,0</coordinates></Point></Placemark>
<Placemark><name>P152</name><styleUrl>#s3</styleUrl><ExtendedData><Data name="cpNodeId"><value>n526</value></Data></ExtendedData><Point><coordinates>-97.03768,32.887194,0</coordinates></Point></Placemark>
<Placemark><name>P147</name><styleUrl>#s3</styleUrl><ExtendedData><Data name="cpNodeId"><value>n527</value></Data></ExtendedData><Point><coordinates>-97.034722,32.890389,0</coordinates></Point></Placemark>
<Placemark><name>P143</name><styleUrl>#s3</styleUrl><ExtendedData><Data name="cpNodeId"><value>n528</value></Data></ExtendedData><Point><coordinates>-97.035477,32.892497,0</coordinates></Point></Placemark>
<Placemark><name>P140</name><styleUrl>#s3</styleUrl><ExtendedData><Data name="cpNodeId"><value>n529</value></Data></ExtendedData><Point><coordinates>-97.037536,32.893696,0</coordinates></Point></Placemark>
<Placemark><name>P165</name><styleUrl>#s3</styleUrl><ExtendedData><Data name="cpNodeId"><value>n530</value></Data></ExtendedData><Point><coordinates>-97.046174,32.899157,0</coordinates></Point></Placemark>
<Placemark><name>P87</name><styleUrl>#s3</styleUrl><ExtendedData><Data name="cpNodeId"><value>n531</value></Data></ExtendedData><Point><coordinates>-97.034559,32.905457,0</coordinates></Point></Placemark>
<Placemark><name>P45</name><styleUrl>#s3</styleUrl><ExtendedData><Data name="cpNodeId"><value>n532</value></Data></ExtendedData><Point><coordinates>-97.044494,32.906827,0</coordinates></Point></Placemark>
<Placemark><name>P190</name><styleUrl>#s3</styleUrl><ExtendedData><Data name="cpNodeId"><value>n533</value></Data></ExtendedData><Point><coordinates>-97.042886,32.894739,0</coordinates></Point></Placemark>
<Placemark><name>P71</name><styleUrl>#s3</styleUrl><ExtendedData><Data name="cpNodeId"><value>n534</value></Data></ExtendedData><Point><coordinates>-97.037718,32.901438,0</coordinates></Point></Placemark>
<Placemark><name>P216</name><styleUrl>#s3</styleUrl><ExtendedData><Data name="cpNodeId"><value>n535</value></Data></ExtendedData><Point><coordinates>-97.033971,32.887197,0</coordinates></Point></Placemark>
<Placemark><name>P196</name><styleUrl>#s3</styleUrl><ExtendedData><Data name="cpNodeId"><value>n536</value></Data></ExtendedData><Point><coordinates>-97.039292,32.89421,0</coordinates></Point></Placemark>
<Placemark><name>P187</name><styleUrl>#s3</styleUrl><ExtendedData><Data name="cpNodeId"><value>n537</value></Data></ExtendedData><Point><coordinates>-97.043998,32.894739,0</coordinates></Point></Placemark>
<Placemark><name>P186</name><styleUrl>#s3</styleUrl><ExtendedData><Data name="cpNodeId"><value>n538</value></Data></ExtendedData><Point><coordinates>-97.044578,32.894728,0</coordinates></Point></Placemark>
<Placemark><name>P105</name><styleUrl>#s3</styleUrl><ExtendedData><Data name="cpNodeId"><value>n539</value></Data></ExtendedData><Point><coordinates>-97.038932,32.900924,0</coordinates></Point></Placemark>
<Placemark><name>P19</name><styleUrl>#s3</styleUrl><ExtendedData><Data name="cpNodeId"><value>n540</value></Data></ExtendedData><Point><coordinates>-97.045701,32.90337,0</coordinates></Point></Placemark>
<Placemark><name>P300</name><styleUrl>#s3</styleUrl><ExtendedData><Data name="cpNodeId"><value>n541</value></Data></ExtendedData><Point><coordinates>-97.0343,32.90657,0</coordinates></Point></Placemark>
<Placemark><name>P301</name><styleUrl>#s3</styleUrl><ExtendedData><Data name="cpNodeId"><value>n542</value></Data></ExtendedData><Point><coordinates>-97.03428,32.90587,0</coordinates></Point></Placemark>
<Placemark><name>P302</name><styleUrl>#s3</styleUrl><ExtendedData><Data name="cpNodeId"><value>n543</value></Data></ExtendedData><Point><coordinates>-97.0354057,32.8945511,0</coordinates></Point></Placemark>
<Placemark><name>P303</name><styleUrl>#s3</styleUrl><ExtendedData><Data name="cpNodeId"><value>n544</value></Data></ExtendedData><Point><coordinates>-97.0348446,32.8953517,0</coordinates></Point></Placemark>
<Placemark><name>P304</name><styleUrl>#s3</styleUrl><ExtendedData><Data name="cpNodeId"><value>n545</value></Data></ExtendedData><Point><coordinates>-97.03489,32.89614,0</coordinates></Point></Placemark>
<Placemark><name>P305</name><styleUrl>#s3</styleUrl><ExtendedData><Data name="cpNodeId"><value>n546</value></Data></ExtendedData><Point><coordinates>-97.0353435,32.8947256,0</coordinates></Point></Placemark>
<Placemark><name>P306</name><styleUrl>#s3</styleUrl><ExtendedData><Data name="cpNodeId"><value>n547</value></Data></ExtendedData><Point><coordinates>-97.035095,32.8949815,0</coordinates></Point></Placemark>
<Placemark><name>P307</name><styleUrl>#s3</styleUrl><ExtendedData><Data name="cpNodeId"><value>n548</value></Data></ExtendedData><Point><coordinates>-97.0348966,32.8951482,0</coordinates></Point></Placemark>
<Placemark><name>P308</name><styleUrl>#s3</styleUrl><ExtendedData><Data name="cpNodeId"><value>n549</value></Data></ExtendedData><Point><coordinates>-97.0359245,32.8945375,0</coordinates></Point></Placemark>
<Placemark><name>E31</name><styleUrl>#s4</styleUrl><ExtendedData><Data name="cpNodeId"><value>n550</value></Data></ExtendedData><Point><coordinates>-97.03584,32.88845,0</coordinates></Point></Placemark>
<Placemark><name>E32</name><styleUrl>#s4</styleUrl><ExtendedData><Data name="cpNodeId"><value>n551</value></Data></ExtendedData><Point><coordinates>-97.03614,32.88814,0</coordinates></Point></Placemark>
<Placemark><name>E33</name><styleUrl>#s4</styleUrl><ExtendedData><Data name="cpNodeId"><value>n552</value></Data></ExtendedData><Point><coordinates>-97.03647,32.88788,0</coordinates></Point></Placemark>
<Placemark><name>P309</name><styleUrl>#s3</styleUrl><ExtendedData><Data name="cpNodeId"><value>n553</value></Data></ExtendedData><Point><coordinates>-97.03596517043269,32.88793981603365,0</coordinates></Point></Placemark>
<Placemark><name>P310</name><styleUrl>#s3</styleUrl><ExtendedData><Data name="cpNodeId"><value>n554</value></Data></ExtendedData><Point><coordinates>-97.03565761694668,32.88823898169732,0</coordinates></Point></Placemark>
</Folder>
<Folder><name>Paths</name>
<Placemark><name>9XCART↔D10</name><description>9XCART -&gt; D10 (83.2 m)</description><styleUrl>#s5</styleUrl><ExtendedData><Data name="cpFrom"><value>n14</value></Data><Data name="cpTo"><value>n259</value></Data></ExtendedData><LineString><tessellate>1</tessellate><coordinates>-97.04339,32.89569,0 -97.0432002,32.894959,0</coordinates></LineString></Placemark>
<Placemark><name>9XCART↔D10A</name><description>9XCART -&gt; D10A (81.5 m)</description><styleUrl>#s5</styleUrl><ExtendedData><Data name="cpFrom"><value>n14</value></Data><Data name="cpTo"><value>n260</value></Data></ExtendedData><LineString><tessellate>1</tessellate><coordinates>-97.04339,32.89569,0 -97.0431265,32.8949917,0</coordinates></LineString></Placemark>
<Placemark><name>9XCART↔D10X</name><description>9XCART -&gt; D10X (73.8 m)</description><styleUrl>#s5</styleUrl><ExtendedData><Data name="cpFrom"><value>n14</value></Data><Data name="cpTo"><value>n262</value></Data></ExtendedData><LineString><tessellate>1</tessellate><coordinates>-97.04339,32.89569,0 -97.043195,32.895047,0</coordinates></LineString></Placemark>
<Placemark><name>9XCART↔D10B</name><description>9XCART -&gt; D10B (89.1 m)</description><styleUrl>#s5</styleUrl><ExtendedData><Data name="cpFrom"><value>n14</value></Data><Data name="cpTo"><value>n261</value></Data></ExtendedData><LineString><tessellate>1</tessellate><coordinates>-97.04339,32.89569,0 -97.0431265,32.8949196,0</coordinates></LineString></Placemark>
<Placemark><name>9XCART↔D-XFER</name><description>9XCART -&gt; D-XFER (71.1 m)</description><styleUrl>#s5</styleUrl><ExtendedData><Data name="cpFrom"><value>n14</value></Data><Data name="cpTo"><value>n54</value></Data></ExtendedData><LineString><tessellate>1</tessellate><coordinates>-97.04339,32.89569,0 -97.042634,32.895766,0</coordinates></LineString></Placemark>
<Placemark><name>A8↔A-LOW</name><description>A8 -&gt; A-LOW (47.2 m)</description><styleUrl>#s5</styleUrl><ExtendedData><Data name="cpFrom"><value>n110</value></Data><Data name="cpTo"><value>n16</value></Data></ExtendedData><LineString><tessellate>1</tessellate><coordinates>-97.036993,32.907538,0 -97.037084,32.90712,0</coordinates></LineString></Placemark>
<Placemark><name>A13↔A-LOW</name><description>A13 -&gt; A-LOW (47.2 m)</description><styleUrl>#s5</styleUrl><ExtendedData><Data name="cpFrom"><value>n112</value></Data><Data name="cpTo"><value>n16</value></Data></ExtendedData><LineString><tessellate>1</tessellate><coordinates>-97.036993,32.907538,0 -97.037084,32.90712,0</coordinates></LineString></Placemark>
<Placemark><name>A15↔CLAIMA15</name><description>A15 -&gt; CLAIMA15 (62.2 m)</description><styleUrl>#s5</styleUrl><ExtendedData><Data name="cpFrom"><value>n81</value></Data><Data name="cpTo"><value>n28</value></Data></ExtendedData><LineString><tessellate>1</tessellate><coordinates>-97.036213,32.907116,0 -97.036726,32.906759,0</coordinates></LineString></Placemark>
<Placemark><name>A16↔CLAIMA16</name><description>A16 -&gt; CLAIMA16 (55.4 m)</description><styleUrl>#s5</styleUrl><ExtendedData><Data name="cpFrom"><value>n82</value></Data><Data name="cpTo"><value>n29</value></Data></ExtendedData><LineString><tessellate>1</tessellate><coordinates>-97.035879,32.906801,0 -97.036215,32.90639,0</coordinates></LineString></Placemark>
<Placemark><name>A16↔CLAIMA17</name><description>A16 -&gt; CLAIMA17 (55.4 m)</description><styleUrl>#s5</styleUrl><ExtendedData><Data name="cpFrom"><value>n82</value></Data><Data name="cpTo"><value>n30</value></Data></ExtendedData><LineString><tessellate>1</tessellate><coordinates>-97.035879,32.906801,0 -97.036215,32.90639,0</coordinates></LineString></Placemark>
<Placemark><name>A28↔CLAIMA28</name><description>A28 -&gt; CLAIMA28 (102.5 m)</description><styleUrl>#s5</styleUrl><ExtendedData><Data name="cpFrom"><value>n97</value></Data><Data name="cpTo"><value>n31</value></Data></ExtendedData><LineString><tessellate>1</tessellate><coordinates>-97.035457,32.902951,0 -97.036541,32.902805,0</coordinates></LineString></Placemark>
<Placemark><name>A29↔CLAIMA29</name><description>A29 -&gt; CLAIMA29 (80.6 m)</description><styleUrl>#s5</styleUrl><ExtendedData><Data name="cpFrom"><value>n98</value></Data><Data name="cpTo"><value>n32</value></Data></ExtendedData><LineString><tessellate>1</tessellate><coordinates>-97.035721,32.902577,0 -97.036541,32.902805,0</coordinates></LineString></Placemark>
<Placemark><name>A39↔BAGRMA</name><description>A39 -&gt; BAGRMA (42.5 m)</description><styleUrl>#s5</styleUrl><ExtendedData><Data name="cpFrom"><value>n105</value></Data><Data name="cpTo"><value>n17</value></Data></ExtendedData><LineString><tessellate>1</tessellate><coordinates>-97.038724,32.901669,0 -97.038542,32.902019,0</coordinates></LineString></Placemark>
<Placemark><name>A4↔P103</name><description>A4 -&gt; P103 (44.7 m)</description><styleUrl>#s5</styleUrl><ExtendedData><Data name="cpFrom"><value>n106</value></Data><Data name="cpTo"><value>n442</value></Data></ExtendedData><LineString><tessellate>1</tessellate><coordinates>-97.038844,32.907835,0 -97.038543,32.908148,0</coordinates></LineString></Placemark>
<Placemark><name>XFRBLL↔B10</name><description>XFRBLL -&gt; B10 (0.0 m)</description><styleUrl>#s5</styleUrl><ExtendedData><Data name="cpFrom"><value>n75</value></Data><Data name="cpTo"><value>n114</value></Data></ExtendedData><LineString><tessellate>1</tessellate><coordinates>-97.044067,32.902136,0 -97.044067,32.902136,0</coordinates></LineString></Placemark>
<Placemark><name>B10A↔P12</name><description>B10A -&gt; P12 (29.8 m)</description><styleUrl>#s5</styleUrl><ExtendedData><Data name="cpFrom"><value>n115</value></Data><Data name="cpTo"><value>n346</value></Data></ExtendedData><LineString><tessellate>1</tessellate><coordinates>-97.044067,32.902136,0 -97.044315,32.901967,0</coordinates></LineString></Placemark>
<Placemark><name>B12↔B12A</name><description>B12 -&gt; B12A (0.0 m)</description><styleUrl>#s5</styleUrl><ExtendedData><Data name="cpFrom"><value>n118</value></Data><Data name="cpTo"><value>n119</value></Data></ExtendedData><LineString><tessellate>1</tessellate><coordinates>-97.044799,32.902643,0 -97.044799,32.902643,0</coordinates></LineString></Placemark>
<Placemark><name>B12↔P15</name><description>B12 -&gt; P15 (24.3 m)</description><styleUrl>#s5</styleUrl><ExtendedData><Data name="cpFrom"><value>n118</value></Data><Data name="cpTo"><value>n367</value></Data></ExtendedData><LineString><tessellate>1</tessellate><coordinates>-97.044799,32.902643,0 -97.045007,32.902512,0</coordinates></LineString></Placemark>
<Placemark><name>B21↔P25</name><description>B21 -&gt; P25 (20.8 m)</description><styleUrl>#s5</styleUrl><ExtendedData><Data name="cpFrom"><value>n139</value></Data><Data name="cpTo"><value>n475</value></Data></ExtendedData><LineString><tessellate>1</tessellate><coordinates>-97.045854,32.904812,0 -97.046077,32.904805,0</coordinates></LineString></Placemark>
<Placemark><name>B29↔P49</name><description>B29 -&gt; P49 (34.2 m)</description><styleUrl>#s5</styleUrl><ExtendedData><Data name="cpFrom"><value>n149</value></Data><Data name="cpTo"><value>n331</value></Data></ExtendedData><LineString><tessellate>1</tessellate><coordinates>-97.044711,32.906601,0 -97.045063,32.906685,0</coordinates></LineString></Placemark>
<Placemark><name>B39↔B39A</name><description>B39 -&gt; B39A (0.0 m)</description><styleUrl>#s5</styleUrl><ExtendedData><Data name="cpFrom"><value>n160</value></Data><Data name="cpTo"><value>n161</value></Data></ExtendedData><LineString><tessellate>1</tessellate><coordinates>-97.046197,32.907316,0 -97.046197,32.907316,0</coordinates></LineString></Placemark>
<Placemark><name>B39↔P37</name><description>B39 -&gt; P37 (17.3 m)</description><styleUrl>#s5</styleUrl><ExtendedData><Data name="cpFrom"><value>n160</value></Data><Data name="cpTo"><value>n375</value></Data></ExtendedData><LineString><tessellate>1</tessellate><coordinates>-97.046197,32.907316,0 -97.046369,32.907374,0</coordinates></LineString></Placemark>
<Placemark><name>B4↔B4A</name><description>B4 -&gt; B4A (0.0 m)</description><styleUrl>#s5</styleUrl><ExtendedData><Data name="cpFrom"><value>n164</value></Data><Data name="cpTo"><value>n175</value></Data></ExtendedData><LineString><tessellate>1</tessellate><coordinates>-97.042431,32.901757,0 -97.042431,32.901757,0</coordinates></LineString></Placemark>
<Placemark><name>B4B↔P4</name><description>B4B -&gt; P4 (20.0 m)</description><styleUrl>#s5</styleUrl><ExtendedData><Data name="cpFrom"><value>n176</value></Data><Data name="cpTo"><value>n514</value></Data></ExtendedData><LineString><tessellate>1</tessellate><coordinates>-97.042431,32.901757,0 -97.042431,32.901577,0</coordinates></LineString></Placemark>
<Placemark><name>B5↔B4</name><description>B5 -&gt; B4 (0.0 m)</description><styleUrl>#s5</styleUrl><ExtendedData><Data name="cpFrom"><value>n177</value></Data><Data name="cpTo"><value>n164</value></Data></ExtendedData><LineString><tessellate>1</tessellate><coordinates>-97.042431,32.901757,0 -97.042431,32.901757,0</coordinates></LineString></Placemark>
<Placemark><name>B4A↔P4</name><description>B4A -&gt; P4 (20.0 m)</description><styleUrl>#s5</styleUrl><ExtendedData><Data name="cpFrom"><value>n175</value></Data><Data name="cpTo"><value>n514</value></Data></ExtendedData><LineString><tessellate>1</tessellate><coordinates>-97.042431,32.901757,0 -97.042431,32.901577,0</coordinates></LineString></Placemark>
<Placemark><name>B4B↔B5</name><description>B4B -&gt; B5 (0.0 m)</description><styleUrl>#s5</styleUrl><ExtendedData><Data name="cpFrom"><value>n176</value></Data><Data name="cpTo"><value>n177</value></Data></ExtendedData><LineString><tessellate>1</tessellate><coordinates>-97.042431,32.901757,0 -97.042431,32.901757,0</coordinates></LineString></Placemark>
<Placemark><name>B4↔P4</name><description>B4 -&gt; P4 (20.0 m)</description><styleUrl>#s5</styleUrl><ExtendedData><Data name="cpFrom"><value>n164</value></Data><Data name="cpTo"><value>n514</value></Data></ExtendedData><LineString><tessellate>1</tessellate><coordinates>-97.042431,32.901757,0 -97.042431,32.901577,0</coordinates></LineString></Placemark>
<Placemark><name>B6↔P6</name><description>B6 -&gt; P6 (24.1 m)</description><styleUrl>#s5</styleUrl><ExtendedData><Data name="cpFrom"><value>n178</value></Data><Data name="cpTo"><value>n406</value></Data></ExtendedData><LineString><tessellate>1</tessellate><coordinates>-97.042703,32.901823,0 -97.042591,32.901628,0</coordinates></LineString></Placemark>
<Placemark><name>B9↔B9A</name><description>B9 -&gt; B9A (0.0 m)</description><styleUrl>#s5</styleUrl><ExtendedData><Data name="cpFrom"><value>n181</value></Data><Data name="cpTo"><value>n182</value></Data></ExtendedData><LineString><tessellate>1</tessellate><coordinates>-97.043422,32.901951,0 -97.043422,32.901951,0</coordinates></LineString></Placemark>
<Placemark><name>B9↔P9</name><description>B9 -&gt; P9 (34.6 m)</description><styleUrl>#s5</styleUrl><ExtendedData><Data name="cpFrom"><value>n181</value></Data><Data name="cpTo"><value>n393</value></Data></ExtendedData><LineString><tessellate>1</tessellate><coordinates>-97.043422,32.901951,0 -97.043529,32.901653,0</coordinates></LineString></Placemark>
<Placemark><name>P132↔P133</name><description>P132 -&gt; P133 (50.1 m)</description><styleUrl>#s5</styleUrl><ExtendedData><Data name="cpFrom"><value>n407</value></Data><Data name="cpTo"><value>n485</value></Data></ExtendedData><LineString><tessellate>1</tessellate><coordinates>-97.0369141,32.8944786,0 -97.0374505,32.8944581,0</coordinates></LineString></Placemark>
<Placemark><name>P303↔P304</name><description>P303 -&gt; P304 (87.8 m)</description><styleUrl>#s5</styleUrl><ExtendedData><Data name="cpFrom"><value>n544</value></Data><Data name="cpTo"><value>n545</value></Data></ExtendedData><LineString><tessellate>1</tessellate><coordinates>-97.0348446,32.8953517,0 -97.03489,32.89614,0</coordinates></LineString></Placemark>
<Placemark><name>P303↔C28</name><description>P303 -&gt; C28 (19.4 m)</description><styleUrl>#s5</styleUrl><ExtendedData><Data name="cpFrom"><value>n544</value></Data><Data name="cpTo"><value>n241</value></Data></ExtendedData><LineString><tessellate>1</tessellate><coordinates>-97.0348446,32.8953517,0 -97.0346851,32.8952402,0</coordinates></LineString></Placemark>
<Placemark><name>P305↔P302</name><description>P305 -&gt; P302 (20.3 m)</description><styleUrl>#s5</styleUrl><ExtendedData><Data name="cpFrom"><value>n546</value></Data><Data name="cpTo"><value>n543</value></Data></ExtendedData><LineString><tessellate>1</tessellate><coordinates>-97.0353435,32.8947256,0 -97.0354057,32.8945511,0</coordinates></LineString></Placemark>
<Placemark><name>P302↔C31</name><description>P302 -&gt; C31 (17.0 m)</description><styleUrl>#s5</styleUrl><ExtendedData><Data name="cpFrom"><value>n543</value></Data><Data name="cpTo"><value>n245</value></Data></ExtendedData><LineString><tessellate>1</tessellate><coordinates>-97.0354057,32.8945511,0 -97.0353428,32.8944076,0</coordinates></LineString></Placemark>
<Placemark><name>P305↔P306</name><description>P305 -&gt; P306 (36.7 m)</description><styleUrl>#s5</styleUrl><ExtendedData><Data name="cpFrom"><value>n546</value></Data><Data name="cpTo"><value>n547</value></Data></ExtendedData><LineString><tessellate>1</tessellate><coordinates>-97.0353435,32.8947256,0 -97.035095,32.8949815,0</coordinates></LineString></Placemark>
<Placemark><name>P306↔C30</name><description>P306 -&gt; C30 (35.3 m)</description><styleUrl>#s5</styleUrl><ExtendedData><Data name="cpFrom"><value>n547</value></Data><Data name="cpTo"><value>n244</value></Data></ExtendedData><LineString><tessellate>1</tessellate><coordinates>-97.035095,32.8949815,0 -97.0349783,32.8946796,0</coordinates></LineString></Placemark>
<Placemark><name>P306↔P307</name><description>P306 -&gt; P307 (26.2 m)</description><styleUrl>#s5</styleUrl><ExtendedData><Data name="cpFrom"><value>n547</value></Data><Data name="cpTo"><value>n548</value></Data></ExtendedData><LineString><tessellate>1</tessellate><coordinates>-97.035095,32.8949815,0 -97.0348966,32.8951482,0</coordinates></LineString></Placemark>
<Placemark><name>P307↔C29</name><description>P307 -&gt; C29 (24.6 m)</description><styleUrl>#s5</styleUrl><ExtendedData><Data name="cpFrom"><value>n548</value></Data><Data name="cpTo"><value>n242</value></Data></ExtendedData><LineString><tessellate>1</tessellate><coordinates>-97.0348966,32.8951482,0 -97.0347299,32.894977,0</coordinates></LineString></Placemark>
<Placemark><name>P307↔P303</name><description>P307 -&gt; P303 (23.1 m)</description><styleUrl>#s5</styleUrl><ExtendedData><Data name="cpFrom"><value>n548</value></Data><Data name="cpTo"><value>n544</value></Data></ExtendedData><LineString><tessellate>1</tessellate><coordinates>-97.0348966,32.8951482,0 -97.0348446,32.8953517,0</coordinates></LineString></Placemark>
<Placemark><name>P126↔P304</name><description>P126 -&gt; P304 (23.8 m)</description><styleUrl>#s5</styleUrl><ExtendedData><Data name="cpFrom"><value>n359</value></Data><Data name="cpTo"><value>n545</value></Data></ExtendedData><LineString><tessellate>1</tessellate><coordinates>-97.035046,32.895971,0 -97.03489,32.89614,0</coordinates></LineString></Placemark>
<Placemark><name>P304↔P125</name><description>P304 -&gt; P125 (27.1 m)</description><styleUrl>#s5</styleUrl><ExtendedData><Data name="cpFrom"><value>n545</value></Data><Data name="cpTo"><value>n494</value></Data></ExtendedData><LineString><tessellate>1</tessellate><coordinates>-97.03489,32.89614,0 -97.034745,32.896351,0</coordinates></LineString></Placemark>
<Placemark><name>BAGRMA↔A-HIGH</name><description>BAGRMA -&gt; A-HIGH (0.0 m)</description><styleUrl>#s5</styleUrl><ExtendedData><Data name="cpFrom"><value>n17</value></Data><Data name="cpTo"><value>n15</value></Data></ExtendedData><LineString><tessellate>1</tessellate><coordinates>-97.038542,32.902019,0 -97.038542,32.902019,0</coordinates></LineString></Placemark>
<Placemark><name>BAGRMB↔CLAIMB29</name><description>BAGRMB -&gt; CLAIMB29 (56.8 m)</description><styleUrl>#s5</styleUrl><ExtendedData><Data name="cpFrom"><value>n18</value></Data><Data name="cpTo"><value>n34</value></Data></ExtendedData><LineString><tessellate>1</tessellate><coordinates>-97.04491,32.90587,0 -97.044694,32.906348,0</coordinates></LineString></Placemark>
<Placemark><name>BAGRMB4↔B4</name><description>BAGRMB4 -&gt; B4 (41.3 m)</description><styleUrl>#s5</styleUrl><ExtendedData><Data name="cpFrom"><value>n19</value></Data><Data name="cpTo"><value>n164</value></Data></ExtendedData><LineString><tessellate>1</tessellate><coordinates>-97.042107,32.90201,0 -97.042431,32.901757,0</coordinates></LineString></Placemark>
<Placemark><name>BAGRMD↔D-LOW</name><description>BAGRMD -&gt; D-LOW (0.0 m)</description><styleUrl>#s5</styleUrl><ExtendedData><Data name="cpFrom"><value>n21</value></Data><Data name="cpTo"><value>n52</value></Data></ExtendedData><LineString><tessellate>1</tessellate><coordinates>-97.042468,32.89556,0 -97.042468,32.89556,0</coordinates></LineString></Placemark>
<Placemark><name>BAGRME↔P149</name><description>BAGRME -&gt; P149 (153.6 m)</description><styleUrl>#s5</styleUrl><ExtendedData><Data name="cpFrom"><value>n24</value></Data><Data name="cpTo"><value>n492</value></Data></ExtendedData><LineString><tessellate>1</tessellate><coordinates>-97.03788,32.88789,0 -97.036259,32.887654,0</coordinates></LineString></Placemark>
<Placemark><name>C10↔C-LOW</name><description>C10 -&gt; C-LOW (50.0 m)</description><styleUrl>#s5</styleUrl><ExtendedData><Data name="cpFrom"><value>n223</value></Data><Data name="cpTo"><value>n26</value></Data></ExtendedData><LineString><tessellate>1</tessellate><coordinates>-97.036389,32.90016,0 -97.036514,32.899723,0</coordinates></LineString></Placemark>
<Placemark><name>C12↔CLAIMC12</name><description>C12 -&gt; CLAIMC12 (74.5 m)</description><styleUrl>#s5</styleUrl><ExtendedData><Data name="cpFrom"><value>n225</value></Data><Data name="cpTo"><value>n37</value></Data></ExtendedData><LineString><tessellate>1</tessellate><coordinates>-97.035814,32.899661,0 -97.036308,32.899135,0</coordinates></LineString></Placemark>
<Placemark><name>C15↔CLAIMC15</name><description>C15 -&gt; CLAIMC15 (81.1 m)</description><styleUrl>#s5</styleUrl><ExtendedData><Data name="cpFrom"><value>n227</value></Data><Data name="cpTo"><value>n38</value></Data></ExtendedData><LineString><tessellate>1</tessellate><coordinates>-97.035329,32.899056,0 -97.036098,32.898716,0</coordinates></LineString></Placemark>
<Placemark><name>C18↔BAGRMC</name><description>C18 -&gt; BAGRMC (32.8 m)</description><styleUrl>#s5</styleUrl><ExtendedData><Data name="cpFrom"><value>n230</value></Data><Data name="cpTo"><value>n20</value></Data></ExtendedData><LineString><tessellate>1</tessellate><coordinates>-97.035128,32.898283,0 -97.035438,32.898144,0</coordinates></LineString></Placemark>
<Placemark><name>C18↔C-MID</name><description>C18 -&gt; C-MID (32.8 m)</description><styleUrl>#s5</styleUrl><ExtendedData><Data name="cpFrom"><value>n230</value></Data><Data name="cpTo"><value>n27</value></Data></ExtendedData><LineString><tessellate>1</tessellate><coordinates>-97.035128,32.898283,0 -97.035438,32.898144,0</coordinates></LineString></Placemark>
<Placemark><name>C18↔P120</name><description>C18 -&gt; P120 (44.7 m)</description><styleUrl>#s5</styleUrl><ExtendedData><Data name="cpFrom"><value>n230</value></Data><Data name="cpTo"><value>n353</value></Data></ExtendedData><LineString><tessellate>1</tessellate><coordinates>-97.035128,32.898283,0 -97.034651,32.898316,0</coordinates></LineString></Placemark>
<Placemark><name>C19↔BAGRMC</name><description>C19 -&gt; BAGRMC (41.0 m)</description><styleUrl>#s5</styleUrl><ExtendedData><Data name="cpFrom"><value>n231</value></Data><Data name="cpTo"><value>n20</value></Data></ExtendedData><LineString><tessellate>1</tessellate><coordinates>-97.034999,32.898153,0 -97.035438,32.898144,0</coordinates></LineString></Placemark>
<Placemark><name>C19↔C-MID</name><description>C19 -&gt; C-MID (41.0 m)</description><styleUrl>#s5</styleUrl><ExtendedData><Data name="cpFrom"><value>n231</value></Data><Data name="cpTo"><value>n27</value></Data></ExtendedData><LineString><tessellate>1</tessellate><coordinates>-97.034999,32.898153,0 -97.035438,32.898144,0</coordinates></LineString></Placemark>
<Placemark><name>C25↔CLAIMC25</name><description>C25 -&gt; CLAIMC25 (84.8 m)</description><styleUrl>#s5</styleUrl><ExtendedData><Data name="cpFrom"><value>n238</value></Data><Data name="cpTo"><value>n39</value></Data></ExtendedData><LineString><tessellate>1</tessellate><coordinates>-97.035096,32.896616,0 -97.035929,32.89692,0</coordinates></LineString></Placemark>
<Placemark><name>C25↔P125</name><description>C25 -&gt; P125 (44.1 m)</description><styleUrl>#s5</styleUrl><ExtendedData><Data name="cpFrom"><value>n238</value></Data><Data name="cpTo"><value>n494</value></Data></ExtendedData><LineString><tessellate>1</tessellate><coordinates>-97.035096,32.896616,0 -97.034745,32.896351,0</coordinates></LineString></Placemark>
<Placemark><name>C26↔CLAIMC26</name><description>C26 -&gt; CLAIMC26 (94.3 m)</description><styleUrl>#s5</styleUrl><ExtendedData><Data name="cpFrom"><value>n239</value></Data><Data name="cpTo"><value>n40</value></Data></ExtendedData><LineString><tessellate>1</tessellate><coordinates>-97.035002,32.896427,0 -97.035959,32.896698,0</coordinates></LineString></Placemark>
<Placemark><name>P128↔C-HIGH</name><description>P128 -&gt; C-HIGH (56.6 m)</description><styleUrl>#s5</styleUrl><ExtendedData><Data name="cpFrom"><value>n408</value></Data><Data name="cpTo"><value>n25</value></Data></ExtendedData><LineString><tessellate>1</tessellate><coordinates>-97.035701,32.895297,0 -97.036141,32.895647,0</coordinates></LineString></Placemark>
<Placemark><name>C3↔P107</name><description>C3 -&gt; P107 (52.4 m)</description><styleUrl>#s5</styleUrl><ExtendedData><Data name="cpFrom"><value>n243</value></Data><Data name="cpTo"><value>n463</value></Data></ExtendedData><LineString><tessellate>1</tessellate><coordinates>-97.038324,32.900416,0 -97.038221,32.900879,0</coordinates></LineString></Placemark>
<Placemark><name>P129↔CLAIMC31</name><description>P129 -&gt; CLAIMC31 (120.8 m)</description><styleUrl>#s5</styleUrl><ExtendedData><Data name="cpFrom"><value>n507</value></Data><Data name="cpTo"><value>n41</value></Data></ExtendedData><LineString><tessellate>1</tessellate><coordinates>-97.035996,32.894917,0 -97.037162,32.895388,0</coordinates></LineString></Placemark>
<Placemark><name>C4↔CLAIMC4</name><description>C4 -&gt; CLAIMC4 (84.5 m)</description><styleUrl>#s5</styleUrl><ExtendedData><Data name="cpFrom"><value>n254</value></Data><Data name="cpTo"><value>n42</value></Data></ExtendedData><LineString><tessellate>1</tessellate><coordinates>-97.038238,32.90059,0 -97.038595,32.899892,0</coordinates></LineString></Placemark>
<Placemark><name>CLAIMB29↔CLAIMB30</name><description>CLAIMB29 -&gt; CLAIMB30 (24.4 m)</description><styleUrl>#s5</styleUrl><ExtendedData><Data name="cpFrom"><value>n34</value></Data><Data name="cpTo"><value>n35</value></Data></ExtendedData><LineString><tessellate>1</tessellate><coordinates>-97.044694,32.906348,0 -97.044495,32.90649,0</coordinates></LineString></Placemark>
<Placemark><name>CLAIMB29↔P47</name><description>CLAIMB29 -&gt; P47 (39.0 m)</description><styleUrl>#s5</styleUrl><ExtendedData><Data name="cpFrom"><value>n34</value></Data><Data name="cpTo"><value>n426</value></Data></ExtendedData><LineString><tessellate>1</tessellate><coordinates>-97.044694,32.906348,0 -97.044513,32.906664,0</coordinates></LineString></Placemark>
<Placemark><name>CLAIMB29↔P48</name><description>CLAIMB29 -&gt; P48 (37.7 m)</description><styleUrl>#s5</styleUrl><ExtendedData><Data name="cpFrom"><value>n34</value></Data><Data name="cpTo"><value>n512</value></Data></ExtendedData><LineString><tessellate>1</tessellate><coordinates>-97.044694,32.906348,0 -97.044694,32.906687,0</coordinates></LineString></Placemark>
<Placemark><name>CLAIMB5↔B5</name><description>CLAIMB5 -&gt; B5 (40.2 m)</description><styleUrl>#s5</styleUrl><ExtendedData><Data name="cpFrom"><value>n36</value></Data><Data name="cpTo"><value>n177</value></Data></ExtendedData><LineString><tessellate>1</tessellate><coordinates>-97.042354,32.902113,0 -97.042431,32.901757,0</coordinates></LineString></Placemark>
<Placemark><name>CLAIMD↔CUSTOMS</name><description>CLAIMD -&gt; CUSTOMS (103.1 m)</description><styleUrl>#s5</styleUrl><ExtendedData><Data name="cpFrom"><value>n44</value></Data><Data name="cpTo"><value>n50</value></Data></ExtendedData><LineString><tessellate>1</tessellate><coordinates>-97.044967,32.89563,0 -97.04407,32.89617,0</coordinates></LineString></Placemark>
<Placemark><name>CLAIMD↔TSAD</name><description>CLAIMD -&gt; TSAD (180.0 m)</description><styleUrl>#s5</styleUrl><ExtendedData><Data name="cpFrom"><value>n44</value></Data><Data name="cpTo"><value>n72</value></Data></ExtendedData><LineString><tessellate>1</tessellate><coordinates>-97.044967,32.89563,0 -97.04441,32.89718,0</coordinates></LineString></Placemark>
<Placemark><name>CLAIME38↔E36</name><description>CLAIME38 -&gt; E36 (65.6 m)</description><styleUrl>#s5</styleUrl><ExtendedData><Data name="cpFrom"><value>n49</value></Data><Data name="cpTo"><value>n216</value></Data></ExtendedData><LineString><tessellate>1</tessellate><coordinates>-97.037953,32.887957,0 -97.037735,32.887396,0</coordinates></LineString></Placemark>
<Placemark><name>CUSTOMS↔TSAD</name><description>CUSTOMS -&gt; TSAD (116.7 m)</description><styleUrl>#s5</styleUrl><ExtendedData><Data name="cpFrom"><value>n50</value></Data><Data name="cpTo"><value>n72</value></Data></ExtendedData><LineString><tessellate>1</tessellate><coordinates>-97.04407,32.89617,0 -97.04441,32.89718,0</coordinates></LineString></Placemark>
<Placemark><name>D1↔P194</name><description>D1 -&gt; P194 (176.8 m)</description><styleUrl>#s5</styleUrl><ExtendedData><Data name="cpFrom"><value>n258</value></Data><Data name="cpTo"><value>n358</value></Data></ExtendedData><LineString><tessellate>1</tessellate><coordinates>-97.0426467,32.8926085,0 -97.041776,32.89402,0</coordinates></LineString></Placemark>
<Placemark><name>D1↔P194A</name><description>D1 -&gt; P194A (250.8 m)</description><styleUrl>#s5</styleUrl><ExtendedData><Data name="cpFrom"><value>n258</value></Data><Data name="cpTo"><value>n410</value></Data></ExtendedData><LineString><tessellate>1</tessellate><coordinates>-97.0426467,32.8926085,0 -97.041768,32.89474,0</coordinates></LineString></Placemark>
<Placemark><name>D10↔D10A</name><description>D10 -&gt; D10A (7.8 m)</description><styleUrl>#s5</styleUrl><ExtendedData><Data name="cpFrom"><value>n259</value></Data><Data name="cpTo"><value>n260</value></Data></ExtendedData><LineString><tessellate>1</tessellate><coordinates>-97.0432002,32.894959,0 -97.0431265,32.8949917,0</coordinates></LineString></Placemark>
<Placemark><name>D10↔D10X</name><description>D10 -&gt; D10X (9.8 m)</description><styleUrl>#s5</styleUrl><ExtendedData><Data name="cpFrom"><value>n259</value></Data><Data name="cpTo"><value>n262</value></Data></ExtendedData><LineString><tessellate>1</tessellate><coordinates>-97.0432002,32.894959,0 -97.043195,32.895047,0</coordinates></LineString></Placemark>
<Placemark><name>D10↔D10B</name><description>D10 -&gt; D10B (8.2 m)</description><styleUrl>#s5</styleUrl><ExtendedData><Data name="cpFrom"><value>n259</value></Data><Data name="cpTo"><value>n261</value></Data></ExtendedData><LineString><tessellate>1</tessellate><coordinates>-97.0432002,32.894959,0 -97.0431265,32.8949196,0</coordinates></LineString></Placemark>
<Placemark><name>D11↔D11A</name><description>D11 -&gt; D11A (15.7 m)</description><styleUrl>#s5</styleUrl><ExtendedData><Data name="cpFrom"><value>n263</value></Data><Data name="cpTo"><value>n264</value></Data></ExtendedData><LineString><tessellate>1</tessellate><coordinates>-97.0436763,32.8950593,0 -97.0437662,32.8951786,0</coordinates></LineString></Placemark>
<Placemark><name>D12↔D12A</name><description>D12 -&gt; D12A (12.7 m)</description><styleUrl>#s5</styleUrl><ExtendedData><Data name="cpFrom"><value>n265</value></Data><Data name="cpTo"><value>n266</value></Data></ExtendedData><LineString><tessellate>1</tessellate><coordinates>-97.0440961,32.8950975,0 -97.0442195,32.8950503,0</coordinates></LineString></Placemark>
<Placemark><name>D12↔D12B</name><description>D12 -&gt; D12B (8.0 m)</description><styleUrl>#s5</styleUrl><ExtendedData><Data name="cpFrom"><value>n265</value></Data><Data name="cpTo"><value>n267</value></Data></ExtendedData><LineString><tessellate>1</tessellate><coordinates>-97.0440961,32.8950975,0 -97.0440196,32.895066,0</coordinates></LineString></Placemark>
<Placemark><name>D12A↔D12B</name><description>D12A -&gt; D12B (18.7 m)</description><styleUrl>#s5</styleUrl><ExtendedData><Data name="cpFrom"><value>n266</value></Data><Data name="cpTo"><value>n267</value></Data></ExtendedData><LineString><tessellate>1</tessellate><coordinates>-97.0442195,32.8950503,0 -97.0440196,32.895066,0</coordinates></LineString></Placemark>
<Placemark><name>D14↔D14A</name><description>D14 -&gt; D14A (11.3 m)</description><styleUrl>#s5</styleUrl><ExtendedData><Data name="cpFrom"><value>n268</value></Data><Data name="cpTo"><value>n269</value></Data></ExtendedData><LineString><tessellate>1</tessellate><coordinates>-97.0446499,32.8949433,0 -97.0445306,32.8949602,0</coordinates></LineString></Placemark>
<Placemark><name>D14↔D14X</name><description>D14 -&gt; D14X (21.3 m)</description><styleUrl>#s5</styleUrl><ExtendedData><Data name="cpFrom"><value>n268</value></Data><Data name="cpTo"><value>n270</value></Data></ExtendedData><LineString><tessellate>1</tessellate><coordinates>-97.0446499,32.8949433,0 -97.044761,32.895111,0</coordinates></LineString></Placemark>
<Placemark><name>D15↔BAGRMD2</name><description>D15 -&gt; BAGRMD2 (64.3 m)</description><styleUrl>#s5</styleUrl><ExtendedData><Data name="cpFrom"><value>n271</value></Data><Data name="cpTo"><value>n22</value></Data></ExtendedData><LineString><tessellate>1</tessellate><coordinates>-97.0452092,32.8950885,0 -97.044967,32.89563,0</coordinates></LineString></Placemark>
<Placemark><name>D15↔CLAIMD</name><description>D15 -&gt; CLAIMD (64.3 m)</description><styleUrl>#s5</styleUrl><ExtendedData><Data name="cpFrom"><value>n271</value></Data><Data name="cpTo"><value>n44</value></Data></ExtendedData><LineString><tessellate>1</tessellate><coordinates>-97.0452092,32.8950885,0 -97.044967,32.89563,0</coordinates></LineString></Placemark>
<Placemark><name>D15↔D15A</name><description>D15 -&gt; D15A (3.5 m)</description><styleUrl>#s5</styleUrl><ExtendedData><Data name="cpFrom"><value>n271</value></Data><Data name="cpTo"><value>n272</value></Data></ExtendedData><LineString><tessellate>1</tessellate><coordinates>-97.0452092,32.8950885,0 -97.045228,32.8950615,0</coordinates></LineString></Placemark>
<Placemark><name>D15↔D15X</name><description>D15 -&gt; D15X (5.7 m)</description><styleUrl>#s5</styleUrl><ExtendedData><Data name="cpFrom"><value>n271</value></Data><Data name="cpTo"><value>n274</value></Data></ExtendedData><LineString><tessellate>1</tessellate><coordinates>-97.0452092,32.8950885,0 -97.045204,32.895037,0</coordinates></LineString></Placemark>
<Placemark><name>D15↔D15B</name><description>D15 -&gt; D15B (5.7 m)</description><styleUrl>#s5</styleUrl><ExtendedData><Data name="cpFrom"><value>n271</value></Data><Data name="cpTo"><value>n273</value></Data></ExtendedData><LineString><tessellate>1</tessellate><coordinates>-97.0452092,32.8950885,0 -97.0452427,32.8950457,0</coordinates></LineString></Placemark>
<Placemark><name>D17↔D17X</name><description>D17 -&gt; D17X (0.0 m)</description><styleUrl>#s5</styleUrl><ExtendedData><Data name="cpFrom"><value>n277</value></Data><Data name="cpTo"><value>n279</value></Data></ExtendedData><LineString><tessellate>1</tessellate><coordinates>-97.045915,32.895406,0 -97.045915,32.895406,0</coordinates></LineString></Placemark>
<Placemark><name>D17↔P179</name><description>D17 -&gt; P179 (26.6 m)</description><styleUrl>#s5</styleUrl><ExtendedData><Data name="cpFrom"><value>n277</value></Data><Data name="cpTo"><value>n369</value></Data></ExtendedData><LineString><tessellate>1</tessellate><coordinates>-97.045915,32.895406,0 -97.046193,32.895353,0</coordinates></LineString></Placemark>
<Placemark><name>D1X↔P194</name><description>D1X -&gt; P194 (154.5 m)</description><styleUrl>#s5</styleUrl><ExtendedData><Data name="cpFrom"><value>n282</value></Data><Data name="cpTo"><value>n358</value></Data></ExtendedData><LineString><tessellate>1</tessellate><coordinates>-97.0426413,32.892836,0 -97.041776,32.89402,0</coordinates></LineString></Placemark>
<Placemark><name>D1X↔P194A</name><description>D1X -&gt; P194A (226.9 m)</description><styleUrl>#s5</styleUrl><ExtendedData><Data name="cpFrom"><value>n282</value></Data><Data name="cpTo"><value>n410</value></Data></ExtendedData><LineString><tessellate>1</tessellate><coordinates>-97.0426413,32.892836,0 -97.041768,32.89474,0</coordinates></LineString></Placemark>
<Placemark><name>D2↔P194</name><description>D2 -&gt; P194 (147.8 m)</description><styleUrl>#s5</styleUrl><ExtendedData><Data name="cpFrom"><value>n283</value></Data><Data name="cpTo"><value>n358</value></Data></ExtendedData><LineString><tessellate>1</tessellate><coordinates>-97.0428184,32.8930196,0 -97.041776,32.89402,0</coordinates></LineString></Placemark>
<Placemark><name>D2↔P194A</name><description>D2 -&gt; P194A (215.0 m)</description><styleUrl>#s5</styleUrl><ExtendedData><Data name="cpFrom"><value>n283</value></Data><Data name="cpTo"><value>n410</value></Data></ExtendedData><LineString><tessellate>1</tessellate><coordinates>-97.0428184,32.8930196,0 -97.041768,32.89474,0</coordinates></LineString></Placemark>
<Placemark><name>D21↔CLAIMD16</name><description>D21 -&gt; CLAIMD16 (133.1 m)</description><styleUrl>#s5</styleUrl><ExtendedData><Data name="cpFrom"><value>n285</value></Data><Data name="cpTo"><value>n45</value></Data></ExtendedData><LineString><tessellate>1</tessellate><coordinates>-97.045835,32.896525,0 -97.044442,32.896269,0</coordinates></LineString></Placemark>
<Placemark><name>D24↔P169</name><description>D24 -&gt; P169 (35.4 m)</description><styleUrl>#s5</styleUrl><ExtendedData><Data name="cpFrom"><value>n291</value></Data><Data name="cpTo"><value>n361</value></Data></ExtendedData><LineString><tessellate>1</tessellate><coordinates>-97.045835,32.898134,0 -97.04619,32.898247,0</coordinates></LineString></Placemark>
<Placemark><name>D2X↔P194</name><description>D2X -&gt; P194 (142.0 m)</description><styleUrl>#s5</styleUrl><ExtendedData><Data name="cpFrom"><value>n299</value></Data><Data name="cpTo"><value>n358</value></Data></ExtendedData><LineString><tessellate>1</tessellate><coordinates>-97.0426963,32.8930038,0 -97.041776,32.89402,0</coordinates></LineString></Placemark>
<Placemark><name>D2X↔P194A</name><description>D2X -&gt; P194A (211.6 m)</description><styleUrl>#s5</styleUrl><ExtendedData><Data name="cpFrom"><value>n299</value></Data><Data name="cpTo"><value>n410</value></Data></ExtendedData><LineString><tessellate>1</tessellate><coordinates>-97.0426963,32.8930038,0 -97.041768,32.89474,0</coordinates></LineString></Placemark>
<Placemark><name>D3↔P194</name><description>D3 -&gt; P194 (118.9 m)</description><styleUrl>#s5</styleUrl><ExtendedData><Data name="cpFrom"><value>n300</value></Data><Data name="cpTo"><value>n358</value></Data></ExtendedData><LineString><tessellate>1</tessellate><coordinates>-97.0426937,32.8932786,0 -97.041776,32.89402,0</coordinates></LineString></Placemark>
<Placemark><name>D3↔P194A</name><description>D3 -&gt; P194A (184.1 m)</description><styleUrl>#s5</styleUrl><ExtendedData><Data name="cpFrom"><value>n300</value></Data><Data name="cpTo"><value>n410</value></Data></ExtendedData><LineString><tessellate>1</tessellate><coordinates>-97.0426937,32.8932786,0 -97.041768,32.89474,0</coordinates></LineString></Placemark>
<Placemark><name>D30↔CLAIMD29</name><description>D30 -&gt; CLAIMD29 (207.8 m)</description><styleUrl>#s5</styleUrl><ExtendedData><Data name="cpFrom"><value>n301</value></Data><Data name="cpTo"><value>n46</value></Data></ExtendedData><LineString><tessellate>1</tessellate><coordinates>-97.045875,32.900113,0 -97.044365,32.89874,0</coordinates></LineString></Placemark>
<Placemark><name>D30↔CLAIMD30</name><description>D30 -&gt; CLAIMD30 (207.8 m)</description><styleUrl>#s5</styleUrl><ExtendedData><Data name="cpFrom"><value>n301</value></Data><Data name="cpTo"><value>n47</value></Data></ExtendedData><LineString><tessellate>1</tessellate><coordinates>-97.045875,32.900113,0 -97.044365,32.89874,0</coordinates></LineString></Placemark>
<Placemark><name>D30↔CLAIMD31</name><description>D30 -&gt; CLAIMD31 (207.8 m)</description><styleUrl>#s5</styleUrl><ExtendedData><Data name="cpFrom"><value>n301</value></Data><Data name="cpTo"><value>n48</value></Data></ExtendedData><LineString><tessellate>1</tessellate><coordinates>-97.045875,32.900113,0 -97.044365,32.89874,0</coordinates></LineString></Placemark>
<Placemark><name>D34↔BAGRMD3</name><description>D34 -&gt; BAGRMD3 (55.4 m)</description><styleUrl>#s5</styleUrl><ExtendedData><Data name="cpFrom"><value>n304</value></Data><Data name="cpTo"><value>n23</value></Data></ExtendedData><LineString><tessellate>1</tessellate><coordinates>-97.044221,32.900095,0 -97.044077,32.899612,0</coordinates></LineString></Placemark>
<Placemark><name>D3X↔P194</name><description>D3X -&gt; P194 (101.2 m)</description><styleUrl>#s5</styleUrl><ExtendedData><Data name="cpFrom"><value>n309</value></Data><Data name="cpTo"><value>n358</value></Data></ExtendedData><LineString><tessellate>1</tessellate><coordinates>-97.0425957,32.8934239,0 -97.041776,32.89402,0</coordinates></LineString></Placemark>
<Placemark><name>D3X↔P194A</name><description>D3X -&gt; P194A (165.5 m)</description><styleUrl>#s5</styleUrl><ExtendedData><Data name="cpFrom"><value>n309</value></Data><Data name="cpTo"><value>n410</value></Data></ExtendedData><LineString><tessellate>1</tessellate><coordinates>-97.0425957,32.8934239,0 -97.041768,32.89474,0</coordinates></LineString></Placemark>
<Placemark><name>D4↔P194</name><description>D4 -&gt; P194 (96.9 m)</description><styleUrl>#s5</styleUrl><ExtendedData><Data name="cpFrom"><value>n310</value></Data><Data name="cpTo"><value>n358</value></Data></ExtendedData><LineString><tessellate>1</tessellate><coordinates>-97.0427352,32.8936874,0 -97.041776,32.89402,0</coordinates></LineString></Placemark>
<Placemark><name>D4↔P194A</name><description>D4 -&gt; P194A (147.8 m)</description><styleUrl>#s5</styleUrl><ExtendedData><Data name="cpFrom"><value>n310</value></Data><Data name="cpTo"><value>n410</value></Data></ExtendedData><LineString><tessellate>1</tessellate><coordinates>-97.0427352,32.8936874,0 -97.041768,32.89474,0</coordinates></LineString></Placemark>
<Placemark><name>D4X↔P194</name><description>D4X -&gt; P194 (89.1 m)</description><styleUrl>#s5</styleUrl><ExtendedData><Data name="cpFrom"><value>n312</value></Data><Data name="cpTo"><value>n358</value></Data></ExtendedData><LineString><tessellate>1</tessellate><coordinates>-97.0426414,32.893682,0 -97.041776,32.89402,0</coordinates></LineString></Placemark>
<Placemark><name>D4X↔P194A</name><description>D4X -&gt; P194A (143.1 m)</description><styleUrl>#s5</styleUrl><ExtendedData><Data name="cpFrom"><value>n312</value></Data><Data name="cpTo"><value>n410</value></Data></ExtendedData><LineString><tessellate>1</tessellate><coordinates>-97.0426414,32.893682,0 -97.041768,32.89474,0</coordinates></LineString></Placemark>
<Placemark><name>D5↔D-LOW</name><description>D5 -&gt; D-LOW (57.9 m)</description><styleUrl>#s5</styleUrl><ExtendedData><Data name="cpFrom"><value>n313</value></Data><Data name="cpTo"><value>n52</value></Data></ExtendedData><LineString><tessellate>1</tessellate><coordinates>-97.041921,32.895314,0 -97.042468,32.89556,0</coordinates></LineString></Placemark>
<Placemark><name>D5↔P194A</name><description>D5 -&gt; P194A (65.4 m)</description><styleUrl>#s5</styleUrl><ExtendedData><Data name="cpFrom"><value>n313</value></Data><Data name="cpTo"><value>n410</value></Data></ExtendedData><LineString><tessellate>1</tessellate><coordinates>-97.041921,32.895314,0 -97.041768,32.89474,0</coordinates></LineString></Placemark>
<Placemark><name>D6↔D-LOW</name><description>D6 -&gt; D-LOW (71.5 m)</description><styleUrl>#s5</styleUrl><ExtendedData><Data name="cpFrom"><value>n314</value></Data><Data name="cpTo"><value>n52</value></Data></ExtendedData><LineString><tessellate>1</tessellate><coordinates>-97.0422386,32.8949467,0 -97.042468,32.89556,0</coordinates></LineString></Placemark>
<Placemark><name>D7↔D-LOW</name><description>D7 -&gt; D-LOW (74.6 m)</description><styleUrl>#s5</styleUrl><ExtendedData><Data name="cpFrom"><value>n319</value></Data><Data name="cpTo"><value>n52</value></Data></ExtendedData><LineString><tessellate>1</tessellate><coordinates>-97.0425967,32.8948982,0 -97.042468,32.89556,0</coordinates></LineString></Placemark>
<Placemark><name>D7A↔D7</name><description>D7A -&gt; D7 (7.9 m)</description><styleUrl>#s5</styleUrl><ExtendedData><Data name="cpFrom"><value>n320</value></Data><Data name="cpTo"><value>n319</value></Data></ExtendedData><LineString><tessellate>1</tessellate><coordinates>-97.0426745,32.8949253,0 -97.0425967,32.8948982,0</coordinates></LineString></Placemark>
<Placemark><name>D7X↔D7</name><description>D7X -&gt; D7 (25.3 m)</description><styleUrl>#s5</styleUrl><ExtendedData><Data name="cpFrom"><value>n321</value></Data><Data name="cpTo"><value>n319</value></Data></ExtendedData><LineString><tessellate>1</tessellate><coordinates>-97.042415,32.895067,0 -97.0425967,32.8948982,0</coordinates></LineString></Placemark>
<Placemark><name>D-MU01↔D-LOW</name><description>D-MU01 -&gt; D-LOW (12.3 m)</description><styleUrl>#s5</styleUrl><ExtendedData><Data name="cpFrom"><value>n53</value></Data><Data name="cpTo"><value>n52</value></Data></ExtendedData><LineString><tessellate>1</tessellate><coordinates>-97.042436,32.895667,0 -97.042468,32.89556,0</coordinates></LineString></Placemark>
<Placemark><name>D-MU01↔D-XFER</name><description>D-MU01 -&gt; D-XFER (21.5 m)</description><styleUrl>#s5</styleUrl><ExtendedData><Data name="cpFrom"><value>n53</value></Data><Data name="cpTo"><value>n54</value></Data></ExtendedData><LineString><tessellate>1</tessellate><coordinates>-97.042436,32.895667,0 -97.042634,32.895766,0</coordinates></LineString></Placemark>
<Placemark><name>D-XFER↔D-LOW</name><description>D-XFER -&gt; D-LOW (27.7 m)</description><styleUrl>#s5</styleUrl><ExtendedData><Data name="cpFrom"><value>n54</value></Data><Data name="cpTo"><value>n52</value></Data></ExtendedData><LineString><tessellate>1</tessellate><coordinates>-97.042634,32.895766,0 -97.042468,32.89556,0</coordinates></LineString></Placemark>
<Placemark><name>E28↔P204</name><description>E28 -&gt; P204 (27.6 m)</description><styleUrl>#s5</styleUrl><ExtendedData><Data name="cpFrom"><value>n205</value></Data><Data name="cpTo"><value>n371</value></Data></ExtendedData><LineString><tessellate>1</tessellate><coordinates>-97.03448,32.88846,0 -97.034768,32.888515,0</coordinates></LineString></Placemark>
<Placemark><name>E28A↔P204</name><description>E28A -&gt; P204 (27.6 m)</description><styleUrl>#s5</styleUrl><ExtendedData><Data name="cpFrom"><value>n206</value></Data><Data name="cpTo"><value>n371</value></Data></ExtendedData><LineString><tessellate>1</tessellate><coordinates>-97.03448,32.88846,0 -97.034768,32.888515,0</coordinates></LineString></Placemark>
<Placemark><name>E30↔P200</name><description>E30 -&gt; P200 (58.2 m)</description><styleUrl>#s5</styleUrl><ExtendedData><Data name="cpFrom"><value>n210</value></Data><Data name="cpTo"><value>n481</value></Data></ExtendedData><LineString><tessellate>1</tessellate><coordinates>-97.03371,32.88856,0 -97.033733,32.889083,0</coordinates></LineString></Placemark>
<Placemark><name>E37↔E37A</name><description>E37 -&gt; E37A (0.0 m)</description><styleUrl>#s5</styleUrl><ExtendedData><Data name="cpFrom"><value>n217</value></Data><Data name="cpTo"><value>n218</value></Data></ExtendedData><LineString><tessellate>1</tessellate><coordinates>-97.038207,32.887348,0 -97.038207,32.887348,0</coordinates></LineString></Placemark>
<Placemark><name>E37B↔P153</name><description>E37B -&gt; P153 (26.1 m)</description><styleUrl>#s5</styleUrl><ExtendedData><Data name="cpFrom"><value>n219</value></Data><Data name="cpTo"><value>n362</value></Data></ExtendedData><LineString><tessellate>1</tessellate><coordinates>-97.038207,32.887348,0 -97.038106,32.887129,0</coordinates></LineString></Placemark>
<Placemark><name>E37↔E37A</name><description>E37 -&gt; E37A (0.0 m)</description><styleUrl>#s5</styleUrl><ExtendedData><Data name="cpFrom"><value>n217</value></Data><Data name="cpTo"><value>n218</value></Data></ExtendedData><LineString><tessellate>1</tessellate><coordinates>-97.038207,32.887348,0 -97.038207,32.887348,0</coordinates></LineString></Placemark>
<Placemark><name>E37B↔P153</name><description>E37B -&gt; P153 (26.1 m)</description><styleUrl>#s5</styleUrl><ExtendedData><Data name="cpFrom"><value>n219</value></Data><Data name="cpTo"><value>n362</value></Data></ExtendedData><LineString><tessellate>1</tessellate><coordinates>-97.038207,32.887348,0 -97.038106,32.887129,0</coordinates></LineString></Placemark>
<Placemark><name>ECART↔P62</name><description>ECART -&gt; P62 (0.0 m)</description><styleUrl>#s5</styleUrl><ExtendedData><Data name="cpFrom"><value>n55</value></Data><Data name="cpTo"><value>n326</value></Data></ExtendedData><LineString><tessellate>1</tessellate><coordinates>-97.045373,32.905327,0 -97.045373,32.905327,0</coordinates></LineString></Placemark>
<Placemark><name>INTLB4↔B4</name><description>INTLB4 -&gt; B4 (41.3 m)</description><styleUrl>#s5</styleUrl><ExtendedData><Data name="cpFrom"><value>n56</value></Data><Data name="cpTo"><value>n164</value></Data></ExtendedData><LineString><tessellate>1</tessellate><coordinates>-97.042107,32.90201,0 -97.042431,32.901757,0</coordinates></LineString></Placemark>
<Placemark><name>MU↔MU2</name><description>MU -&gt; MU2 (0.0 m)</description><styleUrl>#s5</styleUrl><ExtendedData><Data name="cpFrom"><value>n57</value></Data><Data name="cpTo"><value>n59</value></Data></ExtendedData><LineString><tessellate>1</tessellate><coordinates>-97.045215,32.905136,0 -97.045215,32.905136,0</coordinates></LineString></Placemark>
<Placemark><name>MU1↔BAGRMB</name><description>MU1 -&gt; BAGRMB (58.4 m)</description><styleUrl>#s5</styleUrl><ExtendedData><Data name="cpFrom"><value>n58</value></Data><Data name="cpTo"><value>n18</value></Data></ExtendedData><LineString><tessellate>1</tessellate><coordinates>-97.045167,32.905391,0 -97.04491,32.90587,0</coordinates></LineString></Placemark>
<Placemark><name>MU1↔MU2</name><description>MU1 -&gt; MU2 (28.7 m)</description><styleUrl>#s5</styleUrl><ExtendedData><Data name="cpFrom"><value>n58</value></Data><Data name="cpTo"><value>n59</value></Data></ExtendedData><LineString><tessellate>1</tessellate><coordinates>-97.045167,32.905391,0 -97.045215,32.905136,0</coordinates></LineString></Placemark>
<Placemark><name>MU1↔REROUTEB</name><description>MU1 -&gt; REROUTEB (50.9 m)</description><styleUrl>#s5</styleUrl><ExtendedData><Data name="cpFrom"><value>n58</value></Data><Data name="cpTo"><value>n66</value></Data></ExtendedData><LineString><tessellate>1</tessellate><coordinates>-97.045167,32.905391,0 -97.0449,32.90579,0</coordinates></LineString></Placemark>
<Placemark><name>MU2↔MU3</name><description>MU2 -&gt; MU3 (26.3 m)</description><styleUrl>#s5</styleUrl><ExtendedData><Data name="cpFrom"><value>n59</value></Data><Data name="cpTo"><value>n60</value></Data></ExtendedData><LineString><tessellate>1</tessellate><coordinates>-97.045215,32.905136,0 -97.045258,32.904902,0</coordinates></LineString></Placemark>
<Placemark><name>MU4↔MU3</name><description>MU4 -&gt; MU3 (19.6 m)</description><styleUrl>#s5</styleUrl><ExtendedData><Data name="cpFrom"><value>n61</value></Data><Data name="cpTo"><value>n60</value></Data></ExtendedData><LineString><tessellate>1</tessellate><coordinates>-97.045258,32.904726,0 -97.045258,32.904902,0</coordinates></LineString></Placemark>
<Placemark><name>OADROP↔D40</name><description>OADROP -&gt; D40 (0.0 m)</description><styleUrl>#s5</styleUrl><ExtendedData><Data name="cpFrom"><value>n62</value></Data><Data name="cpTo"><value>n311</value></Data></ExtendedData><LineString><tessellate>1</tessellate><coordinates>-97.042252,32.900067,0 -97.042252,32.900067,0</coordinates></LineString></Placemark>
<Placemark><name>P1↔B1</name><description>P1 -&gt; B1 (25.0 m)</description><styleUrl>#s5</styleUrl><ExtendedData><Data name="cpFrom"><value>n366</value></Data><Data name="cpTo"><value>n113</value></Data></ExtendedData><LineString><tessellate>1</tessellate><coordinates>-97.042765,32.900905,0 -97.042497,32.900896,0</coordinates></LineString></Placemark>
<Placemark><name>P1↔B1A</name><description>P1 -&gt; B1A (25.0 m)</description><styleUrl>#s5</styleUrl><ExtendedData><Data name="cpFrom"><value>n366</value></Data><Data name="cpTo"><value>n135</value></Data></ExtendedData><LineString><tessellate>1</tessellate><coordinates>-97.042765,32.900905,0 -97.042497,32.900896,0</coordinates></LineString></Placemark>
<Placemark><name>P1↔B1X</name><description>P1 -&gt; B1X (25.0 m)</description><styleUrl>#s5</styleUrl><ExtendedData><Data name="cpFrom"><value>n366</value></Data><Data name="cpTo"><value>n136</value></Data></ExtendedData><LineString><tessellate>1</tessellate><coordinates>-97.042765,32.900905,0 -97.042497,32.900896,0</coordinates></LineString></Placemark>
<Placemark><name>P1↔P2</name><description>P1 -&gt; P2 (28.1 m)</description><styleUrl>#s5</styleUrl><ExtendedData><Data name="cpFrom"><value>n366</value></Data><Data name="cpTo"><value>n421</value></Data></ExtendedData><LineString><tessellate>1</tessellate><coordinates>-97.042765,32.900905,0 -97.042758,32.901158,0</coordinates></LineString></Placemark>
<Placemark><name>P1↔P64</name><description>P1 -&gt; P64 (43.0 m)</description><styleUrl>#s5</styleUrl><ExtendedData><Data name="cpFrom"><value>n366</value></Data><Data name="cpTo"><value>n323</value></Data></ExtendedData><LineString><tessellate>1</tessellate><coordinates>-97.042765,32.900905,0 -97.042774,32.900518,0</coordinates></LineString></Placemark>
<Placemark><name>P10↔P11</name><description>P10 -&gt; P11 (21.9 m)</description><styleUrl>#s5</styleUrl><ExtendedData><Data name="cpFrom"><value>n383</value></Data><Data name="cpTo"><value>n450</value></Data></ExtendedData><LineString><tessellate>1</tessellate><coordinates>-97.043801,32.901656,0 -97.044005,32.901754,0</coordinates></LineString></Placemark>
<Placemark><name>P100↔A5</name><description>P100 -&gt; A5 (23.9 m)</description><styleUrl>#s5</styleUrl><ExtendedData><Data name="cpFrom"><value>n417</value></Data><Data name="cpTo"><value>n107</value></Data></ExtendedData><LineString><tessellate>1</tessellate><coordinates>-97.038301,32.907834,0 -97.03842,32.907644,0</coordinates></LineString></Placemark>
<Placemark><name>P100↔A9</name><description>P100 -&gt; A9 (23.9 m)</description><styleUrl>#s5</styleUrl><ExtendedData><Data name="cpFrom"><value>n417</value></Data><Data name="cpTo"><value>n111</value></Data></ExtendedData><LineString><tessellate>1</tessellate><coordinates>-97.038301,32.907834,0 -97.03842,32.907644,0</coordinates></LineString></Placemark>
<Placemark><name>P100↔P99</name><description>P100 -&gt; P99 (28.7 m)</description><styleUrl>#s5</styleUrl><ExtendedData><Data name="cpFrom"><value>n417</value></Data><Data name="cpTo"><value>n434</value></Data></ExtendedData><LineString><tessellate>1</tessellate><coordinates>-97.038301,32.907834,0 -97.038005,32.907763,0</coordinates></LineString></Placemark>
<Placemark><name>P101↔P100</name><description>P101 -&gt; P100 (12.2 m)</description><styleUrl>#s5</styleUrl><ExtendedData><Data name="cpFrom"><value>n478</value></Data><Data name="cpTo"><value>n417</value></Data></ExtendedData><LineString><tessellate>1</tessellate><coordinates>-97.03843,32.907817,0 -97.038301,32.907834,0</coordinates></LineString></Placemark>
<Placemark><name>P102↔P101</name><description>P102 -&gt; P101 (13.5 m)</description><styleUrl>#s5</styleUrl><ExtendedData><Data name="cpFrom"><value>n352</value></Data><Data name="cpTo"><value>n478</value></Data></ExtendedData><LineString><tessellate>1</tessellate><coordinates>-97.038473,32.907933,0 -97.03843,32.907817,0</coordinates></LineString></Placemark>
<Placemark><name>P103↔P102</name><description>P103 -&gt; P102 (24.8 m)</description><styleUrl>#s5</styleUrl><ExtendedData><Data name="cpFrom"><value>n442</value></Data><Data name="cpTo"><value>n352</value></Data></ExtendedData><LineString><tessellate>1</tessellate><coordinates>-97.038543,32.908148,0 -97.038473,32.907933,0</coordinates></LineString></Placemark>
<Placemark><name>P104↔P105</name><description>P104 -&gt; P105 (24.5 m)</description><styleUrl>#s5</styleUrl><ExtendedData><Data name="cpFrom"><value>n444</value></Data><Data name="cpTo"><value>n539</value></Data></ExtendedData><LineString><tessellate>1</tessellate><coordinates>-97.038916,32.901144,0 -97.038932,32.900924,0</coordinates></LineString></Placemark>
<Placemark><name>P105↔P106</name><description>P105 -&gt; P106 (13.9 m)</description><styleUrl>#s5</styleUrl><ExtendedData><Data name="cpFrom"><value>n539</value></Data><Data name="cpTo"><value>n429</value></Data></ExtendedData><LineString><tessellate>1</tessellate><coordinates>-97.038932,32.900924,0 -97.03879,32.900886,0</coordinates></LineString></Placemark>
<Placemark><name>P105↔P68A</name><description>P105 -&gt; P68A (42.7 m)</description><styleUrl>#s5</styleUrl><ExtendedData><Data name="cpFrom"><value>n539</value></Data><Data name="cpTo"><value>n506</value></Data></ExtendedData><LineString><tessellate>1</tessellate><coordinates>-97.038932,32.900924,0 -97.039295,32.901158,0</coordinates></LineString></Placemark>
<Placemark><name>P106↔C2</name><description>P106 -&gt; C2 (30.1 m)</description><styleUrl>#s5</styleUrl><ExtendedData><Data name="cpFrom"><value>n429</value></Data><Data name="cpTo"><value>n232</value></Data></ExtendedData><LineString><tessellate>1</tessellate><coordinates>-97.03879,32.900886,0 -97.038781,32.900615,0</coordinates></LineString></Placemark>
<Placemark><name>P106↔P107</name><description>P106 -&gt; P107 (53.1 m)</description><styleUrl>#s5</styleUrl><ExtendedData><Data name="cpFrom"><value>n429</value></Data><Data name="cpTo"><value>n463</value></Data></ExtendedData><LineString><tessellate>1</tessellate><coordinates>-97.03879,32.900886,0 -97.038221,32.900879,0</coordinates></LineString></Placemark>
<Placemark><name>P107↔C4</name><description>P107 -&gt; C4 (32.2 m)</description><styleUrl>#s5</styleUrl><ExtendedData><Data name="cpFrom"><value>n463</value></Data><Data name="cpTo"><value>n254</value></Data></ExtendedData><LineString><tessellate>1</tessellate><coordinates>-97.038221,32.900879,0 -97.038238,32.90059,0</coordinates></LineString></Placemark>
<Placemark><name>P107↔P108</name><description>P107 -&gt; P108 (28.2 m)</description><styleUrl>#s5</styleUrl><ExtendedData><Data name="cpFrom"><value>n463</value></Data><Data name="cpTo"><value>n325</value></Data></ExtendedData><LineString><tessellate>1</tessellate><coordinates>-97.038221,32.900879,0 -97.03792,32.900857,0</coordinates></LineString></Placemark>
<Placemark><name>P108↔P109</name><description>P108 -&gt; P109 (19.7 m)</description><styleUrl>#s5</styleUrl><ExtendedData><Data name="cpFrom"><value>n325</value></Data><Data name="cpTo"><value>n378</value></Data></ExtendedData><LineString><tessellate>1</tessellate><coordinates>-97.03792,32.900857,0 -97.037721,32.900799,0</coordinates></LineString></Placemark>
<Placemark><name>P109↔C6</name><description>P109 -&gt; C6 (23.5 m)</description><styleUrl>#s5</styleUrl><ExtendedData><Data name="cpFrom"><value>n378</value></Data><Data name="cpTo"><value>n255</value></Data></ExtendedData><LineString><tessellate>1</tessellate><coordinates>-97.037721,32.900799,0 -97.037681,32.90059,0</coordinates></LineString></Placemark>
<Placemark><name>P109↔P110</name><description>P109 -&gt; P110 (29.0 m)</description><styleUrl>#s5</styleUrl><ExtendedData><Data name="cpFrom"><value>n378</value></Data><Data name="cpTo"><value>n382</value></Data></ExtendedData><LineString><tessellate>1</tessellate><coordinates>-97.037721,32.900799,0 -97.037432,32.900703,0</coordinates></LineString></Placemark>
<Placemark><name>P11↔B9B</name><description>P11 -&gt; B9B (23.1 m)</description><styleUrl>#s5</styleUrl><ExtendedData><Data name="cpFrom"><value>n450</value></Data><Data name="cpTo"><value>n183</value></Data></ExtendedData><LineString><tessellate>1</tessellate><coordinates>-97.044005,32.901754,0 -97.04381,32.901882,0</coordinates></LineString></Placemark>
<Placemark><name>P11↔P12</name><description>P11 -&gt; P12 (37.4 m)</description><styleUrl>#s5</styleUrl><ExtendedData><Data name="cpFrom"><value>n450</value></Data><Data name="cpTo"><value>n346</value></Data></ExtendedData><LineString><tessellate>1</tessellate><coordinates>-97.044005,32.901754,0 -97.044315,32.901967,0</coordinates></LineString></Placemark>
<Placemark><name>P110↔P111</name><description>P110 -&gt; P111 (24.7 m)</description><styleUrl>#s5</styleUrl><ExtendedData><Data name="cpFrom"><value>n382</value></Data><Data name="cpTo"><value>n486</value></Data></ExtendedData><LineString><tessellate>1</tessellate><coordinates>-97.037432,32.900703,0 -97.037169,32.900679,0</coordinates></LineString></Placemark>
<Placemark><name>P111↔C7</name><description>P111 -&gt; C7 (28.1 m)</description><styleUrl>#s5</styleUrl><ExtendedData><Data name="cpFrom"><value>n486</value></Data><Data name="cpTo"><value>n256</value></Data></ExtendedData><LineString><tessellate>1</tessellate><coordinates>-97.037169,32.900679,0 -97.037212,32.900429,0</coordinates></LineString></Placemark>
<Placemark><name>P111↔P112</name><description>P111 -&gt; P112 (51.3 m)</description><styleUrl>#s5</styleUrl><ExtendedData><Data name="cpFrom"><value>n486</value></Data><Data name="cpTo"><value>n462</value></Data></ExtendedData><LineString><tessellate>1</tessellate><coordinates>-97.037169,32.900679,0 -97.036621,32.900651,0</coordinates></LineString></Placemark>
<Placemark><name>P112↔C8</name><description>P112 -&gt; C8 (27.5 m)</description><styleUrl>#s5</styleUrl><ExtendedData><Data name="cpFrom"><value>n462</value></Data><Data name="cpTo"><value>n257</value></Data></ExtendedData><LineString><tessellate>1</tessellate><coordinates>-97.036621,32.900651,0 -97.036732,32.900422,0</coordinates></LineString></Placemark>
<Placemark><name>P112↔P113</name><description>P112 -&gt; P113 (44.8 m)</description><styleUrl>#s5</styleUrl><ExtendedData><Data name="cpFrom"><value>n462</value></Data><Data name="cpTo"><value>n340</value></Data></ExtendedData><LineString><tessellate>1</tessellate><coordinates>-97.036621,32.900651,0 -97.036272,32.900375,0</coordinates></LineString></Placemark>
<Placemark><name>P113↔C10</name><description>P113 -&gt; C10 (26.3 m)</description><styleUrl>#s5</styleUrl><ExtendedData><Data name="cpFrom"><value>n340</value></Data><Data name="cpTo"><value>n223</value></Data></ExtendedData><LineString><tessellate>1</tessellate><coordinates>-97.036272,32.900375,0 -97.036389,32.90016,0</coordinates></LineString></Placemark>
<Placemark><name>P113↔P114</name><description>P113 -&gt; P114 (47.6 m)</description><styleUrl>#s5</styleUrl><ExtendedData><Data name="cpFrom"><value>n340</value></Data><Data name="cpTo"><value>n345</value></Data></ExtendedData><LineString><tessellate>1</tessellate><coordinates>-97.036272,32.900375,0 -97.035901,32.900081,0</coordinates></LineString></Placemark>
<Placemark><name>P114↔C11</name><description>P114 -&gt; C11 (31.5 m)</description><styleUrl>#s5</styleUrl><ExtendedData><Data name="cpFrom"><value>n345</value></Data><Data name="cpTo"><value>n224</value></Data></ExtendedData><LineString><tessellate>1</tessellate><coordinates>-97.035901,32.900081,0 -97.036126,32.89987,0</coordinates></LineString></Placemark>
<Placemark><name>P114↔P115</name><description>P114 -&gt; P115 (40.9 m)</description><styleUrl>#s5</styleUrl><ExtendedData><Data name="cpFrom"><value>n345</value></Data><Data name="cpTo"><value>n420</value></Data></ExtendedData><LineString><tessellate>1</tessellate><coordinates>-97.035901,32.900081,0 -97.035619,32.8998,0</coordinates></LineString></Placemark>
<Placemark><name>P115↔C12</name><description>P115 -&gt; C12 (23.9 m)</description><styleUrl>#s5</styleUrl><ExtendedData><Data name="cpFrom"><value>n420</value></Data><Data name="cpTo"><value>n225</value></Data></ExtendedData><LineString><tessellate>1</tessellate><coordinates>-97.035619,32.8998,0 -97.035814,32.899661,0</coordinates></LineString></Placemark>
<Placemark><name>P115↔P116</name><description>P115 -&gt; P116 (40.9 m)</description><styleUrl>#s5</styleUrl><ExtendedData><Data name="cpFrom"><value>n420</value></Data><Data name="cpTo"><value>n428</value></Data></ExtendedData><LineString><tessellate>1</tessellate><coordinates>-97.035619,32.8998,0 -97.035342,32.899515,0</coordinates></LineString></Placemark>
<Placemark><name>P116↔C14</name><description>P116 -&gt; C14 (19.3 m)</description><styleUrl>#s5</styleUrl><ExtendedData><Data name="cpFrom"><value>n428</value></Data><Data name="cpTo"><value>n226</value></Data></ExtendedData><LineString><tessellate>1</tessellate><coordinates>-97.035342,32.899515,0 -97.035479,32.899385,0</coordinates></LineString></Placemark>
<Placemark><name>P116↔P117</name><description>P116 -&gt; P117 (38.5 m)</description><styleUrl>#s5</styleUrl><ExtendedData><Data name="cpFrom"><value>n428</value></Data><Data name="cpTo"><value>n464</value></Data></ExtendedData><LineString><tessellate>1</tessellate><coordinates>-97.035342,32.899515,0 -97.035087,32.899243,0</coordinates></LineString></Placemark>
<Placemark><name>P117↔C15</name><description>P117 -&gt; C15 (30.7 m)</description><styleUrl>#s5</styleUrl><ExtendedData><Data name="cpFrom"><value>n464</value></Data><Data name="cpTo"><value>n227</value></Data></ExtendedData><LineString><tessellate>1</tessellate><coordinates>-97.035087,32.899243,0 -97.035329,32.899056,0</coordinates></LineString></Placemark>
<Placemark><name>P117↔P118</name><description>P117 -&gt; P118 (42.8 m)</description><styleUrl>#s5</styleUrl><ExtendedData><Data name="cpFrom"><value>n464</value></Data><Data name="cpTo"><value>n517</value></Data></ExtendedData><LineString><tessellate>1</tessellate><coordinates>-97.035087,32.899243,0 -97.034802,32.898942,0</coordinates></LineString></Placemark>
<Placemark><name>P118↔C16</name><description>P118 -&gt; C16 (26.2 m)</description><styleUrl>#s5</styleUrl><ExtendedData><Data name="cpFrom"><value>n517</value></Data><Data name="cpTo"><value>n228</value></Data></ExtendedData><LineString><tessellate>1</tessellate><coordinates>-97.034802,32.898942,0 -97.035039,32.898816,0</coordinates></LineString></Placemark>
<Placemark><name>P118↔P119</name><description>P118 -&gt; P119 (55.7 m)</description><styleUrl>#s5</styleUrl><ExtendedData><Data name="cpFrom"><value>n517</value></Data><Data name="cpTo"><value>n510</value></Data></ExtendedData><LineString><tessellate>1</tessellate><coordinates>-97.034802,32.898942,0 -97.034673,32.898453,0</coordinates></LineString></Placemark>
<Placemark><name>P119↔C17</name><description>P119 -&gt; C17 (40.6 m)</description><styleUrl>#s5</styleUrl><ExtendedData><Data name="cpFrom"><value>n510</value></Data><Data name="cpTo"><value>n229</value></Data></ExtendedData><LineString><tessellate>1</tessellate><coordinates>-97.034673,32.898453,0 -97.035108,32.898464,0</coordinates></LineString></Placemark>
<Placemark><name>P119↔P120</name><description>P119 -&gt; P120 (15.4 m)</description><styleUrl>#s5</styleUrl><ExtendedData><Data name="cpFrom"><value>n510</value></Data><Data name="cpTo"><value>n353</value></Data></ExtendedData><LineString><tessellate>1</tessellate><coordinates>-97.034673,32.898453,0 -97.034651,32.898316,0</coordinates></LineString></Placemark>
<Placemark><name>P12↔B10</name><description>P12 -&gt; B10 (29.8 m)</description><styleUrl>#s5</styleUrl><ExtendedData><Data name="cpFrom"><value>n346</value></Data><Data name="cpTo"><value>n114</value></Data></ExtendedData><LineString><tessellate>1</tessellate><coordinates>-97.044315,32.901967,0 -97.044067,32.902136,0</coordinates></LineString></Placemark>
<Placemark><name>P12↔P13</name><description>P12 -&gt; P13 (27.7 m)</description><styleUrl>#s5</styleUrl><ExtendedData><Data name="cpFrom"><value>n346</value></Data><Data name="cpTo"><value>n381</value></Data></ExtendedData><LineString><tessellate>1</tessellate><coordinates>-97.044315,32.901967,0 -97.044545,32.902124,0</coordinates></LineString></Placemark>
<Placemark><name>P120↔C19</name><description>P120 -&gt; C19 (37.2 m)</description><styleUrl>#s5</styleUrl><ExtendedData><Data name="cpFrom"><value>n353</value></Data><Data name="cpTo"><value>n231</value></Data></ExtendedData><LineString><tessellate>1</tessellate><coordinates>-97.034651,32.898316,0 -97.034999,32.898153,0</coordinates></LineString></Placemark>
<Placemark><name>P120↔P121</name><description>P120 -&gt; P121 (45.4 m)</description><styleUrl>#s5</styleUrl><ExtendedData><Data name="cpFrom"><value>n353</value></Data><Data name="cpTo"><value>n503</value></Data></ExtendedData><LineString><tessellate>1</tessellate><coordinates>-97.034651,32.898316,0 -97.03456,32.897915,0</coordinates></LineString></Placemark>
<Placemark><name>P121↔C20</name><description>P121 -&gt; C20 (29.9 m)</description><styleUrl>#s5</styleUrl><ExtendedData><Data name="cpFrom"><value>n503</value></Data><Data name="cpTo"><value>n233</value></Data></ExtendedData><LineString><tessellate>1</tessellate><coordinates>-97.03456,32.897915,0 -97.034876,32.897872,0</coordinates></LineString></Placemark>
<Placemark><name>P121↔P122</name><description>P121 -&gt; P122 (41.7 m)</description><styleUrl>#s5</styleUrl><ExtendedData><Data name="cpFrom"><value>n503</value></Data><Data name="cpTo"><value>n504</value></Data></ExtendedData><LineString><tessellate>1</tessellate><coordinates>-97.03456,32.897915,0 -97.034479,32.897546,0</coordinates></LineString></Placemark>
<Placemark><name>P122↔C21</name><description>P122 -&gt; C21 (42.4 m)</description><styleUrl>#s5</styleUrl><ExtendedData><Data name="cpFrom"><value>n504</value></Data><Data name="cpTo"><value>n234</value></Data></ExtendedData><LineString><tessellate>1</tessellate><coordinates>-97.034479,32.897546,0 -97.034929,32.897494,0</coordinates></LineString></Placemark>
<Placemark><name>P122↔P123</name><description>P122 -&gt; P123 (42.8 m)</description><styleUrl>#s5</styleUrl><ExtendedData><Data name="cpFrom"><value>n504</value></Data><Data name="cpTo"><value>n480</value></Data></ExtendedData><LineString><tessellate>1</tessellate><coordinates>-97.034479,32.897546,0 -97.034436,32.897163,0</coordinates></LineString></Placemark>
<Placemark><name>P123↔C22</name><description>P123 -&gt; C22 (20.6 m)</description><styleUrl>#s5</styleUrl><ExtendedData><Data name="cpFrom"><value>n480</value></Data><Data name="cpTo"><value>n235</value></Data></ExtendedData><LineString><tessellate>1</tessellate><coordinates>-97.034436,32.897163,0 -97.034653,32.897196,0</coordinates></LineString></Placemark>
<Placemark><name>P123↔C22X</name><description>P123 -&gt; C22X (20.6 m)</description><styleUrl>#s5</styleUrl><ExtendedData><Data name="cpFrom"><value>n480</value></Data><Data name="cpTo"><value>n236</value></Data></ExtendedData><LineString><tessellate>1</tessellate><coordinates>-97.034436,32.897163,0 -97.034653,32.897196,0</coordinates></LineString></Placemark>
<Placemark><name>P123↔P124</name><description>P123 -&gt; P124 (52.7 m)</description><styleUrl>#s5</styleUrl><ExtendedData><Data name="cpFrom"><value>n480</value></Data><Data name="cpTo"><value>n391</value></Data></ExtendedData><LineString><tessellate>1</tessellate><coordinates>-97.034436,32.897163,0 -97.034522,32.896695,0</coordinates></LineString></Placemark>
<Placemark><name>P124↔C24</name><description>P124 -&gt; C24 (43.1 m)</description><styleUrl>#s5</styleUrl><ExtendedData><Data name="cpFrom"><value>n391</value></Data><Data name="cpTo"><value>n237</value></Data></ExtendedData><LineString><tessellate>1</tessellate><coordinates>-97.034522,32.896695,0 -97.03494,32.89686,0</coordinates></LineString></Placemark>
<Placemark><name>P124↔P125</name><description>P124 -&gt; P125 (43.6 m)</description><styleUrl>#s5</styleUrl><ExtendedData><Data name="cpFrom"><value>n391</value></Data><Data name="cpTo"><value>n494</value></Data></ExtendedData><LineString><tessellate>1</tessellate><coordinates>-97.034522,32.896695,0 -97.034745,32.896351,0</coordinates></LineString></Placemark>
<Placemark><name>P125↔C25</name><description>P125 -&gt; C25 (44.1 m)</description><styleUrl>#s5</styleUrl><ExtendedData><Data name="cpFrom"><value>n494</value></Data><Data name="cpTo"><value>n238</value></Data></ExtendedData><LineString><tessellate>1</tessellate><coordinates>-97.034745,32.896351,0 -97.035096,32.896616,0</coordinates></LineString></Placemark>
<Placemark><name>P125↔C26</name><description>P125 -&gt; C26 (25.4 m)</description><styleUrl>#s5</styleUrl><ExtendedData><Data name="cpFrom"><value>n494</value></Data><Data name="cpTo"><value>n239</value></Data></ExtendedData><LineString><tessellate>1</tessellate><coordinates>-97.034745,32.896351,0 -97.035002,32.896427,0</coordinates></LineString></Placemark>
<Placemark><name>P126↔C27</name><description>P126 -&gt; C27 (31.2 m)</description><styleUrl>#s5</styleUrl><ExtendedData><Data name="cpFrom"><value>n359</value></Data><Data name="cpTo"><value>n240</value></Data></ExtendedData><LineString><tessellate>1</tessellate><coordinates>-97.035046,32.895971,0 -97.035373,32.896028,0</coordinates></LineString></Placemark>
<Placemark><name>P126↔P127</name><description>P126 -&gt; P127 (50.1 m)</description><styleUrl>#s5</styleUrl><ExtendedData><Data name="cpFrom"><value>n359</value></Data><Data name="cpTo"><value>n348</value></Data></ExtendedData><LineString><tessellate>1</tessellate><coordinates>-97.035046,32.895971,0 -97.03535,32.8956,0</coordinates></LineString></Placemark>
<Placemark><name>P127↔P128</name><description>P127 -&gt; P128 (47.0 m)</description><styleUrl>#s5</styleUrl><ExtendedData><Data name="cpFrom"><value>n348</value></Data><Data name="cpTo"><value>n408</value></Data></ExtendedData><LineString><tessellate>1</tessellate><coordinates>-97.03535,32.8956,0 -97.035701,32.895297,0</coordinates></LineString></Placemark>
<Placemark><name>P128↔P129</name><description>P128 -&gt; P129 (50.4 m)</description><styleUrl>#s5</styleUrl><ExtendedData><Data name="cpFrom"><value>n408</value></Data><Data name="cpTo"><value>n507</value></Data></ExtendedData><LineString><tessellate>1</tessellate><coordinates>-97.035701,32.895297,0 -97.035996,32.894917,0</coordinates></LineString></Placemark>
<Placemark><name>P308↔C32</name><description>P308 -&gt; C32 (15.5 m)</description><styleUrl>#s5</styleUrl><ExtendedData><Data name="cpFrom"><value>n549</value></Data><Data name="cpTo"><value>n246</value></Data></ExtendedData><LineString><tessellate>1</tessellate><coordinates>-97.0359245,32.8945375,0 -97.0359471,32.8943996,0</coordinates></LineString></Placemark>
<Placemark><name>P308↔P131</name><description>P308 -&gt; P131 (47.7 m)</description><styleUrl>#s5</styleUrl><ExtendedData><Data name="cpFrom"><value>n549</value></Data><Data name="cpTo"><value>n423</value></Data></ExtendedData><LineString><tessellate>1</tessellate><coordinates>-97.0359245,32.8945375,0 -97.036435,32.894519,0</coordinates></LineString></Placemark>
<Placemark><name>P308↔P302</name><description>P308 -&gt; P302 (48.5 m)</description><styleUrl>#s5</styleUrl><ExtendedData><Data name="cpFrom"><value>n549</value></Data><Data name="cpTo"><value>n543</value></Data></ExtendedData><LineString><tessellate>1</tessellate><coordinates>-97.0359245,32.8945375,0 -97.0354057,32.8945511,0</coordinates></LineString></Placemark>
<Placemark><name>P129↔P130</name><description>P129 -&gt; P130 (50.2 m)</description><styleUrl>#s5</styleUrl><ExtendedData><Data name="cpFrom"><value>n507</value></Data><Data name="cpTo"><value>n364</value></Data></ExtendedData><LineString><tessellate>1</tessellate><coordinates>-97.035996,32.894917,0 -97.03636,32.894585,0</coordinates></LineString></Placemark>
<Placemark><name>P130↔C33</name><description>P130 -&gt; C33 (25.8 m)</description><styleUrl>#s5</styleUrl><ExtendedData><Data name="cpFrom"><value>n364</value></Data><Data name="cpTo"><value>n247</value></Data></ExtendedData><LineString><tessellate>1</tessellate><coordinates>-97.03636,32.894585,0 -97.0365054,32.8947826,0</coordinates></LineString></Placemark>
<Placemark><name>P13↔B10B</name><description>P13 -&gt; B10B (21.0 m)</description><styleUrl>#s5</styleUrl><ExtendedData><Data name="cpFrom"><value>n381</value></Data><Data name="cpTo"><value>n116</value></Data></ExtendedData><LineString><tessellate>1</tessellate><coordinates>-97.044545,32.902124,0 -97.044372,32.902245,0</coordinates></LineString></Placemark>
<Placemark><name>P13↔P14</name><description>P13 -&gt; P14 (29.0 m)</description><styleUrl>#s5</styleUrl><ExtendedData><Data name="cpFrom"><value>n381</value></Data><Data name="cpTo"><value>n329</value></Data></ExtendedData><LineString><tessellate>1</tessellate><coordinates>-97.044545,32.902124,0 -97.044783,32.902292,0</coordinates></LineString></Placemark>
<Placemark><name>P130↔P131</name><description>P130 -&gt; P131 (10.1 m)</description><styleUrl>#s5</styleUrl><ExtendedData><Data name="cpFrom"><value>n364</value></Data><Data name="cpTo"><value>n423</value></Data></ExtendedData><LineString><tessellate>1</tessellate><coordinates>-97.03636,32.894585,0 -97.036435,32.894519,0</coordinates></LineString></Placemark>
<Placemark><name>P132↔P131</name><description>P132 -&gt; P131 (45.0 m)</description><styleUrl>#s5</styleUrl><ExtendedData><Data name="cpFrom"><value>n407</value></Data><Data name="cpTo"><value>n423</value></Data></ExtendedData><LineString><tessellate>1</tessellate><coordinates>-97.0369141,32.8944786,0 -97.036435,32.894519,0</coordinates></LineString></Placemark>
<Placemark><name>P132↔C34</name><description>P132 -&gt; C34 (26.4 m)</description><styleUrl>#s5</styleUrl><ExtendedData><Data name="cpFrom"><value>n407</value></Data><Data name="cpTo"><value>n248</value></Data></ExtendedData><LineString><tessellate>1</tessellate><coordinates>-97.0369141,32.8944786,0 -97.0369395,32.8947149,0</coordinates></LineString></Placemark>
<Placemark><name>P131↔P302</name><description>P131 -&gt; P302 (96.2 m)</description><styleUrl>#s5</styleUrl><ExtendedData><Data name="cpFrom"><value>n423</value></Data><Data name="cpTo"><value>n543</value></Data></ExtendedData><LineString><tessellate>1</tessellate><coordinates>-97.036435,32.894519,0 -97.0354057,32.8945511,0</coordinates></LineString></Placemark>
<Placemark><name>P133↔C35</name><description>P133 -&gt; C35 (26.0 m)</description><styleUrl>#s5</styleUrl><ExtendedData><Data name="cpFrom"><value>n485</value></Data><Data name="cpTo"><value>n249</value></Data></ExtendedData><LineString><tessellate>1</tessellate><coordinates>-97.0374505,32.8944581,0 -97.0374607,32.894692,0</coordinates></LineString></Placemark>
<Placemark><name>P133↔P134</name><description>P133 -&gt; P134 (42.3 m)</description><styleUrl>#s5</styleUrl><ExtendedData><Data name="cpFrom"><value>n485</value></Data><Data name="cpTo"><value>n451</value></Data></ExtendedData><LineString><tessellate>1</tessellate><coordinates>-97.0374505,32.8944581,0 -97.0379034,32.8944447,0</coordinates></LineString></Placemark>
<Placemark><name>P134↔C36</name><description>P134 -&gt; C36 (22.9 m)</description><styleUrl>#s5</styleUrl><ExtendedData><Data name="cpFrom"><value>n451</value></Data><Data name="cpTo"><value>n250</value></Data></ExtendedData><LineString><tessellate>1</tessellate><coordinates>-97.0379034,32.8944447,0 -97.0379043,32.8946508,0</coordinates></LineString></Placemark>
<Placemark><name>P134↔P135</name><description>P134 -&gt; P135 (35.2 m)</description><styleUrl>#s5</styleUrl><ExtendedData><Data name="cpFrom"><value>n451</value></Data><Data name="cpTo"><value>n405</value></Data></ExtendedData><LineString><tessellate>1</tessellate><coordinates>-97.0379034,32.8944447,0 -97.0382802,32.8944444,0</coordinates></LineString></Placemark>
<Placemark><name>P135↔C37</name><description>P135 -&gt; C37 (22.7 m)</description><styleUrl>#s5</styleUrl><ExtendedData><Data name="cpFrom"><value>n405</value></Data><Data name="cpTo"><value>n251</value></Data></ExtendedData><LineString><tessellate>1</tessellate><coordinates>-97.0382802,32.8944444,0 -97.0382938,32.8946483,0</coordinates></LineString></Placemark>
<Placemark><name>P135↔P136</name><description>P135 -&gt; P136 (21.8 m)</description><styleUrl>#s5</styleUrl><ExtendedData><Data name="cpFrom"><value>n405</value></Data><Data name="cpTo"><value>n456</value></Data></ExtendedData><LineString><tessellate>1</tessellate><coordinates>-97.0382802,32.8944444,0 -97.0385131,32.8944339,0</coordinates></LineString></Placemark>
<Placemark><name>P136↔C38</name><description>P136 -&gt; C38 (22.7 m)</description><styleUrl>#s5</styleUrl><ExtendedData><Data name="cpFrom"><value>n456</value></Data><Data name="cpTo"><value>n252</value></Data></ExtendedData><LineString><tessellate>1</tessellate><coordinates>-97.0385131,32.8944339,0 -97.0385652,32.8946335,0</coordinates></LineString></Placemark>
<Placemark><name>P136↔P137</name><description>P136 -&gt; P137 (21.6 m)</description><styleUrl>#s5</styleUrl><ExtendedData><Data name="cpFrom"><value>n456</value></Data><Data name="cpTo"><value>n400</value></Data></ExtendedData><LineString><tessellate>1</tessellate><coordinates>-97.0385131,32.8944339,0 -97.0386956,32.8943145,0</coordinates></LineString></Placemark>
<Placemark><name>P137↔C39</name><description>P137 -&gt; C39 (26.1 m)</description><styleUrl>#s5</styleUrl><ExtendedData><Data name="cpFrom"><value>n400</value></Data><Data name="cpTo"><value>n253</value></Data></ExtendedData><LineString><tessellate>1</tessellate><coordinates>-97.0386956,32.8943145,0 -97.0388081,32.8945291,0</coordinates></LineString></Placemark>
<Placemark><name>P137↔P137B</name><description>P137 -&gt; P137B (16.6 m)</description><styleUrl>#s5</styleUrl><ExtendedData><Data name="cpFrom"><value>n400</value></Data><Data name="cpTo"><value>n374</value></Data></ExtendedData><LineString><tessellate>1</tessellate><coordinates>-97.0386956,32.8943145,0 -97.038873,32.89431,0</coordinates></LineString></Placemark>
<Placemark><name>P137B↔P138</name><description>P137B -&gt; P138 (21.0 m)</description><styleUrl>#s5</styleUrl><ExtendedData><Data name="cpFrom"><value>n374</value></Data><Data name="cpTo"><value>n520</value></Data></ExtendedData><LineString><tessellate>1</tessellate><coordinates>-97.038873,32.89431,0 -97.039098,32.894309,0</coordinates></LineString></Placemark>
<Placemark><name>P138↔P139</name><description>P138 -&gt; P139 (63.8 m)</description><styleUrl>#s5</styleUrl><ExtendedData><Data name="cpFrom"><value>n520</value></Data><Data name="cpTo"><value>n411</value></Data></ExtendedData><LineString><tessellate>1</tessellate><coordinates>-97.039098,32.894309,0 -97.039082,32.893735,0</coordinates></LineString></Placemark>
<Placemark><name>P138↔P196</name><description>P138 -&gt; P196 (21.2 m)</description><styleUrl>#s5</styleUrl><ExtendedData><Data name="cpFrom"><value>n520</value></Data><Data name="cpTo"><value>n536</value></Data></ExtendedData><LineString><tessellate>1</tessellate><coordinates>-97.039098,32.894309,0 -97.039292,32.89421,0</coordinates></LineString></Placemark>
<Placemark><name>P138↔CTPOINT</name><description>P138 -&gt; CTPOINT (73.0 m)</description><styleUrl>#s5</styleUrl><ExtendedData><Data name="cpFrom"><value>n520</value></Data><Data name="cpTo"><value>n43</value></Data></ExtendedData><LineString><tessellate>1</tessellate><coordinates>-97.039098,32.894309,0 -97.039156,32.894964,0</coordinates></LineString></Placemark>
<Placemark><name>P139↔P140</name><description>P139 -&gt; P140 (144.4 m)</description><styleUrl>#s5</styleUrl><ExtendedData><Data name="cpFrom"><value>n411</value></Data><Data name="cpTo"><value>n529</value></Data></ExtendedData><LineString><tessellate>1</tessellate><coordinates>-97.039082,32.893735,0 -97.037536,32.893696,0</coordinates></LineString></Placemark>
<Placemark><name>P139↔P197</name><description>P139 -&gt; P197 (19.3 m)</description><styleUrl>#s5</styleUrl><ExtendedData><Data name="cpFrom"><value>n411</value></Data><Data name="cpTo"><value>n332</value></Data></ExtendedData><LineString><tessellate>1</tessellate><coordinates>-97.039082,32.893735,0 -97.039287,32.893756,0</coordinates></LineString></Placemark>
<Placemark><name>P139↔E2</name><description>P139 -&gt; E2 (28.0 m)</description><styleUrl>#s5</styleUrl><ExtendedData><Data name="cpFrom"><value>n411</value></Data><Data name="cpTo"><value>n184</value></Data></ExtendedData><LineString><tessellate>1</tessellate><coordinates>-97.039082,32.893735,0 -97.0389553,32.8935072,0</coordinates></LineString></Placemark>
<Placemark><name>P14↔B11</name><description>P14 -&gt; B11 (20.8 m)</description><styleUrl>#s5</styleUrl><ExtendedData><Data name="cpFrom"><value>n329</value></Data><Data name="cpTo"><value>n117</value></Data></ExtendedData><LineString><tessellate>1</tessellate><coordinates>-97.044783,32.902292,0 -97.044632,32.90243,0</coordinates></LineString></Placemark>
<Placemark><name>P14↔P15</name><description>P14 -&gt; P15 (32.2 m)</description><styleUrl>#s5</styleUrl><ExtendedData><Data name="cpFrom"><value>n329</value></Data><Data name="cpTo"><value>n367</value></Data></ExtendedData><LineString><tessellate>1</tessellate><coordinates>-97.044783,32.902292,0 -97.045007,32.902512,0</coordinates></LineString></Placemark>
<Placemark><name>P140↔P141</name><description>P140 -&gt; P141 (48.4 m)</description><styleUrl>#s5</styleUrl><ExtendedData><Data name="cpFrom"><value>n529</value></Data><Data name="cpTo"><value>n487</value></Data></ExtendedData><LineString><tessellate>1</tessellate><coordinates>-97.037536,32.893696,0 -97.037042,32.893563,0</coordinates></LineString></Placemark>
<Placemark><name>P141↔E7</name><description>P141 -&gt; E7 (33.9 m)</description><styleUrl>#s5</styleUrl><ExtendedData><Data name="cpFrom"><value>n487</value></Data><Data name="cpTo"><value>n185</value></Data></ExtendedData><LineString><tessellate>1</tessellate><coordinates>-97.037042,32.893563,0 -97.037079,32.89326,0</coordinates></LineString></Placemark>
<Placemark><name>P143↔E10</name><description>P143 -&gt; E10 (47.6 m)</description><styleUrl>#s5</styleUrl><ExtendedData><Data name="cpFrom"><value>n528</value></Data><Data name="cpTo"><value>n186</value></Data></ExtendedData><LineString><tessellate>1</tessellate><coordinates>-97.035477,32.892497,0 -97.03594,32.892677,0</coordinates></LineString></Placemark>
<Placemark><name>P141↔P142</name><description>P141 -&gt; P142 (55.5 m)</description><styleUrl>#s5</styleUrl><ExtendedData><Data name="cpFrom"><value>n487</value></Data><Data name="cpTo"><value>n495</value></Data></ExtendedData><LineString><tessellate>1</tessellate><coordinates>-97.037042,32.893563,0 -97.036505,32.893349,0</coordinates></LineString></Placemark>
<Placemark><name>P142↔P143</name><description>P142 -&gt; P143 (134.9 m)</description><styleUrl>#s5</styleUrl><ExtendedData><Data name="cpFrom"><value>n495</value></Data><Data name="cpTo"><value>n528</value></Data></ExtendedData><LineString><tessellate>1</tessellate><coordinates>-97.036505,32.893349,0 -97.035477,32.892497,0</coordinates></LineString></Placemark>
<Placemark><name>P143↔P144</name><description>P143 -&gt; P144 (70.2 m)</description><styleUrl>#s5</styleUrl><ExtendedData><Data name="cpFrom"><value>n528</value></Data><Data name="cpTo"><value>n466</value></Data></ExtendedData><LineString><tessellate>1</tessellate><coordinates>-97.035477,32.892497,0 -97.035082,32.89196,0</coordinates></LineString></Placemark>
<Placemark><name>P144↔P145</name><description>P144 -&gt; P145 (61.4 m)</description><styleUrl>#s5</styleUrl><ExtendedData><Data name="cpFrom"><value>n466</value></Data><Data name="cpTo"><value>n516</value></Data></ExtendedData><LineString><tessellate>1</tessellate><coordinates>-97.035082,32.89196,0 -97.034818,32.891454,0</coordinates></LineString></Placemark>
<Placemark><name>P145↔P146</name><description>P145 -&gt; P146 (16.4 m)</description><styleUrl>#s5</styleUrl><ExtendedData><Data name="cpFrom"><value>n516</value></Data><Data name="cpTo"><value>n497</value></Data></ExtendedData><LineString><tessellate>1</tessellate><coordinates>-97.034818,32.891454,0 -97.034776,32.891311,0</coordinates></LineString></Placemark>
<Placemark><name>P146↔P147</name><description>P146 -&gt; P147 (102.6 m)</description><styleUrl>#s5</styleUrl><ExtendedData><Data name="cpFrom"><value>n497</value></Data><Data name="cpTo"><value>n527</value></Data></ExtendedData><LineString><tessellate>1</tessellate><coordinates>-97.034776,32.891311,0 -97.034722,32.890389,0</coordinates></LineString></Placemark>
<Placemark><name>P147↔P148</name><description>P147 -&gt; P148 (232.2 m)</description><styleUrl>#s5</styleUrl><ExtendedData><Data name="cpFrom"><value>n527</value></Data><Data name="cpTo"><value>n403</value></Data></ExtendedData><LineString><tessellate>1</tessellate><coordinates>-97.034722,32.890389,0 -97.035489,32.888403,0</coordinates></LineString></Placemark>
<Placemark><name>P147↔P202</name><description>P147 -&gt; P202 (146.9 m)</description><styleUrl>#s5</styleUrl><ExtendedData><Data name="cpFrom"><value>n527</value></Data><Data name="cpTo"><value>n461</value></Data></ExtendedData><LineString><tessellate>1</tessellate><coordinates>-97.034722,32.890389,0 -97.034449,32.889088,0</coordinates></LineString></Placemark>
<Placemark><name>P147↔E21</name><description>P147 -&gt; E21 (178.0 m)</description><styleUrl>#s5</styleUrl><ExtendedData><Data name="cpFrom"><value>n527</value></Data><Data name="cpTo"><value>n187</value></Data></ExtendedData><LineString><tessellate>1</tessellate><coordinates>-97.034722,32.890389,0 -97.035422,32.8889,0</coordinates></LineString></Placemark>
<Placemark><name>P148↔E21</name><description>P148 -&gt; E21 (55.6 m)</description><styleUrl>#s5</styleUrl><ExtendedData><Data name="cpFrom"><value>n403</value></Data><Data name="cpTo"><value>n187</value></Data></ExtendedData><LineString><tessellate>1</tessellate><coordinates>-97.035489,32.888403,0 -97.035422,32.8889,0</coordinates></LineString></Placemark>
<Placemark><name>P149↔P150</name><description>P149 -&gt; P150 (49.2 m)</description><styleUrl>#s5</styleUrl><ExtendedData><Data name="cpFrom"><value>n492</value></Data><Data name="cpTo"><value>n435</value></Data></ExtendedData><LineString><tessellate>1</tessellate><coordinates>-97.036259,32.887654,0 -97.036709,32.887424,0</coordinates></LineString></Placemark>
<Placemark><name>P15↔B12A</name><description>P15 -&gt; B12A (24.3 m)</description><styleUrl>#s5</styleUrl><ExtendedData><Data name="cpFrom"><value>n367</value></Data><Data name="cpTo"><value>n119</value></Data></ExtendedData><LineString><tessellate>1</tessellate><coordinates>-97.045007,32.902512,0 -97.044799,32.902643,0</coordinates></LineString></Placemark>
<Placemark><name>P15↔P16</name><description>P15 -&gt; P16 (28.2 m)</description><styleUrl>#s5</styleUrl><ExtendedData><Data name="cpFrom"><value>n367</value></Data><Data name="cpTo"><value>n453</value></Data></ExtendedData><LineString><tessellate>1</tessellate><coordinates>-97.045007,32.902512,0 -97.04521,32.9027,0</coordinates></LineString></Placemark>
<Placemark><name>P150↔E34</name><description>P150 -&gt; E34 (32.7 m)</description><styleUrl>#s5</styleUrl><ExtendedData><Data name="cpFrom"><value>n435</value></Data><Data name="cpTo"><value>n211</value></Data></ExtendedData><LineString><tessellate>1</tessellate><coordinates>-97.036709,32.887424,0 -97.036883,32.887679,0</coordinates></LineString></Placemark>
<Placemark><name>P150↔E34A</name><description>P150 -&gt; E34A (23.4 m)</description><styleUrl>#s5</styleUrl><ExtendedData><Data name="cpFrom"><value>n435</value></Data><Data name="cpTo"><value>n212</value></Data></ExtendedData><LineString><tessellate>1</tessellate><coordinates>-97.036709,32.887424,0 -97.0368,32.88762,0</coordinates></LineString></Placemark>
<Placemark><name>P150↔P151</name><description>P150 -&gt; P151 (46.5 m)</description><styleUrl>#s5</styleUrl><ExtendedData><Data name="cpFrom"><value>n435</value></Data><Data name="cpTo"><value>n337</value></Data></ExtendedData><LineString><tessellate>1</tessellate><coordinates>-97.036709,32.887424,0 -97.037173,32.887273,0</coordinates></LineString></Placemark>
<Placemark><name>P151↔E35</name><description>P151 -&gt; E35 (30.1 m)</description><styleUrl>#s5</styleUrl><ExtendedData><Data name="cpFrom"><value>n337</value></Data><Data name="cpTo"><value>n213</value></Data></ExtendedData><LineString><tessellate>1</tessellate><coordinates>-97.037173,32.887273,0 -97.037326,32.887511,0</coordinates></LineString></Placemark>
<Placemark><name>P151↔P152</name><description>P151 -&gt; P152 (48.1 m)</description><styleUrl>#s5</styleUrl><ExtendedData><Data name="cpFrom"><value>n337</value></Data><Data name="cpTo"><value>n526</value></Data></ExtendedData><LineString><tessellate>1</tessellate><coordinates>-97.037173,32.887273,0 -97.03768,32.887194,0</coordinates></LineString></Placemark>
<Placemark><name>P151↔E35A</name><description>P151 -&gt; E35A (14.8 m)</description><styleUrl>#s5</styleUrl><ExtendedData><Data name="cpFrom"><value>n337</value></Data><Data name="cpTo"><value>n214</value></Data></ExtendedData><LineString><tessellate>1</tessellate><coordinates>-97.037173,32.887273,0 -97.03731,32.88734,0</coordinates></LineString></Placemark>
<Placemark><name>P151↔E35B</name><description>P151 -&gt; E35B (17.3 m)</description><styleUrl>#s5</styleUrl><ExtendedData><Data name="cpFrom"><value>n337</value></Data><Data name="cpTo"><value>n215</value></Data></ExtendedData><LineString><tessellate>1</tessellate><coordinates>-97.037173,32.887273,0 -97.03728,32.8874,0</coordinates></LineString></Placemark>
<Placemark><name>P152↔E36</name><description>P152 -&gt; E36 (23.0 m)</description><styleUrl>#s5</styleUrl><ExtendedData><Data name="cpFrom"><value>n526</value></Data><Data name="cpTo"><value>n216</value></Data></ExtendedData><LineString><tessellate>1</tessellate><coordinates>-97.03768,32.887194,0 -97.037735,32.887396,0</coordinates></LineString></Placemark>
<Placemark><name>P152↔P153</name><description>P152 -&gt; P153 (40.4 m)</description><styleUrl>#s5</styleUrl><ExtendedData><Data name="cpFrom"><value>n526</value></Data><Data name="cpTo"><value>n362</value></Data></ExtendedData><LineString><tessellate>1</tessellate><coordinates>-97.03768,32.887194,0 -97.038106,32.887129,0</coordinates></LineString></Placemark>
<Placemark><name>P153↔E37</name><description>P153 -&gt; E37 (26.1 m)</description><styleUrl>#s5</styleUrl><ExtendedData><Data name="cpFrom"><value>n362</value></Data><Data name="cpTo"><value>n217</value></Data></ExtendedData><LineString><tessellate>1</tessellate><coordinates>-97.038106,32.887129,0 -97.038207,32.887348,0</coordinates></LineString></Placemark>
<Placemark><name>P153↔P154</name><description>P153 -&gt; P154 (77.6 m)</description><styleUrl>#s5</styleUrl><ExtendedData><Data name="cpFrom"><value>n362</value></Data><Data name="cpTo"><value>n380</value></Data></ExtendedData><LineString><tessellate>1</tessellate><coordinates>-97.038106,32.887129,0 -97.038933,32.88706,0</coordinates></LineString></Placemark>
<Placemark><name>P154↔E38</name><description>P154 -&gt; E38 (25.1 m)</description><styleUrl>#s5</styleUrl><ExtendedData><Data name="cpFrom"><value>n380</value></Data><Data name="cpTo"><value>n220</value></Data></ExtendedData><LineString><tessellate>1</tessellate><coordinates>-97.038933,32.88706,0 -97.038856,32.887276,0</coordinates></LineString></Placemark>
<Placemark><name>P154↔E38A</name><description>P154 -&gt; E38A (28.4 m)</description><styleUrl>#s5</styleUrl><ExtendedData><Data name="cpFrom"><value>n380</value></Data><Data name="cpTo"><value>n221</value></Data></ExtendedData><LineString><tessellate>1</tessellate><coordinates>-97.038933,32.88706,0 -97.038942,32.887315,0</coordinates></LineString></Placemark>
<Placemark><name>P154↔E38B</name><description>P154 -&gt; E38B (30.4 m)</description><styleUrl>#s5</styleUrl><ExtendedData><Data name="cpFrom"><value>n380</value></Data><Data name="cpTo"><value>n222</value></Data></ExtendedData><LineString><tessellate>1</tessellate><coordinates>-97.038933,32.88706,0 -97.039012,32.887325,0</coordinates></LineString></Placemark>
<Placemark><name>P155↔D40</name><description>P155 -&gt; D40 (52.5 m)</description><styleUrl>#s5</styleUrl><ExtendedData><Data name="cpFrom"><value>n488</value></Data><Data name="cpTo"><value>n311</value></Data></ExtendedData><LineString><tessellate>1</tessellate><coordinates>-97.042541,32.900472,0 -97.042252,32.900067,0</coordinates></LineString></Placemark>
<Placemark><name>P155↔D-HIGH</name><description>P155 -&gt; D-HIGH (80.1 m)</description><styleUrl>#s5</styleUrl><ExtendedData><Data name="cpFrom"><value>n488</value></Data><Data name="cpTo"><value>n51</value></Data></ExtendedData><LineString><tessellate>1</tessellate><coordinates>-97.042541,32.900472,0 -97.041742,32.900209,0</coordinates></LineString></Placemark>
<Placemark><name>P156↔D37</name><description>P156 -&gt; D37 (44.4 m)</description><styleUrl>#s5</styleUrl><ExtendedData><Data name="cpFrom"><value>n432</value></Data><Data name="cpTo"><value>n306</value></Data></ExtendedData><LineString><tessellate>1</tessellate><coordinates>-97.043177,32.900484,0 -97.043141,32.900086,0</coordinates></LineString></Placemark>
<Placemark><name>P156↔P157</name><description>P156 -&gt; P157 (48.9 m)</description><styleUrl>#s5</styleUrl><ExtendedData><Data name="cpFrom"><value>n432</value></Data><Data name="cpTo"><value>n327</value></Data></ExtendedData><LineString><tessellate>1</tessellate><coordinates>-97.043177,32.900484,0 -97.043701,32.900493,0</coordinates></LineString></Placemark>
<Placemark><name>P157↔D36</name><description>P157 -&gt; D36 (39.6 m)</description><styleUrl>#s5</styleUrl><ExtendedData><Data name="cpFrom"><value>n327</value></Data><Data name="cpTo"><value>n305</value></Data></ExtendedData><LineString><tessellate>1</tessellate><coordinates>-97.043701,32.900493,0 -97.043671,32.900138,0</coordinates></LineString></Placemark>
<Placemark><name>P157↔P158</name><description>P157 -&gt; P158 (51.8 m)</description><styleUrl>#s5</styleUrl><ExtendedData><Data name="cpFrom"><value>n327</value></Data><Data name="cpTo"><value>n452</value></Data></ExtendedData><LineString><tessellate>1</tessellate><coordinates>-97.043701,32.900493,0 -97.044256,32.900498,0</coordinates></LineString></Placemark>
<Placemark><name>P158↔D34</name><description>P158 -&gt; D34 (44.9 m)</description><styleUrl>#s5</styleUrl><ExtendedData><Data name="cpFrom"><value>n452</value></Data><Data name="cpTo"><value>n304</value></Data></ExtendedData><LineString><tessellate>1</tessellate><coordinates>-97.044256,32.900498,0 -97.044221,32.900095,0</coordinates></LineString></Placemark>
<Placemark><name>P158↔P159</name><description>P158 -&gt; P159 (66.5 m)</description><styleUrl>#s5</styleUrl><ExtendedData><Data name="cpFrom"><value>n452</value></Data><Data name="cpTo"><value>n524</value></Data></ExtendedData><LineString><tessellate>1</tessellate><coordinates>-97.044256,32.900498,0 -97.044968,32.900502,0</coordinates></LineString></Placemark>
<Placemark><name>P159↔D33</name><description>P159 -&gt; D33 (42.6 m)</description><styleUrl>#s5</styleUrl><ExtendedData><Data name="cpFrom"><value>n524</value></Data><Data name="cpTo"><value>n303</value></Data></ExtendedData><LineString><tessellate>1</tessellate><coordinates>-97.044968,32.900502,0 -97.044827,32.900138,0</coordinates></LineString></Placemark>
<Placemark><name>P159↔P160</name><description>P159 -&gt; P160 (41.3 m)</description><styleUrl>#s5</styleUrl><ExtendedData><Data name="cpFrom"><value>n524</value></Data><Data name="cpTo"><value>n386</value></Data></ExtendedData><LineString><tessellate>1</tessellate><coordinates>-97.044968,32.900502,0 -97.04541,32.900502,0</coordinates></LineString></Placemark>
<Placemark><name>P16↔B12B</name><description>P16 -&gt; B12B (16.3 m)</description><styleUrl>#s5</styleUrl><ExtendedData><Data name="cpFrom"><value>n453</value></Data><Data name="cpTo"><value>n120</value></Data></ExtendedData><LineString><tessellate>1</tessellate><coordinates>-97.04521,32.9027,0 -97.045079,32.902797,0</coordinates></LineString></Placemark>
<Placemark><name>P16↔P17</name><description>P16 -&gt; P17 (31.8 m)</description><styleUrl>#s5</styleUrl><ExtendedData><Data name="cpFrom"><value>n453</value></Data><Data name="cpTo"><value>n422</value></Data></ExtendedData><LineString><tessellate>1</tessellate><coordinates>-97.04521,32.9027,0 -97.04543,32.902918,0</coordinates></LineString></Placemark>
<Placemark><name>P160↔D31</name><description>P160 -&gt; D31 (44.3 m)</description><styleUrl>#s5</styleUrl><ExtendedData><Data name="cpFrom"><value>n386</value></Data><Data name="cpTo"><value>n302</value></Data></ExtendedData><LineString><tessellate>1</tessellate><coordinates>-97.04541,32.900502,0 -97.04536,32.900106,0</coordinates></LineString></Placemark>
<Placemark><name>P160↔P161</name><description>P160 -&gt; P161 (62.1 m)</description><styleUrl>#s5</styleUrl><ExtendedData><Data name="cpFrom"><value>n386</value></Data><Data name="cpTo"><value>n439</value></Data></ExtendedData><LineString><tessellate>1</tessellate><coordinates>-97.04541,32.900502,0 -97.046075,32.900504,0</coordinates></LineString></Placemark>
<Placemark><name>P161↔D30</name><description>P161 -&gt; D30 (47.3 m)</description><styleUrl>#s5</styleUrl><ExtendedData><Data name="cpFrom"><value>n439</value></Data><Data name="cpTo"><value>n301</value></Data></ExtendedData><LineString><tessellate>1</tessellate><coordinates>-97.046075,32.900504,0 -97.045875,32.900113,0</coordinates></LineString></Placemark>
<Placemark><name>P161↔P162</name><description>P161 -&gt; P162 (15.8 m)</description><styleUrl>#s5</styleUrl><ExtendedData><Data name="cpFrom"><value>n439</value></Data><Data name="cpTo"><value>n459</value></Data></ExtendedData><LineString><tessellate>1</tessellate><coordinates>-97.046075,32.900504,0 -97.046178,32.900391,0</coordinates></LineString></Placemark>
<Placemark><name>P162↔P163</name><description>P162 -&gt; P163 (84.1 m)</description><styleUrl>#s5</styleUrl><ExtendedData><Data name="cpFrom"><value>n459</value></Data><Data name="cpTo"><value>n440</value></Data></ExtendedData><LineString><tessellate>1</tessellate><coordinates>-97.046178,32.900391,0 -97.046166,32.899635,0</coordinates></LineString></Placemark>
<Placemark><name>P163↔D29</name><description>P163 -&gt; D29 (21.9 m)</description><styleUrl>#s5</styleUrl><ExtendedData><Data name="cpFrom"><value>n440</value></Data><Data name="cpTo"><value>n297</value></Data></ExtendedData><LineString><tessellate>1</tessellate><coordinates>-97.046166,32.899635,0 -97.045939,32.899586,0</coordinates></LineString></Placemark>
<Placemark><name>P163↔P164</name><description>P163 -&gt; P164 (10.8 m)</description><styleUrl>#s5</styleUrl><ExtendedData><Data name="cpFrom"><value>n440</value></Data><Data name="cpTo"><value>n427</value></Data></ExtendedData><LineString><tessellate>1</tessellate><coordinates>-97.046166,32.899635,0 -97.04617,32.899538,0</coordinates></LineString></Placemark>
<Placemark><name>P164↔D29A</name><description>P164 -&gt; D29A (25.6 m)</description><styleUrl>#s5</styleUrl><ExtendedData><Data name="cpFrom"><value>n427</value></Data><Data name="cpTo"><value>n298</value></Data></ExtendedData><LineString><tessellate>1</tessellate><coordinates>-97.04617,32.899538,0 -97.045903,32.899486,0</coordinates></LineString></Placemark>
<Placemark><name>P164↔P165</name><description>P164 -&gt; P165 (42.4 m)</description><styleUrl>#s5</styleUrl><ExtendedData><Data name="cpFrom"><value>n427</value></Data><Data name="cpTo"><value>n530</value></Data></ExtendedData><LineString><tessellate>1</tessellate><coordinates>-97.04617,32.899538,0 -97.046174,32.899157,0</coordinates></LineString></Placemark>
<Placemark><name>P165↔D28</name><description>P165 -&gt; D28 (27.5 m)</description><styleUrl>#s5</styleUrl><ExtendedData><Data name="cpFrom"><value>n530</value></Data><Data name="cpTo"><value>n296</value></Data></ExtendedData><LineString><tessellate>1</tessellate><coordinates>-97.046174,32.899157,0 -97.045881,32.899181,0</coordinates></LineString></Placemark>
<Placemark><name>P165↔P166</name><description>P165 -&gt; P166 (26.8 m)</description><styleUrl>#s5</styleUrl><ExtendedData><Data name="cpFrom"><value>n530</value></Data><Data name="cpTo"><value>n356</value></Data></ExtendedData><LineString><tessellate>1</tessellate><coordinates>-97.046174,32.899157,0 -97.046159,32.898916,0</coordinates></LineString></Placemark>
<Placemark><name>P166↔D27A</name><description>P166 -&gt; D27A (24.6 m)</description><styleUrl>#s5</styleUrl><ExtendedData><Data name="cpFrom"><value>n356</value></Data><Data name="cpTo"><value>n295</value></Data></ExtendedData><LineString><tessellate>1</tessellate><coordinates>-97.046159,32.898916,0 -97.045896,32.89892,0</coordinates></LineString></Placemark>
<Placemark><name>P166↔P167</name><description>P166 -&gt; P167 (15.1 m)</description><styleUrl>#s5</styleUrl><ExtendedData><Data name="cpFrom"><value>n356</value></Data><Data name="cpTo"><value>n448</value></Data></ExtendedData><LineString><tessellate>1</tessellate><coordinates>-97.046159,32.898916,0 -97.046176,32.898781,0</coordinates></LineString></Placemark>
<Placemark><name>P167↔D27</name><description>P167 -&gt; D27 (39.4 m)</description><styleUrl>#s5</styleUrl><ExtendedData><Data name="cpFrom"><value>n448</value></Data><Data name="cpTo"><value>n294</value></Data></ExtendedData><LineString><tessellate>1</tessellate><coordinates>-97.046176,32.898781,0 -97.045755,32.898804,0</coordinates></LineString></Placemark>
<Placemark><name>P167↔P168</name><description>P167 -&gt; P168 (42.8 m)</description><styleUrl>#s5</styleUrl><ExtendedData><Data name="cpFrom"><value>n448</value></Data><Data name="cpTo"><value>n430</value></Data></ExtendedData><LineString><tessellate>1</tessellate><coordinates>-97.046176,32.898781,0 -97.046183,32.898396,0</coordinates></LineString></Placemark>
<Placemark><name>P168↔D25A</name><description>P168 -&gt; D25A (23.4 m)</description><styleUrl>#s5</styleUrl><ExtendedData><Data name="cpFrom"><value>n430</value></Data><Data name="cpTo"><value>n293</value></Data></ExtendedData><LineString><tessellate>1</tessellate><coordinates>-97.046183,32.898396,0 -97.045932,32.898393,0</coordinates></LineString></Placemark>
<Placemark><name>P168↔P169</name><description>P168 -&gt; P169 (16.6 m)</description><styleUrl>#s5</styleUrl><ExtendedData><Data name="cpFrom"><value>n430</value></Data><Data name="cpTo"><value>n361</value></Data></ExtendedData><LineString><tessellate>1</tessellate><coordinates>-97.046183,32.898396,0 -97.04619,32.898247,0</coordinates></LineString></Placemark>
<Placemark><name>P169↔D25</name><description>P169 -&gt; D25 (28.6 m)</description><styleUrl>#s5</styleUrl><ExtendedData><Data name="cpFrom"><value>n361</value></Data><Data name="cpTo"><value>n292</value></Data></ExtendedData><LineString><tessellate>1</tessellate><coordinates>-97.04619,32.898247,0 -97.045885,32.898268,0</coordinates></LineString></Placemark>
<Placemark><name>P169↔P170</name><description>P169 -&gt; P170 (57.5 m)</description><styleUrl>#s5</styleUrl><ExtendedData><Data name="cpFrom"><value>n361</value></Data><Data name="cpTo"><value>n355</value></Data></ExtendedData><LineString><tessellate>1</tessellate><coordinates>-97.04619,32.898247,0 -97.046181,32.89773,0</coordinates></LineString></Placemark>
<Placemark><name>P17↔B13</name><description>P17 -&gt; B13 (18.9 m)</description><styleUrl>#s5</styleUrl><ExtendedData><Data name="cpFrom"><value>n422</value></Data><Data name="cpTo"><value>n121</value></Data></ExtendedData><LineString><tessellate>1</tessellate><coordinates>-97.04543,32.902918,0 -97.045256,32.903004,0</coordinates></LineString></Placemark>
<Placemark><name>P17↔P18</name><description>P17 -&gt; P18 (29.3 m)</description><styleUrl>#s5</styleUrl><ExtendedData><Data name="cpFrom"><value>n422</value></Data><Data name="cpTo"><value>n333</value></Data></ExtendedData><LineString><tessellate>1</tessellate><coordinates>-97.04543,32.902918,0 -97.045571,32.903153,0</coordinates></LineString></Placemark>
<Placemark><name>P170↔D23A</name><description>P170 -&gt; D23A (23.6 m)</description><styleUrl>#s5</styleUrl><ExtendedData><Data name="cpFrom"><value>n355</value></Data><Data name="cpTo"><value>n290</value></Data></ExtendedData><LineString><tessellate>1</tessellate><coordinates>-97.046181,32.89773,0 -97.045928,32.897728,0</coordinates></LineString></Placemark>
<Placemark><name>P170↔P171</name><description>P170 -&gt; P171 (16.6 m)</description><styleUrl>#s5</styleUrl><ExtendedData><Data name="cpFrom"><value>n355</value></Data><Data name="cpTo"><value>n343</value></Data></ExtendedData><LineString><tessellate>1</tessellate><coordinates>-97.046181,32.89773,0 -97.046193,32.897581,0</coordinates></LineString></Placemark>
<Placemark><name>P171↔D23</name><description>P171 -&gt; D23 (29.6 m)</description><styleUrl>#s5</styleUrl><ExtendedData><Data name="cpFrom"><value>n343</value></Data><Data name="cpTo"><value>n289</value></Data></ExtendedData><LineString><tessellate>1</tessellate><coordinates>-97.046193,32.897581,0 -97.045881,32.89763,0</coordinates></LineString></Placemark>
<Placemark><name>P171↔P172</name><description>P171 -&gt; P172 (50.6 m)</description><styleUrl>#s5</styleUrl><ExtendedData><Data name="cpFrom"><value>n343</value></Data><Data name="cpTo"><value>n338</value></Data></ExtendedData><LineString><tessellate>1</tessellate><coordinates>-97.046193,32.897581,0 -97.046181,32.897126,0</coordinates></LineString></Placemark>
<Placemark><name>P172↔D22A</name><description>P172 -&gt; D22A (23.1 m)</description><styleUrl>#s5</styleUrl><ExtendedData><Data name="cpFrom"><value>n338</value></Data><Data name="cpTo"><value>n288</value></Data></ExtendedData><LineString><tessellate>1</tessellate><coordinates>-97.046181,32.897126,0 -97.045934,32.897142,0</coordinates></LineString></Placemark>
<Placemark><name>P172↔P173</name><description>P172 -&gt; P173 (11.6 m)</description><styleUrl>#s5</styleUrl><ExtendedData><Data name="cpFrom"><value>n338</value></Data><Data name="cpTo"><value>n491</value></Data></ExtendedData><LineString><tessellate>1</tessellate><coordinates>-97.046181,32.897126,0 -97.046177,32.897022,0</coordinates></LineString></Placemark>
<Placemark><name>P173↔D22</name><description>P173 -&gt; D22 (27.6 m)</description><styleUrl>#s5</styleUrl><ExtendedData><Data name="cpFrom"><value>n491</value></Data><Data name="cpTo"><value>n287</value></Data></ExtendedData><LineString><tessellate>1</tessellate><coordinates>-97.046177,32.897022,0 -97.045887,32.897069,0</coordinates></LineString></Placemark>
<Placemark><name>P173↔P174</name><description>P173 -&gt; P174 (42.9 m)</description><styleUrl>#s5</styleUrl><ExtendedData><Data name="cpFrom"><value>n491</value></Data><Data name="cpTo"><value>n436</value></Data></ExtendedData><LineString><tessellate>1</tessellate><coordinates>-97.046177,32.897022,0 -97.046181,32.896636,0</coordinates></LineString></Placemark>
<Placemark><name>P174↔D21A</name><description>P174 -&gt; D21A (33.4 m)</description><styleUrl>#s5</styleUrl><ExtendedData><Data name="cpFrom"><value>n436</value></Data><Data name="cpTo"><value>n286</value></Data></ExtendedData><LineString><tessellate>1</tessellate><coordinates>-97.046181,32.896636,0 -97.045823,32.896628,0</coordinates></LineString></Placemark>
<Placemark><name>P174↔P175</name><description>P174 -&gt; P175 (15.9 m)</description><styleUrl>#s5</styleUrl><ExtendedData><Data name="cpFrom"><value>n436</value></Data><Data name="cpTo"><value>n501</value></Data></ExtendedData><LineString><tessellate>1</tessellate><coordinates>-97.046181,32.896636,0 -97.046196,32.896494,0</coordinates></LineString></Placemark>
<Placemark><name>P175↔D21</name><description>P175 -&gt; D21 (33.9 m)</description><styleUrl>#s5</styleUrl><ExtendedData><Data name="cpFrom"><value>n501</value></Data><Data name="cpTo"><value>n285</value></Data></ExtendedData><LineString><tessellate>1</tessellate><coordinates>-97.046196,32.896494,0 -97.045835,32.896525,0</coordinates></LineString></Placemark>
<Placemark><name>P175↔P176</name><description>P175 -&gt; P176 (36.8 m)</description><styleUrl>#s5</styleUrl><ExtendedData><Data name="cpFrom"><value>n501</value></Data><Data name="cpTo"><value>n418</value></Data></ExtendedData><LineString><tessellate>1</tessellate><coordinates>-97.046196,32.896494,0 -97.046192,32.896163,0</coordinates></LineString></Placemark>
<Placemark><name>P176↔D20</name><description>P176 -&gt; D20 (34.6 m)</description><styleUrl>#s5</styleUrl><ExtendedData><Data name="cpFrom"><value>n418</value></Data><Data name="cpTo"><value>n284</value></Data></ExtendedData><LineString><tessellate>1</tessellate><coordinates>-97.046192,32.896163,0 -97.045829,32.896226,0</coordinates></LineString></Placemark>
<Placemark><name>P176↔P177</name><description>P176 -&gt; P177 (27.0 m)</description><styleUrl>#s5</styleUrl><ExtendedData><Data name="cpFrom"><value>n418</value></Data><Data name="cpTo"><value>n479</value></Data></ExtendedData><LineString><tessellate>1</tessellate><coordinates>-97.046192,32.896163,0 -97.046196,32.89592,0</coordinates></LineString></Placemark>
<Placemark><name>P177↔D18A</name><description>P177 -&gt; D18A (28.1 m)</description><styleUrl>#s5</styleUrl><ExtendedData><Data name="cpFrom"><value>n479</value></Data><Data name="cpTo"><value>n281</value></Data></ExtendedData><LineString><tessellate>1</tessellate><coordinates>-97.046196,32.89592,0 -97.045895,32.895929,0</coordinates></LineString></Placemark>
<Placemark><name>P177↔P178</name><description>P177 -&gt; P178 (11.8 m)</description><styleUrl>#s5</styleUrl><ExtendedData><Data name="cpFrom"><value>n479</value></Data><Data name="cpTo"><value>n469</value></Data></ExtendedData><LineString><tessellate>1</tessellate><coordinates>-97.046196,32.89592,0 -97.046184,32.895814,0</coordinates></LineString></Placemark>
<Placemark><name>P178↔D18</name><description>P178 -&gt; D18 (30.7 m)</description><styleUrl>#s5</styleUrl><ExtendedData><Data name="cpFrom"><value>n469</value></Data><Data name="cpTo"><value>n280</value></Data></ExtendedData><LineString><tessellate>1</tessellate><coordinates>-97.046184,32.895814,0 -97.045856,32.895829,0</coordinates></LineString></Placemark>
<Placemark><name>P178↔P179</name><description>P178 -&gt; P179 (51.3 m)</description><styleUrl>#s5</styleUrl><ExtendedData><Data name="cpFrom"><value>n469</value></Data><Data name="cpTo"><value>n369</value></Data></ExtendedData><LineString><tessellate>1</tessellate><coordinates>-97.046184,32.895814,0 -97.046193,32.895353,0</coordinates></LineString></Placemark>
<Placemark><name>P179↔D17X</name><description>P179 -&gt; D17X (26.6 m)</description><styleUrl>#s5</styleUrl><ExtendedData><Data name="cpFrom"><value>n369</value></Data><Data name="cpTo"><value>n279</value></Data></ExtendedData><LineString><tessellate>1</tessellate><coordinates>-97.046193,32.895353,0 -97.045915,32.895406,0</coordinates></LineString></Placemark>
<Placemark><name>P179↔P180</name><description>P179 -&gt; P180 (10.3 m)</description><styleUrl>#s5</styleUrl><ExtendedData><Data name="cpFrom"><value>n369</value></Data><Data name="cpTo"><value>n330</value></Data></ExtendedData><LineString><tessellate>1</tessellate><coordinates>-97.046193,32.895353,0 -97.046205,32.895261,0</coordinates></LineString></Placemark>
<Placemark><name>P18↔B14</name><description>P18 -&gt; B14 (17.3 m)</description><styleUrl>#s5</styleUrl><ExtendedData><Data name="cpFrom"><value>n333</value></Data><Data name="cpTo"><value>n122</value></Data></ExtendedData><LineString><tessellate>1</tessellate><coordinates>-97.045571,32.903153,0 -97.045403,32.903219,0</coordinates></LineString></Placemark>
<Placemark><name>P18↔P19</name><description>P18 -&gt; P19 (27.0 m)</description><styleUrl>#s5</styleUrl><ExtendedData><Data name="cpFrom"><value>n333</value></Data><Data name="cpTo"><value>n540</value></Data></ExtendedData><LineString><tessellate>1</tessellate><coordinates>-97.045571,32.903153,0 -97.045701,32.90337,0</coordinates></LineString></Placemark>
<Placemark><name>P18↔XFRBLF</name><description>P18 -&gt; XFRBLF (97.6 m)</description><styleUrl>#s5</styleUrl><ExtendedData><Data name="cpFrom"><value>n333</value></Data><Data name="cpTo"><value>n73</value></Data></ExtendedData><LineString><tessellate>1</tessellate><coordinates>-97.045571,32.903153,0 -97.04474,32.903686,0</coordinates></LineString></Placemark>
<Placemark><name>P18↔XFRBLM</name><description>P18 -&gt; XFRBLM (88.4 m)</description><styleUrl>#s5</styleUrl><ExtendedData><Data name="cpFrom"><value>n333</value></Data><Data name="cpTo"><value>n76</value></Data></ExtendedData><LineString><tessellate>1</tessellate><coordinates>-97.045571,32.903153,0 -97.04489,32.903706,0</coordinates></LineString></Placemark>
<Placemark><name>P180↔D17A</name><description>P180 -&gt; D17A (26.9 m)</description><styleUrl>#s5</styleUrl><ExtendedData><Data name="cpFrom"><value>n330</value></Data><Data name="cpTo"><value>n278</value></Data></ExtendedData><LineString><tessellate>1</tessellate><coordinates>-97.046205,32.895261,0 -97.045922,32.895306,0</coordinates></LineString></Placemark>
<Placemark><name>P180↔P181</name><description>P180 -&gt; P181 (44.6 m)</description><styleUrl>#s5</styleUrl><ExtendedData><Data name="cpFrom"><value>n330</value></Data><Data name="cpTo"><value>n465</value></Data></ExtendedData><LineString><tessellate>1</tessellate><coordinates>-97.046205,32.895261,0 -97.046198,32.89486,0</coordinates></LineString></Placemark>
<Placemark><name>P181↔P182</name><description>P181 -&gt; P182 (11.6 m)</description><styleUrl>#s5</styleUrl><ExtendedData><Data name="cpFrom"><value>n465</value></Data><Data name="cpTo"><value>n419</value></Data></ExtendedData><LineString><tessellate>1</tessellate><coordinates>-97.046198,32.89486,0 -97.046159,32.894761,0</coordinates></LineString></Placemark>
<Placemark><name>P182↔P183</name><description>P182 -&gt; P183 (12.1 m)</description><styleUrl>#s5</styleUrl><ExtendedData><Data name="cpFrom"><value>n419</value></Data><Data name="cpTo"><value>n441</value></Data></ExtendedData><LineString><tessellate>1</tessellate><coordinates>-97.046159,32.894761,0 -97.046037,32.894725,0</coordinates></LineString></Placemark>
<Placemark><name>P183↔P184</name><description>P183 -&gt; P184 (17.7 m)</description><styleUrl>#s5</styleUrl><ExtendedData><Data name="cpFrom"><value>n441</value></Data><Data name="cpTo"><value>n397</value></Data></ExtendedData><LineString><tessellate>1</tessellate><coordinates>-97.046037,32.894725,0 -97.045848,32.894739,0</coordinates></LineString></Placemark>
<Placemark><name>P184↔D16</name><description>P184 -&gt; D16 (43.7 m)</description><styleUrl>#s5</styleUrl><ExtendedData><Data name="cpFrom"><value>n397</value></Data><Data name="cpTo"><value>n275</value></Data></ExtendedData><LineString><tessellate>1</tessellate><coordinates>-97.045848,32.894739,0 -97.045648,32.895094,0</coordinates></LineString></Placemark>
<Placemark><name>P184↔D16X</name><description>P184 -&gt; D16X (43.7 m)</description><styleUrl>#s5</styleUrl><ExtendedData><Data name="cpFrom"><value>n397</value></Data><Data name="cpTo"><value>n276</value></Data></ExtendedData><LineString><tessellate>1</tessellate><coordinates>-97.045848,32.894739,0 -97.045648,32.895094,0</coordinates></LineString></Placemark>
<Placemark><name>P184↔D16A</name><description>P184 -&gt; D16A (43.7 m)</description><styleUrl>#s5</styleUrl><ExtendedData><Data name="cpFrom"><value>n397</value></Data><Data name="cpTo"><value>n409</value></Data></ExtendedData><LineString><tessellate>1</tessellate><coordinates>-97.045848,32.894739,0 -97.045648,32.895094,0</coordinates></LineString></Placemark>
<Placemark><name>P184↔P185</name><description>P184 -&gt; P185 (43.7 m)</description><styleUrl>#s5</styleUrl><ExtendedData><Data name="cpFrom"><value>n397</value></Data><Data name="cpTo"><value>n365</value></Data></ExtendedData><LineString><tessellate>1</tessellate><coordinates>-97.045848,32.894739,0 -97.04538,32.894739,0</coordinates></LineString></Placemark>
<Placemark><name>P185↔D15</name><description>P185 -&gt; D15 (42.0 m)</description><styleUrl>#s5</styleUrl><ExtendedData><Data name="cpFrom"><value>n365</value></Data><Data name="cpTo"><value>n271</value></Data></ExtendedData><LineString><tessellate>1</tessellate><coordinates>-97.04538,32.894739,0 -97.0452092,32.8950885,0</coordinates></LineString></Placemark>
<Placemark><name>P185↔D15A</name><description>P185 -&gt; D15A (38.6 m)</description><styleUrl>#s5</styleUrl><ExtendedData><Data name="cpFrom"><value>n365</value></Data><Data name="cpTo"><value>n272</value></Data></ExtendedData><LineString><tessellate>1</tessellate><coordinates>-97.04538,32.894739,0 -97.045228,32.8950615,0</coordinates></LineString></Placemark>
<Placemark><name>P185↔D15X</name><description>P185 -&gt; D15X (37.0 m)</description><styleUrl>#s5</styleUrl><ExtendedData><Data name="cpFrom"><value>n365</value></Data><Data name="cpTo"><value>n274</value></Data></ExtendedData><LineString><tessellate>1</tessellate><coordinates>-97.04538,32.894739,0 -97.045204,32.895037,0</coordinates></LineString></Placemark>
<Placemark><name>P185↔D15B</name><description>P185 -&gt; D15B (36.4 m)</description><styleUrl>#s5</styleUrl><ExtendedData><Data name="cpFrom"><value>n365</value></Data><Data name="cpTo"><value>n273</value></Data></ExtendedData><LineString><tessellate>1</tessellate><coordinates>-97.04538,32.894739,0 -97.0452427,32.8950457,0</coordinates></LineString></Placemark>
<Placemark><name>P185↔P186</name><description>P185 -&gt; P186 (74.9 m)</description><styleUrl>#s5</styleUrl><ExtendedData><Data name="cpFrom"><value>n365</value></Data><Data name="cpTo"><value>n538</value></Data></ExtendedData><LineString><tessellate>1</tessellate><coordinates>-97.04538,32.894739,0 -97.044578,32.894728,0</coordinates></LineString></Placemark>
<Placemark><name>P186↔D14</name><description>P186 -&gt; D14 (24.9 m)</description><styleUrl>#s5</styleUrl><ExtendedData><Data name="cpFrom"><value>n538</value></Data><Data name="cpTo"><value>n268</value></Data></ExtendedData><LineString><tessellate>1</tessellate><coordinates>-97.044578,32.894728,0 -97.0446499,32.8949433,0</coordinates></LineString></Placemark>
<Placemark><name>P186↔D14A</name><description>P186 -&gt; D14A (26.2 m)</description><styleUrl>#s5</styleUrl><ExtendedData><Data name="cpFrom"><value>n538</value></Data><Data name="cpTo"><value>n269</value></Data></ExtendedData><LineString><tessellate>1</tessellate><coordinates>-97.044578,32.894728,0 -97.0445306,32.8949602,0</coordinates></LineString></Placemark>
<Placemark><name>P186↔D14X</name><description>P186 -&gt; D14X (45.9 m)</description><styleUrl>#s5</styleUrl><ExtendedData><Data name="cpFrom"><value>n538</value></Data><Data name="cpTo"><value>n270</value></Data></ExtendedData><LineString><tessellate>1</tessellate><coordinates>-97.044578,32.894728,0 -97.044761,32.895111,0</coordinates></LineString></Placemark>
<Placemark><name>P186↔P187</name><description>P186 -&gt; P187 (54.2 m)</description><styleUrl>#s5</styleUrl><ExtendedData><Data name="cpFrom"><value>n538</value></Data><Data name="cpTo"><value>n537</value></Data></ExtendedData><LineString><tessellate>1</tessellate><coordinates>-97.044578,32.894728,0 -97.043998,32.894739,0</coordinates></LineString></Placemark>
<Placemark><name>P187↔D12</name><description>P187 -&gt; D12 (40.9 m)</description><styleUrl>#s5</styleUrl><ExtendedData><Data name="cpFrom"><value>n537</value></Data><Data name="cpTo"><value>n265</value></Data></ExtendedData><LineString><tessellate>1</tessellate><coordinates>-97.043998,32.894739,0 -97.0440961,32.8950975,0</coordinates></LineString></Placemark>
<Placemark><name>P187↔D12A</name><description>P187 -&gt; D12A (40.3 m)</description><styleUrl>#s5</styleUrl><ExtendedData><Data name="cpFrom"><value>n537</value></Data><Data name="cpTo"><value>n266</value></Data></ExtendedData><LineString><tessellate>1</tessellate><coordinates>-97.043998,32.894739,0 -97.0442195,32.8950503,0</coordinates></LineString></Placemark>
<Placemark><name>P187↔D12B</name><description>P187 -&gt; D12B (36.4 m)</description><styleUrl>#s5</styleUrl><ExtendedData><Data name="cpFrom"><value>n537</value></Data><Data name="cpTo"><value>n267</value></Data></ExtendedData><LineString><tessellate>1</tessellate><coordinates>-97.043998,32.894739,0 -97.0440196,32.895066,0</coordinates></LineString></Placemark>
<Placemark><name>P187↔P188</name><description>P187 -&gt; P188 (48.5 m)</description><styleUrl>#s5</styleUrl><ExtendedData><Data name="cpFrom"><value>n537</value></Data><Data name="cpTo"><value>n443</value></Data></ExtendedData><LineString><tessellate>1</tessellate><coordinates>-97.043998,32.894739,0 -97.043479,32.894728,0</coordinates></LineString></Placemark>
<Placemark><name>P188↔D11</name><description>P188 -&gt; D11 (41.2 m)</description><styleUrl>#s5</styleUrl><ExtendedData><Data name="cpFrom"><value>n443</value></Data><Data name="cpTo"><value>n263</value></Data></ExtendedData><LineString><tessellate>1</tessellate><coordinates>-97.043479,32.894728,0 -97.0436763,32.8950593,0</coordinates></LineString></Placemark>
<Placemark><name>P188↔P189</name><description>P188 -&gt; P189 (22.4 m)</description><styleUrl>#s5</styleUrl><ExtendedData><Data name="cpFrom"><value>n443</value></Data><Data name="cpTo"><value>n402</value></Data></ExtendedData><LineString><tessellate>1</tessellate><coordinates>-97.043479,32.894728,0 -97.043239,32.894723,0</coordinates></LineString></Placemark>
<Placemark><name>P188↔D11A</name><description>P188 -&gt; D11A (56.8 m)</description><styleUrl>#s5</styleUrl><ExtendedData><Data name="cpFrom"><value>n443</value></Data><Data name="cpTo"><value>n264</value></Data></ExtendedData><LineString><tessellate>1</tessellate><coordinates>-97.043479,32.894728,0 -97.0437662,32.8951786,0</coordinates></LineString></Placemark>
<Placemark><name>P189↔D10</name><description>P189 -&gt; D10 (26.5 m)</description><styleUrl>#s5</styleUrl><ExtendedData><Data name="cpFrom"><value>n402</value></Data><Data name="cpTo"><value>n259</value></Data></ExtendedData><LineString><tessellate>1</tessellate><coordinates>-97.043239,32.894723,0 -97.0432002,32.894959,0</coordinates></LineString></Placemark>
<Placemark><name>P189↔P190</name><description>P189 -&gt; P190 (33.0 m)</description><styleUrl>#s5</styleUrl><ExtendedData><Data name="cpFrom"><value>n402</value></Data><Data name="cpTo"><value>n533</value></Data></ExtendedData><LineString><tessellate>1</tessellate><coordinates>-97.043239,32.894723,0 -97.042886,32.894739,0</coordinates></LineString></Placemark>
<Placemark><name>P19↔B15</name><description>P19 -&gt; B15 (22.2 m)</description><styleUrl>#s5</styleUrl><ExtendedData><Data name="cpFrom"><value>n540</value></Data><Data name="cpTo"><value>n123</value></Data></ExtendedData><LineString><tessellate>1</tessellate><coordinates>-97.045701,32.90337,0 -97.045477,32.903437,0</coordinates></LineString></Placemark>
<Placemark><name>P19↔B15A</name><description>P19 -&gt; B15A (22.2 m)</description><styleUrl>#s5</styleUrl><ExtendedData><Data name="cpFrom"><value>n540</value></Data><Data name="cpTo"><value>n124</value></Data></ExtendedData><LineString><tessellate>1</tessellate><coordinates>-97.045701,32.90337,0 -97.045477,32.903437,0</coordinates></LineString></Placemark>
<Placemark><name>P19↔B15X</name><description>P19 -&gt; B15X (22.2 m)</description><styleUrl>#s5</styleUrl><ExtendedData><Data name="cpFrom"><value>n540</value></Data><Data name="cpTo"><value>n125</value></Data></ExtendedData><LineString><tessellate>1</tessellate><coordinates>-97.045701,32.90337,0 -97.045477,32.903437,0</coordinates></LineString></Placemark>
<Placemark><name>P19↔P20</name><description>P19 -&gt; P20 (26.7 m)</description><styleUrl>#s5</styleUrl><ExtendedData><Data name="cpFrom"><value>n540</value></Data><Data name="cpTo"><value>n376</value></Data></ExtendedData><LineString><tessellate>1</tessellate><coordinates>-97.045701,32.90337,0 -97.045788,32.903599,0</coordinates></LineString></Placemark>
<Placemark><name>P190↔D8</name><description>P190 -&gt; D8 (38.3 m)</description><styleUrl>#s5</styleUrl><ExtendedData><Data name="cpFrom"><value>n533</value></Data><Data name="cpTo"><value>n322</value></Data></ExtendedData><LineString><tessellate>1</tessellate><coordinates>-97.042886,32.894739,0 -97.0428716,32.8950829,0</coordinates></LineString></Placemark>
<Placemark><name>P190↔P191</name><description>P190 -&gt; P191 (47.0 m)</description><styleUrl>#s5</styleUrl><ExtendedData><Data name="cpFrom"><value>n533</value></Data><Data name="cpTo"><value>n350</value></Data></ExtendedData><LineString><tessellate>1</tessellate><coordinates>-97.042886,32.894739,0 -97.042383,32.89473,0</coordinates></LineString></Placemark>
<Placemark><name>P191↔D7</name><description>P191 -&gt; D7 (27.3 m)</description><styleUrl>#s5</styleUrl><ExtendedData><Data name="cpFrom"><value>n350</value></Data><Data name="cpTo"><value>n319</value></Data></ExtendedData><LineString><tessellate>1</tessellate><coordinates>-97.042383,32.89473,0 -97.0425967,32.8948982,0</coordinates></LineString></Placemark>
<Placemark><name>P191↔D7A</name><description>P191 -&gt; D7A (34.8 m)</description><styleUrl>#s5</styleUrl><ExtendedData><Data name="cpFrom"><value>n350</value></Data><Data name="cpTo"><value>n320</value></Data></ExtendedData><LineString><tessellate>1</tessellate><coordinates>-97.042383,32.89473,0 -97.0426745,32.8949253,0</coordinates></LineString></Placemark>
<Placemark><name>P191↔D7X</name><description>P191 -&gt; D7X (37.6 m)</description><styleUrl>#s5</styleUrl><ExtendedData><Data name="cpFrom"><value>n350</value></Data><Data name="cpTo"><value>n321</value></Data></ExtendedData><LineString><tessellate>1</tessellate><coordinates>-97.042383,32.89473,0 -97.042415,32.895067,0</coordinates></LineString></Placemark>
<Placemark><name>P191↔P192</name><description>P191 -&gt; P192 (16.6 m)</description><styleUrl>#s5</styleUrl><ExtendedData><Data name="cpFrom"><value>n350</value></Data><Data name="cpTo"><value>n347</value></Data></ExtendedData><LineString><tessellate>1</tessellate><coordinates>-97.042383,32.89473,0 -97.042205,32.894737,0</coordinates></LineString></Placemark>
<Placemark><name>P192↔D6A</name><description>P192 -&gt; D6A (47.9 m)</description><styleUrl>#s5</styleUrl><ExtendedData><Data name="cpFrom"><value>n347</value></Data><Data name="cpTo"><value>n315</value></Data></ExtendedData><LineString><tessellate>1</tessellate><coordinates>-97.042205,32.894737,0 -97.042171,32.895167,0</coordinates></LineString></Placemark>
<Placemark><name>P192↔D6B</name><description>P192 -&gt; D6B (47.9 m)</description><styleUrl>#s5</styleUrl><ExtendedData><Data name="cpFrom"><value>n347</value></Data><Data name="cpTo"><value>n316</value></Data></ExtendedData><LineString><tessellate>1</tessellate><coordinates>-97.042205,32.894737,0 -97.042171,32.895167,0</coordinates></LineString></Placemark>
<Placemark><name>P192↔D6C</name><description>P192 -&gt; D6C (47.9 m)</description><styleUrl>#s5</styleUrl><ExtendedData><Data name="cpFrom"><value>n347</value></Data><Data name="cpTo"><value>n317</value></Data></ExtendedData><LineString><tessellate>1</tessellate><coordinates>-97.042205,32.894737,0 -97.042171,32.895167,0</coordinates></LineString></Placemark>
<Placemark><name>P192↔D6D</name><description>P192 -&gt; D6D (47.9 m)</description><styleUrl>#s5</styleUrl><ExtendedData><Data name="cpFrom"><value>n347</value></Data><Data name="cpTo"><value>n318</value></Data></ExtendedData><LineString><tessellate>1</tessellate><coordinates>-97.042205,32.894737,0 -97.042171,32.895167,0</coordinates></LineString></Placemark>
<Placemark><name>P192↔P193</name><description>P192 -&gt; P193 (18.4 m)</description><styleUrl>#s5</styleUrl><ExtendedData><Data name="cpFrom"><value>n347</value></Data><Data name="cpTo"><value>n373</value></Data></ExtendedData><LineString><tessellate>1</tessellate><coordinates>-97.042205,32.894737,0 -97.042008,32.894735,0</coordinates></LineString></Placemark>
<Placemark><name>P193↔D6</name><description>P193 -&gt; D6 (31.9 m)</description><styleUrl>#s5</styleUrl><ExtendedData><Data name="cpFrom"><value>n373</value></Data><Data name="cpTo"><value>n314</value></Data></ExtendedData><LineString><tessellate>1</tessellate><coordinates>-97.042008,32.894735,0 -97.0422386,32.8949467,0</coordinates></LineString></Placemark>
<Placemark><name>P193↔P194A</name><description>P193 -&gt; P194A (22.4 m)</description><styleUrl>#s5</styleUrl><ExtendedData><Data name="cpFrom"><value>n373</value></Data><Data name="cpTo"><value>n410</value></Data></ExtendedData><LineString><tessellate>1</tessellate><coordinates>-97.042008,32.894735,0 -97.041768,32.89474,0</coordinates></LineString></Placemark>
<Placemark><name>P194A↔P194</name><description>P194A -&gt; P194 (80.1 m)</description><styleUrl>#s5</styleUrl><ExtendedData><Data name="cpFrom"><value>n410</value></Data><Data name="cpTo"><value>n358</value></Data></ExtendedData><LineString><tessellate>1</tessellate><coordinates>-97.041768,32.89474,0 -97.041776,32.89402,0</coordinates></LineString></Placemark>
<Placemark><name>P195↔P196</name><description>P195 -&gt; P196 (36.7 m)</description><styleUrl>#s5</styleUrl><ExtendedData><Data name="cpFrom"><value>n502</value></Data><Data name="cpTo"><value>n536</value></Data></ExtendedData><LineString><tessellate>1</tessellate><coordinates>-97.039622,32.89403,0 -97.039292,32.89421,0</coordinates></LineString></Placemark>
<Placemark><name>P195↔P197</name><description>P195 -&gt; P197 (43.7 m)</description><styleUrl>#s5</styleUrl><ExtendedData><Data name="cpFrom"><value>n502</value></Data><Data name="cpTo"><value>n332</value></Data></ExtendedData><LineString><tessellate>1</tessellate><coordinates>-97.039622,32.89403,0 -97.039287,32.893756,0</coordinates></LineString></Placemark>
<Placemark><name>P195↔P194</name><description>P195 -&gt; P194 (201.1 m)</description><styleUrl>#s5</styleUrl><ExtendedData><Data name="cpFrom"><value>n502</value></Data><Data name="cpTo"><value>n358</value></Data></ExtendedData><LineString><tessellate>1</tessellate><coordinates>-97.039622,32.89403,0 -97.041776,32.89402,0</coordinates></LineString></Placemark>
<Placemark><name>P2↔B2</name><description>P2 -&gt; B2 (19.1 m)</description><styleUrl>#s5</styleUrl><ExtendedData><Data name="cpFrom"><value>n421</value></Data><Data name="cpTo"><value>n137</value></Data></ExtendedData><LineString><tessellate>1</tessellate><coordinates>-97.042758,32.901158,0 -97.042563,32.901106,0</coordinates></LineString></Placemark>
<Placemark><name>P2↔P3</name><description>P2 -&gt; P3 (36.7 m)</description><styleUrl>#s5</styleUrl><ExtendedData><Data name="cpFrom"><value>n421</value></Data><Data name="cpTo"><value>n521</value></Data></ExtendedData><LineString><tessellate>1</tessellate><coordinates>-97.042758,32.901158,0 -97.042743,32.901488,0</coordinates></LineString></Placemark>
<Placemark><name>P20↔B16</name><description>P20 -&gt; B16 (19.8 m)</description><styleUrl>#s5</styleUrl><ExtendedData><Data name="cpFrom"><value>n376</value></Data><Data name="cpTo"><value>n126</value></Data></ExtendedData><LineString><tessellate>1</tessellate><coordinates>-97.045788,32.903599,0 -97.045588,32.903658,0</coordinates></LineString></Placemark>
<Placemark><name>P20↔B16A</name><description>P20 -&gt; B16A (19.8 m)</description><styleUrl>#s5</styleUrl><ExtendedData><Data name="cpFrom"><value>n376</value></Data><Data name="cpTo"><value>n127</value></Data></ExtendedData><LineString><tessellate>1</tessellate><coordinates>-97.045788,32.903599,0 -97.045588,32.903658,0</coordinates></LineString></Placemark>
<Placemark><name>P20↔B16X</name><description>P20 -&gt; B16X (19.8 m)</description><styleUrl>#s5</styleUrl><ExtendedData><Data name="cpFrom"><value>n376</value></Data><Data name="cpTo"><value>n128</value></Data></ExtendedData><LineString><tessellate>1</tessellate><coordinates>-97.045788,32.903599,0 -97.045588,32.903658,0</coordinates></LineString></Placemark>
<Placemark><name>P20↔CLAIMB20</name><description>P20 -&gt; CLAIMB20 (83.6 m)</description><styleUrl>#s5</styleUrl><ExtendedData><Data name="cpFrom"><value>n376</value></Data><Data name="cpTo"><value>n33</value></Data></ExtendedData><LineString><tessellate>1</tessellate><coordinates>-97.045788,32.903599,0 -97.045018,32.903983,0</coordinates></LineString></Placemark>
<Placemark><name>P20↔P21</name><description>P20 -&gt; P21 (22.8 m)</description><styleUrl>#s5</styleUrl><ExtendedData><Data name="cpFrom"><value>n376</value></Data><Data name="cpTo"><value>n415</value></Data></ExtendedData><LineString><tessellate>1</tessellate><coordinates>-97.045788,32.903599,0 -97.045862,32.903794,0</coordinates></LineString></Placemark>
<Placemark><name>P200↔P201</name><description>P200 -&gt; P201 (11.5 m)</description><styleUrl>#s5</styleUrl><ExtendedData><Data name="cpFrom"><value>n481</value></Data><Data name="cpTo"><value>n498</value></Data></ExtendedData><LineString><tessellate>1</tessellate><coordinates>-97.033733,32.889083,0 -97.033856,32.889088,0</coordinates></LineString></Placemark>
<Placemark><name>P201↔E29B</name><description>P201 -&gt; E29B (40.1 m)</description><styleUrl>#s5</styleUrl><ExtendedData><Data name="cpFrom"><value>n498</value></Data><Data name="cpTo"><value>n209</value></Data></ExtendedData><LineString><tessellate>1</tessellate><coordinates>-97.033856,32.889088,0 -97.03391,32.88873,0</coordinates></LineString></Placemark>
<Placemark><name>P201↔P202</name><description>P201 -&gt; P202 (55.4 m)</description><styleUrl>#s5</styleUrl><ExtendedData><Data name="cpFrom"><value>n498</value></Data><Data name="cpTo"><value>n461</value></Data></ExtendedData><LineString><tessellate>1</tessellate><coordinates>-97.033856,32.889088,0 -97.034449,32.889088,0</coordinates></LineString></Placemark>
<Placemark><name>P202↔E29A</name><description>P202 -&gt; E29A (42.8 m)</description><styleUrl>#s5</styleUrl><ExtendedData><Data name="cpFrom"><value>n461</value></Data><Data name="cpTo"><value>n208</value></Data></ExtendedData><LineString><tessellate>1</tessellate><coordinates>-97.034449,32.889088,0 -97.03428,32.88873,0</coordinates></LineString></Placemark>
<Placemark><name>P202↔P203</name><description>P202 -&gt; P203 (29.5 m)</description><styleUrl>#s5</styleUrl><ExtendedData><Data name="cpFrom"><value>n461</value></Data><Data name="cpTo"><value>n377</value></Data></ExtendedData><LineString><tessellate>1</tessellate><coordinates>-97.034449,32.889088,0 -97.03458,32.888847,0</coordinates></LineString></Placemark>
<Placemark><name>P202↔E29</name><description>P202 -&gt; E29 (42.6 m)</description><styleUrl>#s5</styleUrl><ExtendedData><Data name="cpFrom"><value>n461</value></Data><Data name="cpTo"><value>n207</value></Data></ExtendedData><LineString><tessellate>1</tessellate><coordinates>-97.034449,32.889088,0 -97.03409,32.888852,0</coordinates></LineString></Placemark>
<Placemark><name>P203↔P204</name><description>P203 -&gt; P204 (40.9 m)</description><styleUrl>#s5</styleUrl><ExtendedData><Data name="cpFrom"><value>n377</value></Data><Data name="cpTo"><value>n371</value></Data></ExtendedData><LineString><tessellate>1</tessellate><coordinates>-97.03458,32.888847,0 -97.034768,32.888515,0</coordinates></LineString></Placemark>
<Placemark><name>P204↔P205</name><description>P204 -&gt; P205 (12.6 m)</description><styleUrl>#s5</styleUrl><ExtendedData><Data name="cpFrom"><value>n371</value></Data><Data name="cpTo"><value>n354</value></Data></ExtendedData><LineString><tessellate>1</tessellate><coordinates>-97.034768,32.888515,0 -97.03482,32.88841,0</coordinates></LineString></Placemark>
<Placemark><name>P205↔E27B</name><description>P205 -&gt; E27B (25.0 m)</description><styleUrl>#s5</styleUrl><ExtendedData><Data name="cpFrom"><value>n354</value></Data><Data name="cpTo"><value>n204</value></Data></ExtendedData><LineString><tessellate>1</tessellate><coordinates>-97.03482,32.88841,0 -97.03462,32.88826,0</coordinates></LineString></Placemark>
<Placemark><name>P205↔P206</name><description>P205 -&gt; P206 (21.4 m)</description><styleUrl>#s5</styleUrl><ExtendedData><Data name="cpFrom"><value>n354</value></Data><Data name="cpTo"><value>n351</value></Data></ExtendedData><LineString><tessellate>1</tessellate><coordinates>-97.03482,32.88841,0 -97.034953,32.888253,0</coordinates></LineString></Placemark>
<Placemark><name>P205↔E27</name><description>P205 -&gt; E27 (23.6 m)</description><styleUrl>#s5</styleUrl><ExtendedData><Data name="cpFrom"><value>n354</value></Data><Data name="cpTo"><value>n202</value></Data></ExtendedData><LineString><tessellate>1</tessellate><coordinates>-97.03482,32.88841,0 -97.034796,32.888199,0</coordinates></LineString></Placemark>
<Placemark><name>P206↔E27A</name><description>P206 -&gt; E27A (27.2 m)</description><styleUrl>#s5</styleUrl><ExtendedData><Data name="cpFrom"><value>n351</value></Data><Data name="cpTo"><value>n203</value></Data></ExtendedData><LineString><tessellate>1</tessellate><coordinates>-97.034953,32.888253,0 -97.03479,32.88805,0</coordinates></LineString></Placemark>
<Placemark><name>P206↔P207</name><description>P206 -&gt; P207 (27.4 m)</description><styleUrl>#s5</styleUrl><ExtendedData><Data name="cpFrom"><value>n351</value></Data><Data name="cpTo"><value>n341</value></Data></ExtendedData><LineString><tessellate>1</tessellate><coordinates>-97.034953,32.888253,0 -97.035123,32.888052,0</coordinates></LineString></Placemark>
<Placemark><name>P207↔E26</name><description>P207 -&gt; E26 (21.3 m)</description><styleUrl>#s5</styleUrl><ExtendedData><Data name="cpFrom"><value>n341</value></Data><Data name="cpTo"><value>n200</value></Data></ExtendedData><LineString><tessellate>1</tessellate><coordinates>-97.035123,32.888052,0 -97.03497,32.88791,0</coordinates></LineString></Placemark>
<Placemark><name>P207↔E26A</name><description>P207 -&gt; E26A (16.9 m)</description><styleUrl>#s5</styleUrl><ExtendedData><Data name="cpFrom"><value>n341</value></Data><Data name="cpTo"><value>n201</value></Data></ExtendedData><LineString><tessellate>1</tessellate><coordinates>-97.035123,32.888052,0 -97.035,32.88794,0</coordinates></LineString></Placemark>
<Placemark><name>P207↔P208</name><description>P207 -&gt; P208 (23.1 m)</description><styleUrl>#s5</styleUrl><ExtendedData><Data name="cpFrom"><value>n341</value></Data><Data name="cpTo"><value>n496</value></Data></ExtendedData><LineString><tessellate>1</tessellate><coordinates>-97.035123,32.888052,0 -97.035276,32.887889,0</coordinates></LineString></Placemark>
<Placemark><name>P208↔E25B</name><description>P208 -&gt; E25B (21.2 m)</description><styleUrl>#s5</styleUrl><ExtendedData><Data name="cpFrom"><value>n496</value></Data><Data name="cpTo"><value>n199</value></Data></ExtendedData><LineString><tessellate>1</tessellate><coordinates>-97.035276,32.887889,0 -97.03512,32.88775,0</coordinates></LineString></Placemark>
<Placemark><name>P208↔P209</name><description>P208 -&gt; P209 (31.9 m)</description><styleUrl>#s5</styleUrl><ExtendedData><Data name="cpFrom"><value>n496</value></Data><Data name="cpTo"><value>n392</value></Data></ExtendedData><LineString><tessellate>1</tessellate><coordinates>-97.035276,32.887889,0 -97.035495,32.887669,0</coordinates></LineString></Placemark>
<Placemark><name>P208↔E25</name><description>P208 -&gt; E25 (16.8 m)</description><styleUrl>#s5</styleUrl><ExtendedData><Data name="cpFrom"><value>n496</value></Data><Data name="cpTo"><value>n197</value></Data></ExtendedData><LineString><tessellate>1</tessellate><coordinates>-97.035276,32.887889,0 -97.035254,32.887739,0</coordinates></LineString></Placemark>
<Placemark><name>P209↔E25A</name><description>P209 -&gt; E25A (19.0 m)</description><styleUrl>#s5</styleUrl><ExtendedData><Data name="cpFrom"><value>n392</value></Data><Data name="cpTo"><value>n198</value></Data></ExtendedData><LineString><tessellate>1</tessellate><coordinates>-97.035495,32.887669,0 -97.0353,32.88762,0</coordinates></LineString></Placemark>
<Placemark><name>P209↔P210</name><description>P209 -&gt; P210 (22.5 m)</description><styleUrl>#s5</styleUrl><ExtendedData><Data name="cpFrom"><value>n392</value></Data><Data name="cpTo"><value>n344</value></Data></ExtendedData><LineString><tessellate>1</tessellate><coordinates>-97.035495,32.887669,0 -97.035652,32.887515,0</coordinates></LineString></Placemark>
<Placemark><name>P21↔B17</name><description>P21 -&gt; B17 (20.4 m)</description><styleUrl>#s5</styleUrl><ExtendedData><Data name="cpFrom"><value>n415</value></Data><Data name="cpTo"><value>n129</value></Data></ExtendedData><LineString><tessellate>1</tessellate><coordinates>-97.045862,32.903794,0 -97.045672,32.903884,0</coordinates></LineString></Placemark>
<Placemark><name>P21↔P22</name><description>P21 -&gt; P22 (35.6 m)</description><styleUrl>#s5</styleUrl><ExtendedData><Data name="cpFrom"><value>n415</value></Data><Data name="cpTo"><value>n446</value></Data></ExtendedData><LineString><tessellate>1</tessellate><coordinates>-97.045862,32.903794,0 -97.045977,32.904099,0</coordinates></LineString></Placemark>
<Placemark><name>P210↔P211</name><description>P210 -&gt; P211 (18.0 m)</description><styleUrl>#s5</styleUrl><ExtendedData><Data name="cpFrom"><value>n344</value></Data><Data name="cpTo"><value>n518</value></Data></ExtendedData><LineString><tessellate>1</tessellate><coordinates>-97.035652,32.887515,0 -97.035669,32.887354,0</coordinates></LineString></Placemark>
<Placemark><name>P211↔E24A</name><description>P211 -&gt; E24A (34.6 m)</description><styleUrl>#s5</styleUrl><ExtendedData><Data name="cpFrom"><value>n518</value></Data><Data name="cpTo"><value>n195</value></Data></ExtendedData><LineString><tessellate>1</tessellate><coordinates>-97.035669,32.887354,0 -97.03534,32.88721,0</coordinates></LineString></Placemark>
<Placemark><name>P211↔E24B</name><description>P211 -&gt; E24B (21.1 m)</description><styleUrl>#s5</styleUrl><ExtendedData><Data name="cpFrom"><value>n518</value></Data><Data name="cpTo"><value>n196</value></Data></ExtendedData><LineString><tessellate>1</tessellate><coordinates>-97.035669,32.887354,0 -97.03545,32.8874,0</coordinates></LineString></Placemark>
<Placemark><name>P211↔P149</name><description>P211 -&gt; P149 (64.4 m)</description><styleUrl>#s5</styleUrl><ExtendedData><Data name="cpFrom"><value>n518</value></Data><Data name="cpTo"><value>n492</value></Data></ExtendedData><LineString><tessellate>1</tessellate><coordinates>-97.035669,32.887354,0 -97.036259,32.887654,0</coordinates></LineString></Placemark>
<Placemark><name>P211↔P212</name><description>P211 -&gt; P212 (49.8 m)</description><styleUrl>#s5</styleUrl><ExtendedData><Data name="cpFrom"><value>n518</value></Data><Data name="cpTo"><value>n414</value></Data></ExtendedData><LineString><tessellate>1</tessellate><coordinates>-97.035669,32.887354,0 -97.035299,32.887032,0</coordinates></LineString></Placemark>
<Placemark><name>P211↔E24</name><description>P211 -&gt; E24 (28.0 m)</description><styleUrl>#s5</styleUrl><ExtendedData><Data name="cpFrom"><value>n518</value></Data><Data name="cpTo"><value>n194</value></Data></ExtendedData><LineString><tessellate>1</tessellate><coordinates>-97.035669,32.887354,0 -97.035378,32.887295,0</coordinates></LineString></Placemark>
<Placemark><name>P212↔P213</name><description>P212 -&gt; P213 (38.4 m)</description><styleUrl>#s5</styleUrl><ExtendedData><Data name="cpFrom"><value>n414</value></Data><Data name="cpTo"><value>n511</value></Data></ExtendedData><LineString><tessellate>1</tessellate><coordinates>-97.035299,32.887032,0 -97.03505,32.886757,0</coordinates></LineString></Placemark>
<Placemark><name>P213↔E23B</name><description>P213 -&gt; E23B (25.9 m)</description><styleUrl>#s5</styleUrl><ExtendedData><Data name="cpFrom"><value>n511</value></Data><Data name="cpTo"><value>n193</value></Data></ExtendedData><LineString><tessellate>1</tessellate><coordinates>-97.03505,32.886757,0 -97.03513,32.88698,0</coordinates></LineString></Placemark>
<Placemark><name>P213↔P214</name><description>P213 -&gt; P214 (37.5 m)</description><styleUrl>#s5</styleUrl><ExtendedData><Data name="cpFrom"><value>n511</value></Data><Data name="cpTo"><value>n458</value></Data></ExtendedData><LineString><tessellate>1</tessellate><coordinates>-97.03505,32.886757,0 -97.034649,32.886741,0</coordinates></LineString></Placemark>
<Placemark><name>P214↔E23A</name><description>P214 -&gt; E23A (26.5 m)</description><styleUrl>#s5</styleUrl><ExtendedData><Data name="cpFrom"><value>n458</value></Data><Data name="cpTo"><value>n192</value></Data></ExtendedData><LineString><tessellate>1</tessellate><coordinates>-97.034649,32.886741,0 -97.03476,32.88696,0</coordinates></LineString></Placemark>
<Placemark><name>P214↔P215</name><description>P214 -&gt; P215 (45.1 m)</description><styleUrl>#s5</styleUrl><ExtendedData><Data name="cpFrom"><value>n458</value></Data><Data name="cpTo"><value>n509</value></Data></ExtendedData><LineString><tessellate>1</tessellate><coordinates>-97.034649,32.886741,0 -97.034203,32.886897,0</coordinates></LineString></Placemark>
<Placemark><name>P214↔E23</name><description>P214 -&gt; E23 (35.1 m)</description><styleUrl>#s5</styleUrl><ExtendedData><Data name="cpFrom"><value>n458</value></Data><Data name="cpTo"><value>n191</value></Data></ExtendedData><LineString><tessellate>1</tessellate><coordinates>-97.034649,32.886741,0 -97.034938,32.886943,0</coordinates></LineString></Placemark>
<Placemark><name>P215↔E22B</name><description>P215 -&gt; E22B (24.5 m)</description><styleUrl>#s5</styleUrl><ExtendedData><Data name="cpFrom"><value>n509</value></Data><Data name="cpTo"><value>n190</value></Data></ExtendedData><LineString><tessellate>1</tessellate><coordinates>-97.034203,32.886897,0 -97.03438,32.88706,0</coordinates></LineString></Placemark>
<Placemark><name>P215↔P216</name><description>P215 -&gt; P216 (39.8 m)</description><styleUrl>#s5</styleUrl><ExtendedData><Data name="cpFrom"><value>n509</value></Data><Data name="cpTo"><value>n535</value></Data></ExtendedData><LineString><tessellate>1</tessellate><coordinates>-97.034203,32.886897,0 -97.033971,32.887197,0</coordinates></LineString></Placemark>
<Placemark><name>P216↔E22A</name><description>P216 -&gt; E22A (9.1 m)</description><styleUrl>#s5</styleUrl><ExtendedData><Data name="cpFrom"><value>n535</value></Data><Data name="cpTo"><value>n189</value></Data></ExtendedData><LineString><tessellate>1</tessellate><coordinates>-97.033971,32.887197,0 -97.03406,32.88723,0</coordinates></LineString></Placemark>
<Placemark><name>P216↔E22</name><description>P216 -&gt; E22 (24.7 m)</description><styleUrl>#s5</styleUrl><ExtendedData><Data name="cpFrom"><value>n535</value></Data><Data name="cpTo"><value>n188</value></Data></ExtendedData><LineString><tessellate>1</tessellate><coordinates>-97.033971,32.887197,0 -97.034219,32.887121,0</coordinates></LineString></Placemark>
<Placemark><name>P22↔B18</name><description>P22 -&gt; B18 (20.8 m)</description><styleUrl>#s5</styleUrl><ExtendedData><Data name="cpFrom"><value>n446</value></Data><Data name="cpTo"><value>n130</value></Data></ExtendedData><LineString><tessellate>1</tessellate><coordinates>-97.045977,32.904099,0 -97.045762,32.904149,0</coordinates></LineString></Placemark>
<Placemark><name>P22↔B18A</name><description>P22 -&gt; B18A (20.8 m)</description><styleUrl>#s5</styleUrl><ExtendedData><Data name="cpFrom"><value>n446</value></Data><Data name="cpTo"><value>n131</value></Data></ExtendedData><LineString><tessellate>1</tessellate><coordinates>-97.045977,32.904099,0 -97.045762,32.904149,0</coordinates></LineString></Placemark>
<Placemark><name>P22↔B18X</name><description>P22 -&gt; B18X (20.8 m)</description><styleUrl>#s5</styleUrl><ExtendedData><Data name="cpFrom"><value>n446</value></Data><Data name="cpTo"><value>n132</value></Data></ExtendedData><LineString><tessellate>1</tessellate><coordinates>-97.045977,32.904099,0 -97.045762,32.904149,0</coordinates></LineString></Placemark>
<Placemark><name>P22↔P23</name><description>P22 -&gt; P23 (28.6 m)</description><styleUrl>#s5</styleUrl><ExtendedData><Data name="cpFrom"><value>n446</value></Data><Data name="cpTo"><value>n385</value></Data></ExtendedData><LineString><tessellate>1</tessellate><coordinates>-97.045977,32.904099,0 -97.046043,32.90435,0</coordinates></LineString></Placemark>
<Placemark><name>P23↔B19</name><description>P23 -&gt; B19 (19.2 m)</description><styleUrl>#s5</styleUrl><ExtendedData><Data name="cpFrom"><value>n385</value></Data><Data name="cpTo"><value>n133</value></Data></ExtendedData><LineString><tessellate>1</tessellate><coordinates>-97.046043,32.90435,0 -97.045838,32.904366,0</coordinates></LineString></Placemark>
<Placemark><name>P23↔B19A</name><description>P23 -&gt; B19A (19.2 m)</description><styleUrl>#s5</styleUrl><ExtendedData><Data name="cpFrom"><value>n385</value></Data><Data name="cpTo"><value>n134</value></Data></ExtendedData><LineString><tessellate>1</tessellate><coordinates>-97.046043,32.90435,0 -97.045838,32.904366,0</coordinates></LineString></Placemark>
<Placemark><name>P23↔P24</name><description>P23 -&gt; P24 (28.9 m)</description><styleUrl>#s5</styleUrl><ExtendedData><Data name="cpFrom"><value>n385</value></Data><Data name="cpTo"><value>n482</value></Data></ExtendedData><LineString><tessellate>1</tessellate><coordinates>-97.046043,32.90435,0 -97.046078,32.904608,0</coordinates></LineString></Placemark>
<Placemark><name>P24↔B20</name><description>P24 -&gt; B20 (16.2 m)</description><styleUrl>#s5</styleUrl><ExtendedData><Data name="cpFrom"><value>n482</value></Data><Data name="cpTo"><value>n138</value></Data></ExtendedData><LineString><tessellate>1</tessellate><coordinates>-97.046078,32.904608,0 -97.045906,32.904592,0</coordinates></LineString></Placemark>
<Placemark><name>P24↔P25</name><description>P24 -&gt; P25 (21.9 m)</description><styleUrl>#s5</styleUrl><ExtendedData><Data name="cpFrom"><value>n482</value></Data><Data name="cpTo"><value>n475</value></Data></ExtendedData><LineString><tessellate>1</tessellate><coordinates>-97.046078,32.904608,0 -97.046077,32.904805,0</coordinates></LineString></Placemark>
<Placemark><name>P24↔P60</name><description>P24 -&gt; P60 (64.5 m)</description><styleUrl>#s5</styleUrl><ExtendedData><Data name="cpFrom"><value>n482</value></Data><Data name="cpTo"><value>n399</value></Data></ExtendedData><LineString><tessellate>1</tessellate><coordinates>-97.046078,32.904608,0 -97.045411,32.90476,0</coordinates></LineString></Placemark>
<Placemark><name>P25↔P26</name><description>P25 -&gt; P26 (29.6 m)</description><styleUrl>#s5</styleUrl><ExtendedData><Data name="cpFrom"><value>n475</value></Data><Data name="cpTo"><value>n396</value></Data></ExtendedData><LineString><tessellate>1</tessellate><coordinates>-97.046077,32.904805,0 -97.046058,32.905071,0</coordinates></LineString></Placemark>
<Placemark><name>P25↔P61</name><description>P25 -&gt; P61 (66.4 m)</description><styleUrl>#s5</styleUrl><ExtendedData><Data name="cpFrom"><value>n475</value></Data><Data name="cpTo"><value>n339</value></Data></ExtendedData><LineString><tessellate>1</tessellate><coordinates>-97.046077,32.904805,0 -97.045403,32.904996,0</coordinates></LineString></Placemark>
<Placemark><name>P26↔B22</name><description>P26 -&gt; B22 (16.0 m)</description><styleUrl>#s5</styleUrl><ExtendedData><Data name="cpFrom"><value>n396</value></Data><Data name="cpTo"><value>n140</value></Data></ExtendedData><LineString><tessellate>1</tessellate><coordinates>-97.046058,32.905071,0 -97.045888,32.90505,0</coordinates></LineString></Placemark>
<Placemark><name>P26↔B22A</name><description>P26 -&gt; B22A (16.0 m)</description><styleUrl>#s5</styleUrl><ExtendedData><Data name="cpFrom"><value>n396</value></Data><Data name="cpTo"><value>n141</value></Data></ExtendedData><LineString><tessellate>1</tessellate><coordinates>-97.046058,32.905071,0 -97.045888,32.90505,0</coordinates></LineString></Placemark>
<Placemark><name>P26↔P27</name><description>P26 -&gt; P27 (27.6 m)</description><styleUrl>#s5</styleUrl><ExtendedData><Data name="cpFrom"><value>n396</value></Data><Data name="cpTo"><value>n328</value></Data></ExtendedData><LineString><tessellate>1</tessellate><coordinates>-97.046058,32.905071,0 -97.046014,32.905316,0</coordinates></LineString></Placemark>
<Placemark><name>P27↔B23</name><description>P27 -&gt; B23 (16.5 m)</description><styleUrl>#s5</styleUrl><ExtendedData><Data name="cpFrom"><value>n328</value></Data><Data name="cpTo"><value>n142</value></Data></ExtendedData><LineString><tessellate>1</tessellate><coordinates>-97.046014,32.905316,0 -97.045851,32.905258,0</coordinates></LineString></Placemark>
<Placemark><name>P27↔P28</name><description>P27 -&gt; P28 (37.7 m)</description><styleUrl>#s5</styleUrl><ExtendedData><Data name="cpFrom"><value>n328</value></Data><Data name="cpTo"><value>n424</value></Data></ExtendedData><LineString><tessellate>1</tessellate><coordinates>-97.046014,32.905316,0 -97.045925,32.905647,0</coordinates></LineString></Placemark>
<Placemark><name>P27↔P62</name><description>P27 -&gt; P62 (59.9 m)</description><styleUrl>#s5</styleUrl><ExtendedData><Data name="cpFrom"><value>n328</value></Data><Data name="cpTo"><value>n326</value></Data></ExtendedData><LineString><tessellate>1</tessellate><coordinates>-97.046014,32.905316,0 -97.045373,32.905327,0</coordinates></LineString></Placemark>
<Placemark><name>P28↔B24</name><description>P28 -&gt; B24 (30.3 m)</description><styleUrl>#s5</styleUrl><ExtendedData><Data name="cpFrom"><value>n424</value></Data><Data name="cpTo"><value>n143</value></Data></ExtendedData><LineString><tessellate>1</tessellate><coordinates>-97.045925,32.905647,0 -97.045622,32.90555,0</coordinates></LineString></Placemark>
<Placemark><name>P28↔B24A</name><description>P28 -&gt; B24A (30.3 m)</description><styleUrl>#s5</styleUrl><ExtendedData><Data name="cpFrom"><value>n424</value></Data><Data name="cpTo"><value>n144</value></Data></ExtendedData><LineString><tessellate>1</tessellate><coordinates>-97.045925,32.905647,0 -97.045622,32.90555,0</coordinates></LineString></Placemark>
<Placemark><name>P28↔P29</name><description>P28 -&gt; P29 (21.8 m)</description><styleUrl>#s5</styleUrl><ExtendedData><Data name="cpFrom"><value>n424</value></Data><Data name="cpTo"><value>n404</value></Data></ExtendedData><LineString><tessellate>1</tessellate><coordinates>-97.045925,32.905647,0 -97.045848,32.905832,0</coordinates></LineString></Placemark>
<Placemark><name>P29↔B25</name><description>P29 -&gt; B25 (29.3 m)</description><styleUrl>#s5</styleUrl><ExtendedData><Data name="cpFrom"><value>n404</value></Data><Data name="cpTo"><value>n145</value></Data></ExtendedData><LineString><tessellate>1</tessellate><coordinates>-97.045848,32.905832,0 -97.04555,32.90575,0</coordinates></LineString></Placemark>
<Placemark><name>P29↔P30</name><description>P29 -&gt; P30 (33.0 m)</description><styleUrl>#s5</styleUrl><ExtendedData><Data name="cpFrom"><value>n404</value></Data><Data name="cpTo"><value>n519</value></Data></ExtendedData><LineString><tessellate>1</tessellate><coordinates>-97.045848,32.905832,0 -97.045691,32.906098,0</coordinates></LineString></Placemark>
<Placemark><name>P3↔B3</name><description>P3 -&gt; B3 (35.3 m)</description><styleUrl>#s5</styleUrl><ExtendedData><Data name="cpFrom"><value>n521</value></Data><Data name="cpTo"><value>n150</value></Data></ExtendedData><LineString><tessellate>1</tessellate><coordinates>-97.042743,32.901488,0 -97.042395,32.901364,0</coordinates></LineString></Placemark>
<Placemark><name>P3↔B3A</name><description>P3 -&gt; B3A (35.3 m)</description><styleUrl>#s5</styleUrl><ExtendedData><Data name="cpFrom"><value>n521</value></Data><Data name="cpTo"><value>n162</value></Data></ExtendedData><LineString><tessellate>1</tessellate><coordinates>-97.042743,32.901488,0 -97.042395,32.901364,0</coordinates></LineString></Placemark>
<Placemark><name>P3↔B3X</name><description>P3 -&gt; B3X (35.3 m)</description><styleUrl>#s5</styleUrl><ExtendedData><Data name="cpFrom"><value>n521</value></Data><Data name="cpTo"><value>n163</value></Data></ExtendedData><LineString><tessellate>1</tessellate><coordinates>-97.042743,32.901488,0 -97.042395,32.901364,0</coordinates></LineString></Placemark>
<Placemark><name>P3↔P6</name><description>P3 -&gt; P6 (21.1 m)</description><styleUrl>#s5</styleUrl><ExtendedData><Data name="cpFrom"><value>n521</value></Data><Data name="cpTo"><value>n406</value></Data></ExtendedData><LineString><tessellate>1</tessellate><coordinates>-97.042743,32.901488,0 -97.042591,32.901628,0</coordinates></LineString></Placemark>
<Placemark><name>P3↔P7</name><description>P3 -&gt; P7 (15.1 m)</description><styleUrl>#s5</styleUrl><ExtendedData><Data name="cpFrom"><value>n521</value></Data><Data name="cpTo"><value>n454</value></Data></ExtendedData><LineString><tessellate>1</tessellate><coordinates>-97.042743,32.901488,0 -97.042852,32.901588,0</coordinates></LineString></Placemark>
<Placemark><name>P30↔B26</name><description>P30 -&gt; B26 (21.9 m)</description><styleUrl>#s5</styleUrl><ExtendedData><Data name="cpFrom"><value>n519</value></Data><Data name="cpTo"><value>n146</value></Data></ExtendedData><LineString><tessellate>1</tessellate><coordinates>-97.045691,32.906098,0 -97.045516,32.905967,0</coordinates></LineString></Placemark>
<Placemark><name>P30↔P31</name><description>P30 -&gt; P31 (32.8 m)</description><styleUrl>#s5</styleUrl><ExtendedData><Data name="cpFrom"><value>n519</value></Data><Data name="cpTo"><value>n508</value></Data></ExtendedData><LineString><tessellate>1</tessellate><coordinates>-97.045691,32.906098,0 -97.04551,32.906351,0</coordinates></LineString></Placemark>
<Placemark><name>P31↔B27</name><description>P31 -&gt; B27 (25.7 m)</description><styleUrl>#s5</styleUrl><ExtendedData><Data name="cpFrom"><value>n508</value></Data><Data name="cpTo"><value>n147</value></Data></ExtendedData><LineString><tessellate>1</tessellate><coordinates>-97.04551,32.906351,0 -97.045319,32.906184,0</coordinates></LineString></Placemark>
<Placemark><name>P31↔CLAIMB29</name><description>P31 -&gt; CLAIMB29 (76.2 m)</description><styleUrl>#s5</styleUrl><ExtendedData><Data name="cpFrom"><value>n508</value></Data><Data name="cpTo"><value>n34</value></Data></ExtendedData><LineString><tessellate>1</tessellate><coordinates>-97.04551,32.906351,0 -97.044694,32.906348,0</coordinates></LineString></Placemark>
<Placemark><name>P31↔P32</name><description>P31 -&gt; P32 (18.4 m)</description><styleUrl>#s5</styleUrl><ExtendedData><Data name="cpFrom"><value>n508</value></Data><Data name="cpTo"><value>n401</value></Data></ExtendedData><LineString><tessellate>1</tessellate><coordinates>-97.04551,32.906351,0 -97.045409,32.906493,0</coordinates></LineString></Placemark>
<Placemark><name>P32↔B28</name><description>P32 -&gt; B28 (22.4 m)</description><styleUrl>#s5</styleUrl><ExtendedData><Data name="cpFrom"><value>n401</value></Data><Data name="cpTo"><value>n148</value></Data></ExtendedData><LineString><tessellate>1</tessellate><coordinates>-97.045409,32.906493,0 -97.04517,32.906474,0</coordinates></LineString></Placemark>
<Placemark><name>P32↔P33</name><description>P32 -&gt; P33 (43.1 m)</description><styleUrl>#s5</styleUrl><ExtendedData><Data name="cpFrom"><value>n401</value></Data><Data name="cpTo"><value>n360</value></Data></ExtendedData><LineString><tessellate>1</tessellate><coordinates>-97.045409,32.906493,0 -97.045771,32.906733,0</coordinates></LineString></Placemark>
<Placemark><name>P32↔P34</name><description>P32 -&gt; P34 (22.3 m)</description><styleUrl>#s5</styleUrl><ExtendedData><Data name="cpFrom"><value>n401</value></Data><Data name="cpTo"><value>n437</value></Data></ExtendedData><LineString><tessellate>1</tessellate><coordinates>-97.045409,32.906493,0 -97.045332,32.906683,0</coordinates></LineString></Placemark>
<Placemark><name>P33↔B34</name><description>P33 -&gt; B34 (17.5 m)</description><styleUrl>#s5</styleUrl><ExtendedData><Data name="cpFrom"><value>n360</value></Data><Data name="cpTo"><value>n155</value></Data></ExtendedData><LineString><tessellate>1</tessellate><coordinates>-97.045771,32.906733,0 -97.045613,32.906817,0</coordinates></LineString></Placemark>
<Placemark><name>P33↔P35</name><description>P33 -&gt; P35 (40.2 m)</description><styleUrl>#s5</styleUrl><ExtendedData><Data name="cpFrom"><value>n360</value></Data><Data name="cpTo"><value>n334</value></Data></ExtendedData><LineString><tessellate>1</tessellate><coordinates>-97.045771,32.906733,0 -97.046185,32.906834,0</coordinates></LineString></Placemark>
<Placemark><name>P34↔P49</name><description>P34 -&gt; P49 (25.1 m)</description><styleUrl>#s5</styleUrl><ExtendedData><Data name="cpFrom"><value>n437</value></Data><Data name="cpTo"><value>n331</value></Data></ExtendedData><LineString><tessellate>1</tessellate><coordinates>-97.045332,32.906683,0 -97.045063,32.906685,0</coordinates></LineString></Placemark>
<Placemark><name>P35↔B36</name><description>P35 -&gt; B36 (17.7 m)</description><styleUrl>#s5</styleUrl><ExtendedData><Data name="cpFrom"><value>n334</value></Data><Data name="cpTo"><value>n157</value></Data></ExtendedData><LineString><tessellate>1</tessellate><coordinates>-97.046185,32.906834,0 -97.046016,32.906906,0</coordinates></LineString></Placemark>
<Placemark><name>P35↔P36</name><description>P35 -&gt; P36 (31.1 m)</description><styleUrl>#s5</styleUrl><ExtendedData><Data name="cpFrom"><value>n334</value></Data><Data name="cpTo"><value>n363</value></Data></ExtendedData><LineString><tessellate>1</tessellate><coordinates>-97.046185,32.906834,0 -97.046376,32.907063,0</coordinates></LineString></Placemark>
<Placemark><name>P36↔B38</name><description>P36 -&gt; B38 (15.8 m)</description><styleUrl>#s5</styleUrl><ExtendedData><Data name="cpFrom"><value>n363</value></Data><Data name="cpTo"><value>n159</value></Data></ExtendedData><LineString><tessellate>1</tessellate><coordinates>-97.046376,32.907063,0 -97.046209,32.907086,0</coordinates></LineString></Placemark>
<Placemark><name>P36↔P37</name><description>P36 -&gt; P37 (34.6 m)</description><styleUrl>#s5</styleUrl><ExtendedData><Data name="cpFrom"><value>n363</value></Data><Data name="cpTo"><value>n375</value></Data></ExtendedData><LineString><tessellate>1</tessellate><coordinates>-97.046376,32.907063,0 -97.046369,32.907374,0</coordinates></LineString></Placemark>
<Placemark><name>P37↔B39A</name><description>P37 -&gt; B39A (17.3 m)</description><styleUrl>#s5</styleUrl><ExtendedData><Data name="cpFrom"><value>n375</value></Data><Data name="cpTo"><value>n161</value></Data></ExtendedData><LineString><tessellate>1</tessellate><coordinates>-97.046369,32.907374,0 -97.046197,32.907316,0</coordinates></LineString></Placemark>
<Placemark><name>P37↔P38</name><description>P37 -&gt; P38 (33.1 m)</description><styleUrl>#s5</styleUrl><ExtendedData><Data name="cpFrom"><value>n375</value></Data><Data name="cpTo"><value>n473</value></Data></ExtendedData><LineString><tessellate>1</tessellate><coordinates>-97.046369,32.907374,0 -97.046176,32.907624,0</coordinates></LineString></Placemark>
<Placemark><name>P38↔B37</name><description>P38 -&gt; B37 (16.0 m)</description><styleUrl>#s5</styleUrl><ExtendedData><Data name="cpFrom"><value>n473</value></Data><Data name="cpTo"><value>n158</value></Data></ExtendedData><LineString><tessellate>1</tessellate><coordinates>-97.046176,32.907624,0 -97.046067,32.907513,0</coordinates></LineString></Placemark>
<Placemark><name>P38↔P39</name><description>P38 -&gt; P39 (32.6 m)</description><styleUrl>#s5</styleUrl><ExtendedData><Data name="cpFrom"><value>n473</value></Data><Data name="cpTo"><value>n445</value></Data></ExtendedData><LineString><tessellate>1</tessellate><coordinates>-97.046176,32.907624,0 -97.045841,32.907706,0</coordinates></LineString></Placemark>
<Placemark><name>P39↔B35</name><description>P39 -&gt; B35 (16.4 m)</description><styleUrl>#s5</styleUrl><ExtendedData><Data name="cpFrom"><value>n445</value></Data><Data name="cpTo"><value>n156</value></Data></ExtendedData><LineString><tessellate>1</tessellate><coordinates>-97.045841,32.907706,0 -97.045795,32.907564,0</coordinates></LineString></Placemark>
<Placemark><name>P39↔P40</name><description>P39 -&gt; P40 (26.9 m)</description><styleUrl>#s5</styleUrl><ExtendedData><Data name="cpFrom"><value>n445</value></Data><Data name="cpTo"><value>n476</value></Data></ExtendedData><LineString><tessellate>1</tessellate><coordinates>-97.045841,32.907706,0 -97.045553,32.907699,0</coordinates></LineString></Placemark>
<Placemark><name>P4↔B3</name><description>P4 -&gt; B3 (23.9 m)</description><styleUrl>#s5</styleUrl><ExtendedData><Data name="cpFrom"><value>n514</value></Data><Data name="cpTo"><value>n150</value></Data></ExtendedData><LineString><tessellate>1</tessellate><coordinates>-97.042431,32.901577,0 -97.042395,32.901364,0</coordinates></LineString></Placemark>
<Placemark><name>P4↔B4</name><description>P4 -&gt; B4 (20.0 m)</description><styleUrl>#s5</styleUrl><ExtendedData><Data name="cpFrom"><value>n514</value></Data><Data name="cpTo"><value>n164</value></Data></ExtendedData><LineString><tessellate>1</tessellate><coordinates>-97.042431,32.901577,0 -97.042431,32.901757,0</coordinates></LineString></Placemark>
<Placemark><name>P4↔P3</name><description>P4 -&gt; P3 (30.8 m)</description><styleUrl>#s5</styleUrl><ExtendedData><Data name="cpFrom"><value>n514</value></Data><Data name="cpTo"><value>n521</value></Data></ExtendedData><LineString><tessellate>1</tessellate><coordinates>-97.042431,32.901577,0 -97.042743,32.901488,0</coordinates></LineString></Placemark>
<Placemark><name>P4↔P6</name><description>P4 -&gt; P6 (16.0 m)</description><styleUrl>#s5</styleUrl><ExtendedData><Data name="cpFrom"><value>n514</value></Data><Data name="cpTo"><value>n406</value></Data></ExtendedData><LineString><tessellate>1</tessellate><coordinates>-97.042431,32.901577,0 -97.042591,32.901628,0</coordinates></LineString></Placemark>
<Placemark><name>P40↔B33</name><description>P40 -&gt; B33 (13.5 m)</description><styleUrl>#s5</styleUrl><ExtendedData><Data name="cpFrom"><value>n476</value></Data><Data name="cpTo"><value>n154</value></Data></ExtendedData><LineString><tessellate>1</tessellate><coordinates>-97.045553,32.907699,0 -97.045517,32.907581,0</coordinates></LineString></Placemark>
<Placemark><name>P40↔P41</name><description>P40 -&gt; P41 (28.7 m)</description><styleUrl>#s5</styleUrl><ExtendedData><Data name="cpFrom"><value>n476</value></Data><Data name="cpTo"><value>n515</value></Data></ExtendedData><LineString><tessellate>1</tessellate><coordinates>-97.045553,32.907699,0 -97.045246,32.907688,0</coordinates></LineString></Placemark>
<Placemark><name>P41↔B32</name><description>P41 -&gt; B32 (14.8 m)</description><styleUrl>#s5</styleUrl><ExtendedData><Data name="cpFrom"><value>n515</value></Data><Data name="cpTo"><value>n153</value></Data></ExtendedData><LineString><tessellate>1</tessellate><coordinates>-97.045246,32.907688,0 -97.04521,32.907558,0</coordinates></LineString></Placemark>
<Placemark><name>P41↔P42</name><description>P41 -&gt; P42 (31.0 m)</description><styleUrl>#s5</styleUrl><ExtendedData><Data name="cpFrom"><value>n515</value></Data><Data name="cpTo"><value>n447</value></Data></ExtendedData><LineString><tessellate>1</tessellate><coordinates>-97.045246,32.907688,0 -97.044914,32.907693,0</coordinates></LineString></Placemark>
<Placemark><name>P42↔B31</name><description>P42 -&gt; B31 (12.3 m)</description><styleUrl>#s5</styleUrl><ExtendedData><Data name="cpFrom"><value>n447</value></Data><Data name="cpTo"><value>n152</value></Data></ExtendedData><LineString><tessellate>1</tessellate><coordinates>-97.044914,32.907693,0 -97.044911,32.907582,0</coordinates></LineString></Placemark>
<Placemark><name>P42↔P43</name><description>P42 -&gt; P43 (36.8 m)</description><styleUrl>#s5</styleUrl><ExtendedData><Data name="cpFrom"><value>n447</value></Data><Data name="cpTo"><value>n493</value></Data></ExtendedData><LineString><tessellate>1</tessellate><coordinates>-97.044914,32.907693,0 -97.044572,32.907528,0</coordinates></LineString></Placemark>
<Placemark><name>P43↔B40</name><description>P43 -&gt; B40 (32.6 m)</description><styleUrl>#s5</styleUrl><ExtendedData><Data name="cpFrom"><value>n493</value></Data><Data name="cpTo"><value>n165</value></Data></ExtendedData><LineString><tessellate>1</tessellate><coordinates>-97.044572,32.907528,0 -97.044622,32.907238,0</coordinates></LineString></Placemark>
<Placemark><name>P43↔P44</name><description>P43 -&gt; P44 (39.0 m)</description><styleUrl>#s5</styleUrl><ExtendedData><Data name="cpFrom"><value>n493</value></Data><Data name="cpTo"><value>n388</value></Data></ExtendedData><LineString><tessellate>1</tessellate><coordinates>-97.044572,32.907528,0 -97.04481,32.90724,0</coordinates></LineString></Placemark>
<Placemark><name>P43↔P50</name><description>P43 -&gt; P50 (15.8 m)</description><styleUrl>#s5</styleUrl><ExtendedData><Data name="cpFrom"><value>n493</value></Data><Data name="cpTo"><value>n457</value></Data></ExtendedData><LineString><tessellate>1</tessellate><coordinates>-97.044572,32.907528,0 -97.044403,32.907525,0</coordinates></LineString></Placemark>
<Placemark><name>P44↔P45</name><description>P44 -&gt; P45 (54.6 m)</description><styleUrl>#s5</styleUrl><ExtendedData><Data name="cpFrom"><value>n388</value></Data><Data name="cpTo"><value>n532</value></Data></ExtendedData><LineString><tessellate>1</tessellate><coordinates>-97.04481,32.90724,0 -97.044494,32.906827,0</coordinates></LineString></Placemark>
<Placemark><name>P45↔P46</name><description>P45 -&gt; P46 (12.4 m)</description><styleUrl>#s5</styleUrl><ExtendedData><Data name="cpFrom"><value>n532</value></Data><Data name="cpTo"><value>n438</value></Data></ExtendedData><LineString><tessellate>1</tessellate><coordinates>-97.044494,32.906827,0 -97.044443,32.906724,0</coordinates></LineString></Placemark>
<Placemark><name>P47↔CLAIMB30</name><description>P47 -&gt; CLAIMB30 (19.4 m)</description><styleUrl>#s5</styleUrl><ExtendedData><Data name="cpFrom"><value>n426</value></Data><Data name="cpTo"><value>n35</value></Data></ExtendedData><LineString><tessellate>1</tessellate><coordinates>-97.044513,32.906664,0 -97.044495,32.90649,0</coordinates></LineString></Placemark>
<Placemark><name>P47↔P46</name><description>P47 -&gt; P46 (9.3 m)</description><styleUrl>#s5</styleUrl><ExtendedData><Data name="cpFrom"><value>n426</value></Data><Data name="cpTo"><value>n438</value></Data></ExtendedData><LineString><tessellate>1</tessellate><coordinates>-97.044513,32.906664,0 -97.044443,32.906724,0</coordinates></LineString></Placemark>
<Placemark><name>P48↔CLAIMB30</name><description>P48 -&gt; CLAIMB30 (28.7 m)</description><styleUrl>#s5</styleUrl><ExtendedData><Data name="cpFrom"><value>n512</value></Data><Data name="cpTo"><value>n35</value></Data></ExtendedData><LineString><tessellate>1</tessellate><coordinates>-97.044694,32.906687,0 -97.044495,32.90649,0</coordinates></LineString></Placemark>
<Placemark><name>P48↔P47</name><description>P48 -&gt; P47 (17.1 m)</description><styleUrl>#s5</styleUrl><ExtendedData><Data name="cpFrom"><value>n512</value></Data><Data name="cpTo"><value>n426</value></Data></ExtendedData><LineString><tessellate>1</tessellate><coordinates>-97.044694,32.906687,0 -97.044513,32.906664,0</coordinates></LineString></Placemark>
<Placemark><name>P49↔B30</name><description>P49 -&gt; B30 (10.5 m)</description><styleUrl>#s5</styleUrl><ExtendedData><Data name="cpFrom"><value>n331</value></Data><Data name="cpTo"><value>n151</value></Data></ExtendedData><LineString><tessellate>1</tessellate><coordinates>-97.045063,32.906685,0 -97.045032,32.906776,0</coordinates></LineString></Placemark>
<Placemark><name>P49↔P48</name><description>P49 -&gt; P48 (34.4 m)</description><styleUrl>#s5</styleUrl><ExtendedData><Data name="cpFrom"><value>n331</value></Data><Data name="cpTo"><value>n512</value></Data></ExtendedData><LineString><tessellate>1</tessellate><coordinates>-97.045063,32.906685,0 -97.044694,32.906687,0</coordinates></LineString></Placemark>
<Placemark><name>P50↔B41</name><description>P50 -&gt; B41 (22.2 m)</description><styleUrl>#s5</styleUrl><ExtendedData><Data name="cpFrom"><value>n457</value></Data><Data name="cpTo"><value>n166</value></Data></ExtendedData><LineString><tessellate>1</tessellate><coordinates>-97.044403,32.907525,0 -97.044305,32.907343,0</coordinates></LineString></Placemark>
<Placemark><name>P50↔P51</name><description>P50 -&gt; P51 (20.5 m)</description><styleUrl>#s5</styleUrl><ExtendedData><Data name="cpFrom"><value>n457</value></Data><Data name="cpTo"><value>n483</value></Data></ExtendedData><LineString><tessellate>1</tessellate><coordinates>-97.044403,32.907525,0 -97.044219,32.907626,0</coordinates></LineString></Placemark>
<Placemark><name>P51↔B42</name><description>P51 -&gt; B42 (22.5 m)</description><styleUrl>#s5</styleUrl><ExtendedData><Data name="cpFrom"><value>n483</value></Data><Data name="cpTo"><value>n167</value></Data></ExtendedData><LineString><tessellate>1</tessellate><coordinates>-97.044219,32.907626,0 -97.044062,32.907473,0</coordinates></LineString></Placemark>
<Placemark><name>P51↔P52</name><description>P51 -&gt; P52 (38.6 m)</description><styleUrl>#s5</styleUrl><ExtendedData><Data name="cpFrom"><value>n483</value></Data><Data name="cpTo"><value>n522</value></Data></ExtendedData><LineString><tessellate>1</tessellate><coordinates>-97.044219,32.907626,0 -97.043836,32.907757,0</coordinates></LineString></Placemark>
<Placemark><name>P51↔XFRBLH</name><description>P51 -&gt; XFRBLH (101.8 m)</description><styleUrl>#s5</styleUrl><ExtendedData><Data name="cpFrom"><value>n483</value></Data><Data name="cpTo"><value>n74</value></Data></ExtendedData><LineString><tessellate>1</tessellate><coordinates>-97.044219,32.907626,0 -97.043652,32.906844,0</coordinates></LineString></Placemark>
<Placemark><name>P51↔XFRBLT</name><description>P51 -&gt; XFRBLT (110.3 m)</description><styleUrl>#s5</styleUrl><ExtendedData><Data name="cpFrom"><value>n483</value></Data><Data name="cpTo"><value>n77</value></Data></ExtendedData><LineString><tessellate>1</tessellate><coordinates>-97.044219,32.907626,0 -97.043607,32.906777,0</coordinates></LineString></Placemark>
<Placemark><name>P52↔B43</name><description>P52 -&gt; B43 (19.0 m)</description><styleUrl>#s5</styleUrl><ExtendedData><Data name="cpFrom"><value>n522</value></Data><Data name="cpTo"><value>n168</value></Data></ExtendedData><LineString><tessellate>1</tessellate><coordinates>-97.043836,32.907757,0 -97.043765,32.907597,0</coordinates></LineString></Placemark>
<Placemark><name>P52↔P53</name><description>P52 -&gt; P53 (30.0 m)</description><styleUrl>#s5</styleUrl><ExtendedData><Data name="cpFrom"><value>n522</value></Data><Data name="cpTo"><value>n460</value></Data></ExtendedData><LineString><tessellate>1</tessellate><coordinates>-97.043836,32.907757,0 -97.043529,32.907836,0</coordinates></LineString></Placemark>
<Placemark><name>P53↔B44</name><description>P53 -&gt; B44 (18.9 m)</description><styleUrl>#s5</styleUrl><ExtendedData><Data name="cpFrom"><value>n460</value></Data><Data name="cpTo"><value>n169</value></Data></ExtendedData><LineString><tessellate>1</tessellate><coordinates>-97.043529,32.907836,0 -97.043471,32.907673,0</coordinates></LineString></Placemark>
<Placemark><name>P53↔P54</name><description>P53 -&gt; P54 (35.7 m)</description><styleUrl>#s5</styleUrl><ExtendedData><Data name="cpFrom"><value>n460</value></Data><Data name="cpTo"><value>n474</value></Data></ExtendedData><LineString><tessellate>1</tessellate><coordinates>-97.043529,32.907836,0 -97.043158,32.907912,0</coordinates></LineString></Placemark>
<Placemark><name>P54↔B45</name><description>P54 -&gt; B45 (23.9 m)</description><styleUrl>#s5</styleUrl><ExtendedData><Data name="cpFrom"><value>n474</value></Data><Data name="cpTo"><value>n170</value></Data></ExtendedData><LineString><tessellate>1</tessellate><coordinates>-97.043158,32.907912,0 -97.043153,32.907697,0</coordinates></LineString></Placemark>
<Placemark><name>P54↔P55</name><description>P54 -&gt; P55 (27.6 m)</description><styleUrl>#s5</styleUrl><ExtendedData><Data name="cpFrom"><value>n474</value></Data><Data name="cpTo"><value>n336</value></Data></ExtendedData><LineString><tessellate>1</tessellate><coordinates>-97.043158,32.907912,0 -97.042867,32.907954,0</coordinates></LineString></Placemark>
<Placemark><name>P55↔B46</name><description>P55 -&gt; B46 (20.5 m)</description><styleUrl>#s5</styleUrl><ExtendedData><Data name="cpFrom"><value>n336</value></Data><Data name="cpTo"><value>n171</value></Data></ExtendedData><LineString><tessellate>1</tessellate><coordinates>-97.042867,32.907954,0 -97.042848,32.90777,0</coordinates></LineString></Placemark>
<Placemark><name>P55↔P56</name><description>P55 -&gt; P56 (19.5 m)</description><styleUrl>#s5</styleUrl><ExtendedData><Data name="cpFrom"><value>n336</value></Data><Data name="cpTo"><value>n525</value></Data></ExtendedData><LineString><tessellate>1</tessellate><coordinates>-97.042867,32.907954,0 -97.042662,32.907988,0</coordinates></LineString></Placemark>
<Placemark><name>P56↔P57</name><description>P56 -&gt; P57 (10.6 m)</description><styleUrl>#s5</styleUrl><ExtendedData><Data name="cpFrom"><value>n525</value></Data><Data name="cpTo"><value>n342</value></Data></ExtendedData><LineString><tessellate>1</tessellate><coordinates>-97.042662,32.907988,0 -97.042549,32.907985,0</coordinates></LineString></Placemark>
<Placemark><name>P57↔B47</name><description>P57 -&gt; B47 (17.5 m)</description><styleUrl>#s5</styleUrl><ExtendedData><Data name="cpFrom"><value>n342</value></Data><Data name="cpTo"><value>n172</value></Data></ExtendedData><LineString><tessellate>1</tessellate><coordinates>-97.042549,32.907985,0 -97.042538,32.907828,0</coordinates></LineString></Placemark>
<Placemark><name>P57↔P58</name><description>P57 -&gt; P58 (28.7 m)</description><styleUrl>#s5</styleUrl><ExtendedData><Data name="cpFrom"><value>n342</value></Data><Data name="cpTo"><value>n505</value></Data></ExtendedData><LineString><tessellate>1</tessellate><coordinates>-97.042549,32.907985,0 -97.042243,32.908005,0</coordinates></LineString></Placemark>
<Placemark><name>P58↔B48</name><description>P58 -&gt; B48 (22.4 m)</description><styleUrl>#s5</styleUrl><ExtendedData><Data name="cpFrom"><value>n505</value></Data><Data name="cpTo"><value>n173</value></Data></ExtendedData><LineString><tessellate>1</tessellate><coordinates>-97.042243,32.908005,0 -97.042236,32.907804,0</coordinates></LineString></Placemark>
<Placemark><name>P58↔P59</name><description>P58 -&gt; P59 (32.1 m)</description><styleUrl>#s5</styleUrl><ExtendedData><Data name="cpFrom"><value>n505</value></Data><Data name="cpTo"><value>n472</value></Data></ExtendedData><LineString><tessellate>1</tessellate><coordinates>-97.042243,32.908005,0 -97.041899,32.908007,0</coordinates></LineString></Placemark>
<Placemark><name>P59↔B49</name><description>P59 -&gt; B49 (20.7 m)</description><styleUrl>#s5</styleUrl><ExtendedData><Data name="cpFrom"><value>n472</value></Data><Data name="cpTo"><value>n174</value></Data></ExtendedData><LineString><tessellate>1</tessellate><coordinates>-97.041899,32.908007,0 -97.041909,32.907821,0</coordinates></LineString></Placemark>
<Placemark><name>P6↔P7</name><description>P6 -&gt; P7 (24.8 m)</description><styleUrl>#s5</styleUrl><ExtendedData><Data name="cpFrom"><value>n406</value></Data><Data name="cpTo"><value>n454</value></Data></ExtendedData><LineString><tessellate>1</tessellate><coordinates>-97.042591,32.901628,0 -97.042852,32.901588,0</coordinates></LineString></Placemark>
<Placemark><name>P60↔MU3</name><description>P60 -&gt; MU3 (21.3 m)</description><styleUrl>#s5</styleUrl><ExtendedData><Data name="cpFrom"><value>n399</value></Data><Data name="cpTo"><value>n60</value></Data></ExtendedData><LineString><tessellate>1</tessellate><coordinates>-97.045411,32.90476,0 -97.045258,32.904902,0</coordinates></LineString></Placemark>
<Placemark><name>P60↔MU4</name><description>P60 -&gt; MU4 (14.8 m)</description><styleUrl>#s5</styleUrl><ExtendedData><Data name="cpFrom"><value>n399</value></Data><Data name="cpTo"><value>n61</value></Data></ExtendedData><LineString><tessellate>1</tessellate><coordinates>-97.045411,32.90476,0 -97.045258,32.904726,0</coordinates></LineString></Placemark>
<Placemark><name>P61↔MU2</name><description>P61 -&gt; MU2 (23.5 m)</description><styleUrl>#s5</styleUrl><ExtendedData><Data name="cpFrom"><value>n339</value></Data><Data name="cpTo"><value>n59</value></Data></ExtendedData><LineString><tessellate>1</tessellate><coordinates>-97.045403,32.904996,0 -97.045215,32.905136,0</coordinates></LineString></Placemark>
<Placemark><name>P61↔MU3</name><description>P61 -&gt; MU3 (17.1 m)</description><styleUrl>#s5</styleUrl><ExtendedData><Data name="cpFrom"><value>n339</value></Data><Data name="cpTo"><value>n60</value></Data></ExtendedData><LineString><tessellate>1</tessellate><coordinates>-97.045403,32.904996,0 -97.045258,32.904902,0</coordinates></LineString></Placemark>
<Placemark><name>P62↔MU1</name><description>P62 -&gt; MU1 (20.5 m)</description><styleUrl>#s5</styleUrl><ExtendedData><Data name="cpFrom"><value>n326</value></Data><Data name="cpTo"><value>n58</value></Data></ExtendedData><LineString><tessellate>1</tessellate><coordinates>-97.045373,32.905327,0 -97.045167,32.905391,0</coordinates></LineString></Placemark>
<Placemark><name>P62↔MU2</name><description>P62 -&gt; MU2 (25.9 m)</description><styleUrl>#s5</styleUrl><ExtendedData><Data name="cpFrom"><value>n326</value></Data><Data name="cpTo"><value>n59</value></Data></ExtendedData><LineString><tessellate>1</tessellate><coordinates>-97.045373,32.905327,0 -97.045215,32.905136,0</coordinates></LineString></Placemark>
<Placemark><name>P64↔D38</name><description>P64 -&gt; D38 (43.1 m)</description><styleUrl>#s5</styleUrl><ExtendedData><Data name="cpFrom"><value>n323</value></Data><Data name="cpTo"><value>n307</value></Data></ExtendedData><LineString><tessellate>1</tessellate><coordinates>-97.042774,32.900518,0 -97.042701,32.900135,0</coordinates></LineString></Placemark>
<Placemark><name>P64↔D38A</name><description>P64 -&gt; D38A (44.1 m)</description><styleUrl>#s5</styleUrl><ExtendedData><Data name="cpFrom"><value>n323</value></Data><Data name="cpTo"><value>n308</value></Data></ExtendedData><LineString><tessellate>1</tessellate><coordinates>-97.042774,32.900518,0 -97.04263,32.90014,0</coordinates></LineString></Placemark>
<Placemark><name>P64↔P155</name><description>P64 -&gt; P155 (22.3 m)</description><styleUrl>#s5</styleUrl><ExtendedData><Data name="cpFrom"><value>n323</value></Data><Data name="cpTo"><value>n488</value></Data></ExtendedData><LineString><tessellate>1</tessellate><coordinates>-97.042774,32.900518,0 -97.042541,32.900472,0</coordinates></LineString></Placemark>
<Placemark><name>P64↔P156</name><description>P64 -&gt; P156 (37.8 m)</description><styleUrl>#s5</styleUrl><ExtendedData><Data name="cpFrom"><value>n323</value></Data><Data name="cpTo"><value>n432</value></Data></ExtendedData><LineString><tessellate>1</tessellate><coordinates>-97.042774,32.900518,0 -97.043177,32.900484,0</coordinates></LineString></Placemark>
<Placemark><name>P65↔P4</name><description>P65 -&gt; P4 (46.0 m)</description><styleUrl>#s5</styleUrl><ExtendedData><Data name="cpFrom"><value>n372</value></Data><Data name="cpTo"><value>n514</value></Data></ExtendedData><LineString><tessellate>1</tessellate><coordinates>-97.041939,32.901549,0 -97.042431,32.901577,0</coordinates></LineString></Placemark>
<Placemark><name>P66↔P65</name><description>P66 -&gt; P65 (22.7 m)</description><styleUrl>#s5</styleUrl><ExtendedData><Data name="cpFrom"><value>n398</value></Data><Data name="cpTo"><value>n372</value></Data></ExtendedData><LineString><tessellate>1</tessellate><coordinates>-97.041698,32.901576,0 -97.041939,32.901549,0</coordinates></LineString></Placemark>
<Placemark><name>P66A↔P66</name><description>P66A -&gt; P66 (60.4 m)</description><styleUrl>#s5</styleUrl><ExtendedData><Data name="cpFrom"><value>n523</value></Data><Data name="cpTo"><value>n398</value></Data></ExtendedData><LineString><tessellate>1</tessellate><coordinates>-97.041655,32.902118,0 -97.041698,32.901576,0</coordinates></LineString></Placemark>
<Placemark><name>P67↔P66</name><description>P67 -&gt; P66 (45.1 m)</description><styleUrl>#s5</styleUrl><ExtendedData><Data name="cpFrom"><value>n489</value></Data><Data name="cpTo"><value>n398</value></Data></ExtendedData><LineString><tessellate>1</tessellate><coordinates>-97.041736,32.901172,0 -97.041698,32.901576,0</coordinates></LineString></Placemark>
<Placemark><name>P68↔P67</name><description>P68 -&gt; P67 (122.5 m)</description><styleUrl>#s5</styleUrl><ExtendedData><Data name="cpFrom"><value>n413</value></Data><Data name="cpTo"><value>n489</value></Data></ExtendedData><LineString><tessellate>1</tessellate><coordinates>-97.040425,32.901126,0 -97.041736,32.901172,0</coordinates></LineString></Placemark>
<Placemark><name>P68↔PPSAA</name><description>P68 -&gt; PPSAA (63.0 m)</description><styleUrl>#s5</styleUrl><ExtendedData><Data name="cpFrom"><value>n413</value></Data><Data name="cpTo"><value>n63</value></Data></ExtendedData><LineString><tessellate>1</tessellate><coordinates>-97.040425,32.901126,0 -97.040287,32.900571,0</coordinates></LineString></Placemark>
<Placemark><name>P68↔PPSAE</name><description>P68 -&gt; PPSAE (63.0 m)</description><styleUrl>#s5</styleUrl><ExtendedData><Data name="cpFrom"><value>n413</value></Data><Data name="cpTo"><value>n64</value></Data></ExtendedData><LineString><tessellate>1</tessellate><coordinates>-97.040425,32.901126,0 -97.040287,32.900571,0</coordinates></LineString></Placemark>
<Placemark><name>P68A↔P68</name><description>P68A -&gt; P68 (105.6 m)</description><styleUrl>#s5</styleUrl><ExtendedData><Data name="cpFrom"><value>n506</value></Data><Data name="cpTo"><value>n413</value></Data></ExtendedData><LineString><tessellate>1</tessellate><coordinates>-97.039295,32.901158,0 -97.040425,32.901126,0</coordinates></LineString></Placemark>
<Placemark><name>P69↔A39</name><description>P69 -&gt; A39 (31.7 m)</description><styleUrl>#s5</styleUrl><ExtendedData><Data name="cpFrom"><value>n484</value></Data><Data name="cpTo"><value>n105</value></Data></ExtendedData><LineString><tessellate>1</tessellate><coordinates>-97.038628,32.901396,0 -97.038724,32.901669,0</coordinates></LineString></Placemark>
<Placemark><name>P69↔P69A</name><description>P69 -&gt; P69A (31.4 m)</description><styleUrl>#s5</styleUrl><ExtendedData><Data name="cpFrom"><value>n484</value></Data><Data name="cpTo"><value>n387</value></Data></ExtendedData><LineString><tessellate>1</tessellate><coordinates>-97.038628,32.901396,0 -97.038963,32.901423,0</coordinates></LineString></Placemark>
<Placemark><name>P69A↔P104</name><description>P69A -&gt; P104 (31.3 m)</description><styleUrl>#s5</styleUrl><ExtendedData><Data name="cpFrom"><value>n387</value></Data><Data name="cpTo"><value>n444</value></Data></ExtendedData><LineString><tessellate>1</tessellate><coordinates>-97.038963,32.901423,0 -97.038916,32.901144,0</coordinates></LineString></Placemark>
<Placemark><name>P69A↔P68A</name><description>P69A -&gt; P68A (42.8 m)</description><styleUrl>#s5</styleUrl><ExtendedData><Data name="cpFrom"><value>n387</value></Data><Data name="cpTo"><value>n506</value></Data></ExtendedData><LineString><tessellate>1</tessellate><coordinates>-97.038963,32.901423,0 -97.039295,32.901158,0</coordinates></LineString></Placemark>
<Placemark><name>P7↔B7</name><description>P7 -&gt; B7 (34.7 m)</description><styleUrl>#s5</styleUrl><ExtendedData><Data name="cpFrom"><value>n454</value></Data><Data name="cpTo"><value>n179</value></Data></ExtendedData><LineString><tessellate>1</tessellate><coordinates>-97.042852,32.901588,0 -97.042979,32.901881,0</coordinates></LineString></Placemark>
<Placemark><name>P7↔P8</name><description>P7 -&gt; P8 (35.0 m)</description><styleUrl>#s5</styleUrl><ExtendedData><Data name="cpFrom"><value>n454</value></Data><Data name="cpTo"><value>n513</value></Data></ExtendedData><LineString><tessellate>1</tessellate><coordinates>-97.042852,32.901588,0 -97.043222,32.901636,0</coordinates></LineString></Placemark>
<Placemark><name>P70↔A38</name><description>P70 -&gt; A38 (23.7 m)</description><styleUrl>#s5</styleUrl><ExtendedData><Data name="cpFrom"><value>n471</value></Data><Data name="cpTo"><value>n104</value></Data></ExtendedData><LineString><tessellate>1</tessellate><coordinates>-97.038231,32.901431,0 -97.03826,32.901643,0</coordinates></LineString></Placemark>
<Placemark><name>P70↔P69</name><description>P70 -&gt; P69 (37.3 m)</description><styleUrl>#s5</styleUrl><ExtendedData><Data name="cpFrom"><value>n471</value></Data><Data name="cpTo"><value>n484</value></Data></ExtendedData><LineString><tessellate>1</tessellate><coordinates>-97.038231,32.901431,0 -97.038628,32.901396,0</coordinates></LineString></Placemark>
<Placemark><name>P71↔A37</name><description>P71 -&gt; A37 (31.7 m)</description><styleUrl>#s5</styleUrl><ExtendedData><Data name="cpFrom"><value>n534</value></Data><Data name="cpTo"><value>n103</value></Data></ExtendedData><LineString><tessellate>1</tessellate><coordinates>-97.037718,32.901438,0 -97.037813,32.901712,0</coordinates></LineString></Placemark>
<Placemark><name>P71↔P70</name><description>P71 -&gt; P70 (47.9 m)</description><styleUrl>#s5</styleUrl><ExtendedData><Data name="cpFrom"><value>n534</value></Data><Data name="cpTo"><value>n471</value></Data></ExtendedData><LineString><tessellate>1</tessellate><coordinates>-97.037718,32.901438,0 -97.038231,32.901431,0</coordinates></LineString></Placemark>
<Placemark><name>P72↔A36</name><description>P72 -&gt; A36 (32.7 m)</description><styleUrl>#s5</styleUrl><ExtendedData><Data name="cpFrom"><value>n477</value></Data><Data name="cpTo"><value>n102</value></Data></ExtendedData><LineString><tessellate>1</tessellate><coordinates>-97.03727,32.901463,0 -97.037347,32.90175,0</coordinates></LineString></Placemark>
<Placemark><name>P72↔P71</name><description>P72 -&gt; P71 (41.9 m)</description><styleUrl>#s5</styleUrl><ExtendedData><Data name="cpFrom"><value>n477</value></Data><Data name="cpTo"><value>n534</value></Data></ExtendedData><LineString><tessellate>1</tessellate><coordinates>-97.03727,32.901463,0 -97.037718,32.901438,0</coordinates></LineString></Placemark>
<Placemark><name>P73↔A35</name><description>P73 -&gt; A35 (37.9 m)</description><styleUrl>#s5</styleUrl><ExtendedData><Data name="cpFrom"><value>n324</value></Data><Data name="cpTo"><value>n101</value></Data></ExtendedData><LineString><tessellate>1</tessellate><coordinates>-97.036677,32.901528,0 -97.036843,32.901839,0</coordinates></LineString></Placemark>
<Placemark><name>P73↔P72</name><description>P73 -&gt; P72 (55.8 m)</description><styleUrl>#s5</styleUrl><ExtendedData><Data name="cpFrom"><value>n324</value></Data><Data name="cpTo"><value>n477</value></Data></ExtendedData><LineString><tessellate>1</tessellate><coordinates>-97.036677,32.901528,0 -97.03727,32.901463,0</coordinates></LineString></Placemark>
<Placemark><name>P74↔P73</name><description>P74 -&gt; P73 (27.3 m)</description><styleUrl>#s5</styleUrl><ExtendedData><Data name="cpFrom"><value>n500</value></Data><Data name="cpTo"><value>n324</value></Data></ExtendedData><LineString><tessellate>1</tessellate><coordinates>-97.036388,32.901566,0 -97.036677,32.901528,0</coordinates></LineString></Placemark>
<Placemark><name>P75↔A34</name><description>P75 -&gt; A34 (35.8 m)</description><styleUrl>#s5</styleUrl><ExtendedData><Data name="cpFrom"><value>n379</value></Data><Data name="cpTo"><value>n100</value></Data></ExtendedData><LineString><tessellate>1</tessellate><coordinates>-97.036077,32.901739,0 -97.036355,32.901961,0</coordinates></LineString></Placemark>
<Placemark><name>P75↔P74</name><description>P75 -&gt; P74 (34.8 m)</description><styleUrl>#s5</styleUrl><ExtendedData><Data name="cpFrom"><value>n379</value></Data><Data name="cpTo"><value>n500</value></Data></ExtendedData><LineString><tessellate>1</tessellate><coordinates>-97.036077,32.901739,0 -97.036388,32.901566,0</coordinates></LineString></Placemark>
<Placemark><name>P76↔A33</name><description>P76 -&gt; A33 (30.8 m)</description><styleUrl>#s5</styleUrl><ExtendedData><Data name="cpFrom"><value>n431</value></Data><Data name="cpTo"><value>n99</value></Data></ExtendedData><LineString><tessellate>1</tessellate><coordinates>-97.035681,32.90202,0 -97.035918,32.902213,0</coordinates></LineString></Placemark>
<Placemark><name>P76↔P75</name><description>P76 -&gt; P75 (48.4 m)</description><styleUrl>#s5</styleUrl><ExtendedData><Data name="cpFrom"><value>n431</value></Data><Data name="cpTo"><value>n379</value></Data></ExtendedData><LineString><tessellate>1</tessellate><coordinates>-97.035681,32.90202,0 -97.036077,32.901739,0</coordinates></LineString></Placemark>
<Placemark><name>P77↔A29</name><description>P77 -&gt; A29 (30.7 m)</description><styleUrl>#s5</styleUrl><ExtendedData><Data name="cpFrom"><value>n370</value></Data><Data name="cpTo"><value>n98</value></Data></ExtendedData><LineString><tessellate>1</tessellate><coordinates>-97.035445,32.902427,0 -97.035721,32.902577,0</coordinates></LineString></Placemark>
<Placemark><name>P77↔P76</name><description>P77 -&gt; P76 (50.3 m)</description><styleUrl>#s5</styleUrl><ExtendedData><Data name="cpFrom"><value>n370</value></Data><Data name="cpTo"><value>n431</value></Data></ExtendedData><LineString><tessellate>1</tessellate><coordinates>-97.035445,32.902427,0 -97.035681,32.90202,0</coordinates></LineString></Placemark>
<Placemark><name>P78↔A26</name><description>P78 -&gt; A26 (41.4 m)</description><styleUrl>#s5</styleUrl><ExtendedData><Data name="cpFrom"><value>n349</value></Data><Data name="cpTo"><value>n96</value></Data></ExtendedData><LineString><tessellate>1</tessellate><coordinates>-97.035209,32.902843,0 -97.035422,32.90317,0</coordinates></LineString></Placemark>
<Placemark><name>P78↔A28</name><description>P78 -&gt; A28 (26.1 m)</description><styleUrl>#s5</styleUrl><ExtendedData><Data name="cpFrom"><value>n349</value></Data><Data name="cpTo"><value>n97</value></Data></ExtendedData><LineString><tessellate>1</tessellate><coordinates>-97.035209,32.902843,0 -97.035457,32.902951,0</coordinates></LineString></Placemark>
<Placemark><name>P78↔P77</name><description>P78 -&gt; P77 (51.2 m)</description><styleUrl>#s5</styleUrl><ExtendedData><Data name="cpFrom"><value>n349</value></Data><Data name="cpTo"><value>n370</value></Data></ExtendedData><LineString><tessellate>1</tessellate><coordinates>-97.035209,32.902843,0 -97.035445,32.902427,0</coordinates></LineString></Placemark>
<Placemark><name>P79↔A25</name><description>P79 -&gt; A25 (33.5 m)</description><styleUrl>#s5</styleUrl><ExtendedData><Data name="cpFrom"><value>n425</value></Data><Data name="cpTo"><value>n95</value></Data></ExtendedData><LineString><tessellate>1</tessellate><coordinates>-97.034984,32.903214,0 -97.035297,32.903361,0</coordinates></LineString></Placemark>
<Placemark><name>P79↔P78</name><description>P79 -&gt; P78 (46.3 m)</description><styleUrl>#s5</styleUrl><ExtendedData><Data name="cpFrom"><value>n425</value></Data><Data name="cpTo"><value>n349</value></Data></ExtendedData><LineString><tessellate>1</tessellate><coordinates>-97.034984,32.903214,0 -97.035209,32.902843,0</coordinates></LineString></Placemark>
<Placemark><name>P8↔B8</name><description>P8 -&gt; B8 (30.1 m)</description><styleUrl>#s5</styleUrl><ExtendedData><Data name="cpFrom"><value>n513</value></Data><Data name="cpTo"><value>n180</value></Data></ExtendedData><LineString><tessellate>1</tessellate><coordinates>-97.043222,32.901636,0 -97.043141,32.901898,0</coordinates></LineString></Placemark>
<Placemark><name>P8↔P9</name><description>P8 -&gt; P9 (28.7 m)</description><styleUrl>#s5</styleUrl><ExtendedData><Data name="cpFrom"><value>n513</value></Data><Data name="cpTo"><value>n393</value></Data></ExtendedData><LineString><tessellate>1</tessellate><coordinates>-97.043222,32.901636,0 -97.043529,32.901653,0</coordinates></LineString></Placemark>
<Placemark><name>P80↔A24</name><description>P80 -&gt; A24 (41.0 m)</description><styleUrl>#s5</styleUrl><ExtendedData><Data name="cpFrom"><value>n455</value></Data><Data name="cpTo"><value>n94</value></Data></ExtendedData><LineString><tessellate>1</tessellate><coordinates>-97.034724,32.903575,0 -97.035034,32.903836,0</coordinates></LineString></Placemark>
<Placemark><name>P80↔P79</name><description>P80 -&gt; P79 (46.9 m)</description><styleUrl>#s5</styleUrl><ExtendedData><Data name="cpFrom"><value>n455</value></Data><Data name="cpTo"><value>n425</value></Data></ExtendedData><LineString><tessellate>1</tessellate><coordinates>-97.034724,32.903575,0 -97.034984,32.903214,0</coordinates></LineString></Placemark>
<Placemark><name>P81↔P80</name><description>P81 -&gt; P80 (17.1 m)</description><styleUrl>#s5</styleUrl><ExtendedData><Data name="cpFrom"><value>n499</value></Data><Data name="cpTo"><value>n455</value></Data></ExtendedData><LineString><tessellate>1</tessellate><coordinates>-97.034627,32.903705,0 -97.034724,32.903575,0</coordinates></LineString></Placemark>
<Placemark><name>P82↔P81</name><description>P82 -&gt; P81 (20.0 m)</description><styleUrl>#s5</styleUrl><ExtendedData><Data name="cpFrom"><value>n395</value></Data><Data name="cpTo"><value>n499</value></Data></ExtendedData><LineString><tessellate>1</tessellate><coordinates>-97.034562,32.903876,0 -97.034627,32.903705,0</coordinates></LineString></Placemark>
<Placemark><name>P83↔A23</name><description>P83 -&gt; A23 (35.2 m)</description><styleUrl>#s5</styleUrl><ExtendedData><Data name="cpFrom"><value>n449</value></Data><Data name="cpTo"><value>n91</value></Data></ExtendedData><LineString><tessellate>1</tessellate><coordinates>-97.034535,32.904157,0 -97.034897,32.904246,0</coordinates></LineString></Placemark>
<Placemark><name>P83↔P82</name><description>P83 -&gt; P82 (31.3 m)</description><styleUrl>#s5</styleUrl><ExtendedData><Data name="cpFrom"><value>n449</value></Data><Data name="cpTo"><value>n395</value></Data></ExtendedData><LineString><tessellate>1</tessellate><coordinates>-97.034535,32.904157,0 -97.034562,32.903876,0</coordinates></LineString></Placemark>
<Placemark><name>P84↔A23A</name><description>P84 -&gt; A23A (34.7 m)</description><styleUrl>#s5</styleUrl><ExtendedData><Data name="cpFrom"><value>n433</value></Data><Data name="cpTo"><value>n92</value></Data></ExtendedData><LineString><tessellate>1</tessellate><coordinates>-97.034546,32.904305,0 -97.034907,32.904378,0</coordinates></LineString></Placemark>
<Placemark><name>P84↔A23X</name><description>P84 -&gt; A23X (34.7 m)</description><styleUrl>#s5</styleUrl><ExtendedData><Data name="cpFrom"><value>n433</value></Data><Data name="cpTo"><value>n93</value></Data></ExtendedData><LineString><tessellate>1</tessellate><coordinates>-97.034546,32.904305,0 -97.034907,32.904378,0</coordinates></LineString></Placemark>
<Placemark><name>P84↔P83</name><description>P84 -&gt; P83 (16.5 m)</description><styleUrl>#s5</styleUrl><ExtendedData><Data name="cpFrom"><value>n433</value></Data><Data name="cpTo"><value>n449</value></Data></ExtendedData><LineString><tessellate>1</tessellate><coordinates>-97.034546,32.904305,0 -97.034535,32.904157,0</coordinates></LineString></Placemark>
<Placemark><name>P85↔A22</name><description>P85 -&gt; A22 (33.9 m)</description><styleUrl>#s5</styleUrl><ExtendedData><Data name="cpFrom"><value>n335</value></Data><Data name="cpTo"><value>n90</value></Data></ExtendedData><LineString><tessellate>1</tessellate><coordinates>-97.034535,32.904588,0 -97.034896,32.904624,0</coordinates></LineString></Placemark>
<Placemark><name>P85↔P84</name><description>P85 -&gt; P84 (31.5 m)</description><styleUrl>#s5</styleUrl><ExtendedData><Data name="cpFrom"><value>n335</value></Data><Data name="cpTo"><value>n433</value></Data></ExtendedData><LineString><tessellate>1</tessellate><coordinates>-97.034535,32.904588,0 -97.034546,32.904305,0</coordinates></LineString></Placemark>
<Placemark><name>P86↔A21</name><description>P86 -&gt; A21 (35.2 m)</description><styleUrl>#s5</styleUrl><ExtendedData><Data name="cpFrom"><value>n394</value></Data><Data name="cpTo"><value>n88</value></Data></ExtendedData><LineString><tessellate>1</tessellate><coordinates>-97.034543,32.905025,0 -97.034919,32.905044,0</coordinates></LineString></Placemark>
<Placemark><name>P86↔A21X</name><description>P86 -&gt; A21X (32.7 m)</description><styleUrl>#s5</styleUrl><ExtendedData><Data name="cpFrom"><value>n394</value></Data><Data name="cpTo"><value>n89</value></Data></ExtendedData><LineString><tessellate>1</tessellate><coordinates>-97.034543,32.905025,0 -97.034888,32.905075,0</coordinates></LineString></Placemark>
<Placemark><name>P86↔P85</name><description>P86 -&gt; P85 (48.6 m)</description><styleUrl>#s5</styleUrl><ExtendedData><Data name="cpFrom"><value>n394</value></Data><Data name="cpTo"><value>n335</value></Data></ExtendedData><LineString><tessellate>1</tessellate><coordinates>-97.034543,32.905025,0 -97.034535,32.904588,0</coordinates></LineString></Placemark>
<Placemark><name>P87↔A20X</name><description>P87 -&gt; A20X (26.7 m)</description><styleUrl>#s5</styleUrl><ExtendedData><Data name="cpFrom"><value>n531</value></Data><Data name="cpTo"><value>n87</value></Data></ExtendedData><LineString><tessellate>1</tessellate><coordinates>-97.034559,32.905457,0 -97.03479,32.905599,0</coordinates></LineString></Placemark>
<Placemark><name>P87↔A20</name><description>P87 -&gt; A20 (37.3 m)</description><styleUrl>#s5</styleUrl><ExtendedData><Data name="cpFrom"><value>n531</value></Data><Data name="cpTo"><value>n86</value></Data></ExtendedData><LineString><tessellate>1</tessellate><coordinates>-97.034559,32.905457,0 -97.034958,32.905471,0</coordinates></LineString></Placemark>
<Placemark><name>P87↔P86</name><description>P87 -&gt; P86 (48.1 m)</description><styleUrl>#s5</styleUrl><ExtendedData><Data name="cpFrom"><value>n531</value></Data><Data name="cpTo"><value>n394</value></Data></ExtendedData><LineString><tessellate>1</tessellate><coordinates>-97.034559,32.905457,0 -97.034543,32.905025,0</coordinates></LineString></Placemark>
<Placemark><name>P88↔P87</name><description>P88 -&gt; P87 (39.6 m)</description><styleUrl>#s5</styleUrl><ExtendedData><Data name="cpFrom"><value>n416</value></Data><Data name="cpTo"><value>n531</value></Data></ExtendedData><LineString><tessellate>1</tessellate><coordinates>-97.034629,32.905808,0 -97.034559,32.905457,0</coordinates></LineString></Placemark>
<Placemark><name>P89↔A19</name><description>P89 -&gt; A19 (26.0 m)</description><styleUrl>#s5</styleUrl><ExtendedData><Data name="cpFrom"><value>n412</value></Data><Data name="cpTo"><value>n85</value></Data></ExtendedData><LineString><tessellate>1</tessellate><coordinates>-97.034801,32.90596,0 -97.03506,32.905873,0</coordinates></LineString></Placemark>
<Placemark><name>P88↔P301</name><description>P88 -&gt; P301 (33.3 m)</description><styleUrl>#s5</styleUrl><ExtendedData><Data name="cpFrom"><value>n416</value></Data><Data name="cpTo"><value>n542</value></Data></ExtendedData><LineString><tessellate>1</tessellate><coordinates>-97.034629,32.905808,0 -97.03428,32.90587,0</coordinates></LineString></Placemark>
<Placemark><name>P89↔P88</name><description>P89 -&gt; P88 (23.3 m)</description><styleUrl>#s5</styleUrl><ExtendedData><Data name="cpFrom"><value>n412</value></Data><Data name="cpTo"><value>n416</value></Data></ExtendedData><LineString><tessellate>1</tessellate><coordinates>-97.034801,32.90596,0 -97.034629,32.905808,0</coordinates></LineString></Placemark>
<Placemark><name>P9↔B9A</name><description>P9 -&gt; B9A (34.6 m)</description><styleUrl>#s5</styleUrl><ExtendedData><Data name="cpFrom"><value>n393</value></Data><Data name="cpTo"><value>n182</value></Data></ExtendedData><LineString><tessellate>1</tessellate><coordinates>-97.043529,32.901653,0 -97.043422,32.901951,0</coordinates></LineString></Placemark>
<Placemark><name>P9↔P10</name><description>P9 -&gt; P10 (25.4 m)</description><styleUrl>#s5</styleUrl><ExtendedData><Data name="cpFrom"><value>n393</value></Data><Data name="cpTo"><value>n383</value></Data></ExtendedData><LineString><tessellate>1</tessellate><coordinates>-97.043529,32.901653,0 -97.043801,32.901656,0</coordinates></LineString></Placemark>
<Placemark><name>P90↔A18</name><description>P90 -&gt; A18 (20.7 m)</description><styleUrl>#s5</styleUrl><ExtendedData><Data name="cpFrom"><value>n467</value></Data><Data name="cpTo"><value>n84</value></Data></ExtendedData><LineString><tessellate>1</tessellate><coordinates>-97.03504,32.906332,0 -97.035237,32.906247,0</coordinates></LineString></Placemark>
<Placemark><name>P90↔P89</name><description>P90 -&gt; P89 (47.0 m)</description><styleUrl>#s5</styleUrl><ExtendedData><Data name="cpFrom"><value>n467</value></Data><Data name="cpTo"><value>n412</value></Data></ExtendedData><LineString><tessellate>1</tessellate><coordinates>-97.03504,32.906332,0 -97.034801,32.90596,0</coordinates></LineString></Placemark>
<Placemark><name>P91↔P90</name><description>P91 -&gt; P90 (20.1 m)</description><styleUrl>#s5</styleUrl><ExtendedData><Data name="cpFrom"><value>n357</value></Data><Data name="cpTo"><value>n467</value></Data></ExtendedData><LineString><tessellate>1</tessellate><coordinates>-97.035172,32.906475,0 -97.03504,32.906332,0</coordinates></LineString></Placemark>
<Placemark><name>P92↔P91</name><description>P92 -&gt; P91 (14.5 m)</description><styleUrl>#s5</styleUrl><ExtendedData><Data name="cpFrom"><value>n368</value></Data><Data name="cpTo"><value>n357</value></Data></ExtendedData><LineString><tessellate>1</tessellate><coordinates>-97.035207,32.906602,0 -97.035172,32.906475,0</coordinates></LineString></Placemark>
<Placemark><name>P93↔A17</name><description>P93 -&gt; A17 (26.4 m)</description><styleUrl>#s5</styleUrl><ExtendedData><Data name="cpFrom"><value>n390</value></Data><Data name="cpTo"><value>n83</value></Data></ExtendedData><LineString><tessellate>1</tessellate><coordinates>-97.035317,32.906723,0 -97.035498,32.90654,0</coordinates></LineString></Placemark>
<Placemark><name>P300↔P93</name><description>P300 -&gt; P93 (96.5 m)</description><styleUrl>#s5</styleUrl><ExtendedData><Data name="cpFrom"><value>n541</value></Data><Data name="cpTo"><value>n390</value></Data></ExtendedData><LineString><tessellate>1</tessellate><coordinates>-97.0343,32.90657,0 -97.035317,32.906723,0</coordinates></LineString></Placemark>
<Placemark><name>P94↔A16</name><description>P94 -&gt; A16 (34.7 m)</description><styleUrl>#s5</styleUrl><ExtendedData><Data name="cpFrom"><value>n470</value></Data><Data name="cpTo"><value>n82</value></Data></ExtendedData><LineString><tessellate>1</tessellate><coordinates>-97.035645,32.907044,0 -97.035879,32.906801,0</coordinates></LineString></Placemark>
<Placemark><name>P94↔P93</name><description>P94 -&gt; P93 (47.0 m)</description><styleUrl>#s5</styleUrl><ExtendedData><Data name="cpFrom"><value>n470</value></Data><Data name="cpTo"><value>n390</value></Data></ExtendedData><LineString><tessellate>1</tessellate><coordinates>-97.035645,32.907044,0 -97.035317,32.906723,0</coordinates></LineString></Placemark>
<Placemark><name>P95↔A15</name><description>P95 -&gt; A15 (30.0 m)</description><styleUrl>#s5</styleUrl><ExtendedData><Data name="cpFrom"><value>n490</value></Data><Data name="cpTo"><value>n81</value></Data></ExtendedData><LineString><tessellate>1</tessellate><coordinates>-97.036013,32.907327,0 -97.036213,32.907116,0</coordinates></LineString></Placemark>
<Placemark><name>P95↔P94</name><description>P95 -&gt; P94 (46.6 m)</description><styleUrl>#s5</styleUrl><ExtendedData><Data name="cpFrom"><value>n490</value></Data><Data name="cpTo"><value>n470</value></Data></ExtendedData><LineString><tessellate>1</tessellate><coordinates>-97.036013,32.907327,0 -97.035645,32.907044,0</coordinates></LineString></Placemark>
<Placemark><name>P96↔A14</name><description>P96 -&gt; A14 (30.3 m)</description><styleUrl>#s5</styleUrl><ExtendedData><Data name="cpFrom"><value>n468</value></Data><Data name="cpTo"><value>n80</value></Data></ExtendedData><LineString><tessellate>1</tessellate><coordinates>-97.036411,32.907606,0 -97.036574,32.90737,0</coordinates></LineString></Placemark>
<Placemark><name>P96↔P95</name><description>P96 -&gt; P95 (48.4 m)</description><styleUrl>#s5</styleUrl><ExtendedData><Data name="cpFrom"><value>n468</value></Data><Data name="cpTo"><value>n490</value></Data></ExtendedData><LineString><tessellate>1</tessellate><coordinates>-97.036411,32.907606,0 -97.036013,32.907327,0</coordinates></LineString></Placemark>
<Placemark><name>P97↔A8</name><description>P97 -&gt; A8 (25.4 m)</description><styleUrl>#s5</styleUrl><ExtendedData><Data name="cpFrom"><value>n389</value></Data><Data name="cpTo"><value>n110</value></Data></ExtendedData><LineString><tessellate>1</tessellate><coordinates>-97.036962,32.907765,0 -97.036993,32.907538,0</coordinates></LineString></Placemark>
<Placemark><name>P97↔A13</name><description>P97 -&gt; A13 (25.4 m)</description><styleUrl>#s5</styleUrl><ExtendedData><Data name="cpFrom"><value>n389</value></Data><Data name="cpTo"><value>n112</value></Data></ExtendedData><LineString><tessellate>1</tessellate><coordinates>-97.036962,32.907765,0 -97.036993,32.907538,0</coordinates></LineString></Placemark>
<Placemark><name>P97↔P96</name><description>P97 -&gt; P96 (54.4 m)</description><styleUrl>#s5</styleUrl><ExtendedData><Data name="cpFrom"><value>n389</value></Data><Data name="cpTo"><value>n468</value></Data></ExtendedData><LineString><tessellate>1</tessellate><coordinates>-97.036962,32.907765,0 -97.036411,32.907606,0</coordinates></LineString></Placemark>
<Placemark><name>P98↔A11</name><description>P98 -&gt; A11 (20.8 m)</description><styleUrl>#s5</styleUrl><ExtendedData><Data name="cpFrom"><value>n384</value></Data><Data name="cpTo"><value>n79</value></Data></ExtendedData><LineString><tessellate>1</tessellate><coordinates>-97.037462,32.907766,0 -97.037529,32.907588,0</coordinates></LineString></Placemark>
<Placemark><name>P98↔A7</name><description>P98 -&gt; A7 (20.8 m)</description><styleUrl>#s5</styleUrl><ExtendedData><Data name="cpFrom"><value>n384</value></Data><Data name="cpTo"><value>n109</value></Data></ExtendedData><LineString><tessellate>1</tessellate><coordinates>-97.037462,32.907766,0 -97.037529,32.907588,0</coordinates></LineString></Placemark>
<Placemark><name>P98↔P97</name><description>P98 -&gt; P97 (46.7 m)</description><styleUrl>#s5</styleUrl><ExtendedData><Data name="cpFrom"><value>n384</value></Data><Data name="cpTo"><value>n389</value></Data></ExtendedData><LineString><tessellate>1</tessellate><coordinates>-97.037462,32.907766,0 -97.036962,32.907765,0</coordinates></LineString></Placemark>
<Placemark><name>P99↔A10</name><description>P99 -&gt; A10 (23.1 m)</description><styleUrl>#s5</styleUrl><ExtendedData><Data name="cpFrom"><value>n434</value></Data><Data name="cpTo"><value>n78</value></Data></ExtendedData><LineString><tessellate>1</tessellate><coordinates>-97.038005,32.907763,0 -97.038012,32.907555,0</coordinates></LineString></Placemark>
<Placemark><name>P99↔A6</name><description>P99 -&gt; A6 (23.1 m)</description><styleUrl>#s5</styleUrl><ExtendedData><Data name="cpFrom"><value>n434</value></Data><Data name="cpTo"><value>n108</value></Data></ExtendedData><LineString><tessellate>1</tessellate><coordinates>-97.038005,32.907763,0 -97.038012,32.907555,0</coordinates></LineString></Placemark>
<Placemark><name>P99↔P98</name><description>P99 -&gt; P98 (50.7 m)</description><styleUrl>#s5</styleUrl><ExtendedData><Data name="cpFrom"><value>n434</value></Data><Data name="cpTo"><value>n384</value></Data></ExtendedData><LineString><tessellate>1</tessellate><coordinates>-97.038005,32.907763,0 -97.037462,32.907766,0</coordinates></LineString></Placemark>
<Placemark><name>P300↔P301</name><description>P300 -&gt; P301 (77.9 m)</description><styleUrl>#s5</styleUrl><ExtendedData><Data name="cpFrom"><value>n541</value></Data><Data name="cpTo"><value>n542</value></Data></ExtendedData><LineString><tessellate>1</tessellate><coordinates>-97.0343,32.90657,0 -97.03428,32.90587,0</coordinates></LineString></Placemark>
<Placemark><name>REROUTEA↔A-HIGH</name><description>REROUTEA -&gt; A-HIGH (23.2 m)</description><styleUrl>#s5</styleUrl><ExtendedData><Data name="cpFrom"><value>n65</value></Data><Data name="cpTo"><value>n15</value></Data></ExtendedData><LineString><tessellate>1</tessellate><coordinates>-97.03834,32.90214,0 -97.038542,32.902019,0</coordinates></LineString></Placemark>
<Placemark><name>REROUTEB↔CLAIMB29</name><description>REROUTEB -&gt; CLAIMB29 (65.0 m)</description><styleUrl>#s5</styleUrl><ExtendedData><Data name="cpFrom"><value>n66</value></Data><Data name="cpTo"><value>n34</value></Data></ExtendedData><LineString><tessellate>1</tessellate><coordinates>-97.0449,32.90579,0 -97.044694,32.906348,0</coordinates></LineString></Placemark>
<Placemark><name>REROUTEB4↔P66A</name><description>REROUTEB4 -&gt; P66A (46.9 m)</description><styleUrl>#s5</styleUrl><ExtendedData><Data name="cpFrom"><value>n67</value></Data><Data name="cpTo"><value>n523</value></Data></ExtendedData><LineString><tessellate>1</tessellate><coordinates>-97.04215,32.90219,0 -97.041655,32.902118,0</coordinates></LineString></Placemark>
<Placemark><name>REROUTEC↔C-MID</name><description>REROUTEC -&gt; C-MID (33.4 m)</description><styleUrl>#s5</styleUrl><ExtendedData><Data name="cpFrom"><value>n68</value></Data><Data name="cpTo"><value>n27</value></Data></ExtendedData><LineString><tessellate>1</tessellate><coordinates>-97.0357,32.89794,0 -97.035438,32.898144,0</coordinates></LineString></Placemark>
<Placemark><name>REROUTEC↔TSAC</name><description>REROUTEC -&gt; TSAC (68.0 m)</description><styleUrl>#s5</styleUrl><ExtendedData><Data name="cpFrom"><value>n68</value></Data><Data name="cpTo"><value>n71</value></Data></ExtendedData><LineString><tessellate>1</tessellate><coordinates>-97.0357,32.89794,0 -97.03589,32.89853,0</coordinates></LineString></Placemark>
<Placemark><name>REROUTED↔P67</name><description>REROUTED -&gt; P67 (94.3 m)</description><styleUrl>#s5</styleUrl><ExtendedData><Data name="cpFrom"><value>n69</value></Data><Data name="cpTo"><value>n489</value></Data></ExtendedData><LineString><tessellate>1</tessellate><coordinates>-97.04186,32.90033,0 -97.041736,32.901172,0</coordinates></LineString></Placemark>
<Placemark><name>TSAA↔A-LOW</name><description>TSAA -&gt; A-LOW (58.1 m)</description><styleUrl>#s5</styleUrl><ExtendedData><Data name="cpFrom"><value>n70</value></Data><Data name="cpTo"><value>n16</value></Data></ExtendedData><LineString><tessellate>1</tessellate><coordinates>-97.03667,32.90673,0 -97.037084,32.90712,0</coordinates></LineString></Placemark>
<Placemark><name>TSAC↔C-MID</name><description>TSAC -&gt; C-MID (60.2 m)</description><styleUrl>#s5</styleUrl><ExtendedData><Data name="cpFrom"><value>n71</value></Data><Data name="cpTo"><value>n27</value></Data></ExtendedData><LineString><tessellate>1</tessellate><coordinates>-97.03589,32.89853,0 -97.035438,32.898144,0</coordinates></LineString></Placemark>
<Placemark><name>B10↔B10A</name><description>B10 -&gt; B10A (0.0 m)</description><styleUrl>#s5</styleUrl><ExtendedData><Data name="cpFrom"><value>n114</value></Data><Data name="cpTo"><value>n115</value></Data></ExtendedData><LineString><tessellate>1</tessellate><coordinates>-97.044067,32.902136,0 -97.044067,32.902136,0</coordinates></LineString></Placemark>
<Placemark><name>P309↔P149</name><description>P309 -&gt; P149 (42.0 m)</description><styleUrl>#s5</styleUrl><ExtendedData><Data name="cpFrom"><value>n553</value></Data><Data name="cpTo"><value>n492</value></Data></ExtendedData><LineString><tessellate>1</tessellate><coordinates>-97.03596517043269,32.88793981603365,0 -97.036259,32.887654,0</coordinates></LineString></Placemark>
<Placemark><name>P148↔P310</name><description>P148 -&gt; P310 (24.1 m)</description><styleUrl>#s5</styleUrl><ExtendedData><Data name="cpFrom"><value>n403</value></Data><Data name="cpTo"><value>n554</value></Data></ExtendedData><LineString><tessellate>1</tessellate><coordinates>-97.035489,32.888403,0 -97.03565761694668,32.88823898169732,0</coordinates></LineString></Placemark>
<Placemark><name>P310↔P309</name><description>P310 -&gt; P309 (43.9 m)</description><styleUrl>#s5</styleUrl><ExtendedData><Data name="cpFrom"><value>n554</value></Data><Data name="cpTo"><value>n553</value></Data></ExtendedData><LineString><tessellate>1</tessellate><coordinates>-97.03565761694668,32.88823898169732,0 -97.03596517043269,32.88793981603365,0</coordinates></LineString></Placemark>
<Placemark><name>E33↔P149</name><description>E33 -&gt; P149 (31.9 m)</description><styleUrl>#s6</styleUrl><ExtendedData><Data name="cpFrom"><value>n552</value></Data><Data name="cpTo"><value>n492</value></Data></ExtendedData><LineString><tessellate>1</tessellate><coordinates>-97.03647,32.88788,0 -97.036259,32.887654,0</coordinates></LineString></Placemark>
<Placemark><name>E32↔P309</name><description>E32 -&gt; P309 (27.6 m)</description><styleUrl>#s6</styleUrl><ExtendedData><Data name="cpFrom"><value>n551</value></Data><Data name="cpTo"><value>n553</value></Data></ExtendedData><LineString><tessellate>1</tessellate><coordinates>-97.03614,32.88814,0 -97.03596517043269,32.88793981603365,0</coordinates></LineString></Placemark>
<Placemark><name>E31↔P310</name><description>E31 -&gt; P310 (29.0 m)</description><styleUrl>#s6</styleUrl><ExtendedData><Data name="cpFrom"><value>n550</value></Data><Data name="cpTo"><value>n554</value></Data></ExtendedData><LineString><tessellate>1</tessellate><coordinates>-97.03584,32.88845,0 -97.03565761694668,32.88823898169732,0</coordinates></LineString></Placemark>
<Placemark><name>B4A↔B5</name><description>B4A -&gt; B5 (0.0 m)</description><styleUrl>#pathStyle</styleUrl><ExtendedData><Data name="cpFrom"><value>n175</value></Data><Data name="cpTo"><value>n177</value></Data></ExtendedData><LineString><tessellate>1</tessellate><coordinates>-97.042431,32.901757,0 -97.042431,32.901757,0</coordinates></LineString></Placemark>
<Placemark><name>B5↔P4</name><description>B5 -&gt; P4 (20.0 m)</description><styleUrl>#pathStyle</styleUrl><ExtendedData><Data name="cpFrom"><value>n177</value></Data><Data name="cpTo"><value>n514</value></Data></ExtendedData><LineString><tessellate>1</tessellate><coordinates>-97.042431,32.901757,0 -97.042431,32.901577,0</coordinates></LineString></Placemark>
<Placemark><name>E37↔E37B</name><description>E37 -&gt; E37B (0.0 m)</description><styleUrl>#pathStyle</styleUrl><ExtendedData><Data name="cpFrom"><value>n217</value></Data><Data name="cpTo"><value>n219</value></Data></ExtendedData><LineString><tessellate>1</tessellate><coordinates>-97.038207,32.887348,0 -97.038207,32.887348,0</coordinates></LineString></Placemark>
<Placemark><name>E37A↔P153</name><description>E37A -&gt; P153 (26.1 m)</description><styleUrl>#pathStyle</styleUrl><ExtendedData><Data name="cpFrom"><value>n218</value></Data><Data name="cpTo"><value>n362</value></Data></ExtendedData><LineString><tessellate>1</tessellate><coordinates>-97.038207,32.887348,0 -97.038106,32.887129,0</coordinates></LineString></Placemark>
</Folder>
</Document></kml>