<?xml version="1.0" encoding="UTF-8"?>
<kml xmlns="http://www.opengis.net/kml/2.2">
  <Document>
    <name>DFW Gate Matrix Graph</name>
    <description>Main connection points and paths for DFW</description>
    <Style id="deliveryPointStyle">
      <IconStyle>
        <scale>1.0</scale>
        <Icon>
          <href>http://maps.google.com/mapfiles/kml/paddle/red-stars.png</href>
        </Icon>
      </IconStyle>
      <LabelStyle>
        <scale>0.9</scale>
      </LabelStyle>
    </Style>
    <Style id="intermediatePointStyle">
      <IconStyle>
        <scale>0.6</scale>
        <Icon>
          <href>http://maps.google.com/mapfiles/kml/paddle/wht-blank.png</href>
        </Icon>
      </IconStyle>
      <LabelStyle>
        <scale>0.7</scale>
      </LabelStyle>
    </Style>
    <Style id="zoneStyle">
      <IconStyle>
        <scale>0.8</scale>
        <Icon>
          <href>http://maps.google.com/mapfiles/kml/paddle/ylw-circle.png</href>
        </Icon>
      </IconStyle>
      <LabelStyle>
        <scale>0.8</scale>
      </LabelStyle>
    </Style>
    <Style id="pathStyle">
      <LineStyle>
        <color>ff0088ff</color>
        <width>3</width>
      </LineStyle>
    </Style>
    <Folder>
      <name>Zones</name>
      <Placemark>
        <name>Zone 1</name>
        <description>Zone: 1</description>
        <styleUrl>#zoneStyle</styleUrl>
        <Point>
          <coordinates>-97.037164,32.907314,0</coordinates>
        </Point>
      </Placemark>
      <Placemark>
        <name>Zone 2</name>
        <description>Zone: 2</description>
        <styleUrl>#zoneStyle</styleUrl>
        <Point>
          <coordinates>-97.035321,32.904889,0</coordinates>
        </Point>
      </Placemark>
      <Placemark>
        <name>Zone 3</name>
        <description>Zone: 3</description>
        <styleUrl>#zoneStyle</styleUrl>
        <Point>
          <coordinates>-97.037299,32.902974,0</coordinates>
        </Point>
      </Placemark>
      <Placemark>
        <name>Zone 31</name>
        <description>Zone: 31</description>
        <styleUrl>#zoneStyle</styleUrl>
        <Point>
          <coordinates>-97.03749,32.899685,0</coordinates>
        </Point>
      </Placemark>
      <Placemark>
        <name>Zone 4</name>
        <description>Zone: 4</description>
        <styleUrl>#zoneStyle</styleUrl>
        <Point>
          <coordinates>-97.035353,32.898052,0</coordinates>
        </Point>
      </Placemark>
      <Placemark>
        <name>Zone 5</name>
        <description>Zone: 5</description>
        <styleUrl>#zoneStyle</styleUrl>
        <Point>
          <coordinates>-97.036855,32.895007,0</coordinates>
        </Point>
      </Placemark>
      <Placemark>
        <name>Zone 6</name>
        <description>Zone: 6</description>
        <styleUrl>#zoneStyle</styleUrl>
        <Point>
          <coordinates>-97.03605,32.888467,0</coordinates>
        </Point>
      </Placemark>
      <Placemark>
        <name>Zone 7</name>
        <description>Zone: 7</description>
        <styleUrl>#zoneStyle</styleUrl>
        <Point>
          <coordinates>-97.043561,32.89553,0</coordinates>
        </Point>
      </Placemark>
      <Placemark>
        <name>Zone 8</name>
        <description>Zone: 8</description>
        <styleUrl>#zoneStyle</styleUrl>
        <Point>
          <coordinates>-97.045342,32.897791,0</coordinates>
        </Point>
      </Placemark>
      <Placemark>
        <name>Zone 9</name>
        <description>Zone: 9</description>
        <styleUrl>#zoneStyle</styleUrl>
        <Point>
          <coordinates>-97.043271,32.899692,0</coordinates>
        </Point>
      </Placemark>
      <Placemark>
        <name>Zone 10</name>
        <description>Zone: 10</description>
        <styleUrl>#zoneStyle</styleUrl>
        <Point>
          <coordinates>-97.045481,32.904664,0</coordinates>
        </Point>
      </Placemark>
      <Placemark>
        <name>Zone 11</name>
        <description>Zone: 11</description>
        <styleUrl>#zoneStyle</styleUrl>
        <Point>
          <coordinates>-97.043552,32.907907,0</coordinates>
        </Point>
      </Placemark>
      <Placemark>
        <name>Zone 61</name>
        <description>Zone: 61</description>
        <styleUrl>#zoneStyle</styleUrl>
        <Point>
          <coordinates>-97.042966,32.900823,0</coordinates>
        </Point>
      </Placemark>
    </Folder>
    <Folder>
      <name>Delivery Locations (Gates, Bagrooms, etc.)</name>
      <Placemark>
        <name>9XCART</name>
        <description>Type: bagroom<br/>Terminal: D<br/>Zone: 61</description>
        <styleUrl>#deliveryPointStyle</styleUrl>
        <Point>
          <coordinates>-97.04339,32.89569,0</coordinates>
        </Point>
      </Placemark>
      <Placemark>
        <name>A-HIGH</name>
        <description>Type: bagroom<br/>Terminal: A<br/>Zone: 2</description>
        <styleUrl>#deliveryPointStyle</styleUrl>
        <Point>
          <coordinates>-97.038542,32.902019,0</coordinates>
        </Point>
      </Placemark>
      <Placemark>
        <name>A-LOW</name>
        <description>Type: bagroom<br/>Terminal: A<br/>Zone: 2</description>
        <styleUrl>#deliveryPointStyle</styleUrl>
        <Point>
          <coordinates>-97.037084,32.90712,0</coordinates>
        </Point>
      </Placemark>
      <Placemark>
        <name>BAGRMA</name>
        <description>Type: bagroom<br/>Terminal: A<br/>Zone: 2</description>
        <styleUrl>#deliveryPointStyle</styleUrl>
        <Point>
          <coordinates>-97.038542,32.902019,0</coordinates>
        </Point>
      </Placemark>
      <Placemark>
        <name>BAGRMB</name>
        <description>Type: bagroom<br/>Terminal: B<br/>Zone: 61</description>
        <styleUrl>#deliveryPointStyle</styleUrl>
        <Point>
          <coordinates>-97.04491,32.90587,0</coordinates>
        </Point>
      </Placemark>
      <Placemark>
        <name>BAGRMB4</name>
        <description>Type: bagroom<br/>Terminal: B<br/>Zone: 61</description>
        <styleUrl>#deliveryPointStyle</styleUrl>
        <Point>
          <coordinates>-97.042107,32.90201,0</coordinates>
        </Point>
      </Placemark>
      <Placemark>
        <name>BAGRMC</name>
        <description>Type: bagroom<br/>Terminal: C<br/>Zone: 4</description>
        <styleUrl>#deliveryPointStyle</styleUrl>
        <Point>
          <coordinates>-97.035438,32.898144,0</coordinates>
        </Point>
      </Placemark>
      <Placemark>
        <name>BAGRMD</name>
        <description>Type: bagroom<br/>Terminal: D<br/>Zone: 61</description>
        <styleUrl>#deliveryPointStyle</styleUrl>
        <Point>
          <coordinates>-97.042468,32.89556,0</coordinates>
        </Point>
      </Placemark>
      <Placemark>
        <name>BAGRMD2</name>
        <description>Type: bagroom<br/>Terminal: D<br/>Zone: 61</description>
        <styleUrl>#deliveryPointStyle</styleUrl>
        <Point>
          <coordinates>-97.044967,32.89563,0</coordinates>
        </Point>
      </Placemark>
      <Placemark>
        <name>BAGRMD3</name>
        <description>Type: bagroom<br/>Terminal: D<br/>Zone: 61</description>
        <styleUrl>#deliveryPointStyle</styleUrl>
        <Point>
          <coordinates>-97.044077,32.899612,0</coordinates>
        </Point>
      </Placemark>
      <Placemark>
        <name>BAGRME</name>
        <description>Type: bagroom<br/>Terminal: E<br/>Zone: 6</description>
        <styleUrl>#deliveryPointStyle</styleUrl>
        <Point>
          <coordinates>-97.03788,32.88789,0</coordinates>
        </Point>
      </Placemark>
      <Placemark>
        <name>C-HIGH</name>
        <description>Type: bagroom<br/>Terminal: C<br/>Zone: 4</description>
        <styleUrl>#deliveryPointStyle</styleUrl>
        <Point>
          <coordinates>-97.036141,32.895647,0</coordinates>
        </Point>
      </Placemark>
      <Placemark>
        <name>C-LOW</name>
        <description>Type: bagroom<br/>Terminal: C<br/>Zone: 31</description>
        <styleUrl>#deliveryPointStyle</styleUrl>
        <Point>
          <coordinates>-97.036514,32.899723,0</coordinates>
        </Point>
      </Placemark>
      <Placemark>
        <name>C-MID</name>
        <description>Type: bagroom<br/>Terminal: C<br/>Zone: 4</description>
        <styleUrl>#deliveryPointStyle</styleUrl>
        <Point>
          <coordinates>-97.035438,32.898144,0</coordinates>
        </Point>
      </Placemark>
      <Placemark>
        <name>CLAIMA15</name>
        <description>Type: local<br/>Terminal: A<br/>Zone: 2</description>
        <styleUrl>#deliveryPointStyle</styleUrl>
        <Point>
          <coordinates>-97.036726,32.906759,0</coordinates>
        </Point>
      </Placemark>
      <Placemark>
        <name>CLAIMA16</name>
        <description>Type: local<br/>Terminal: A<br/>Zone: 2</description>
        <styleUrl>#deliveryPointStyle</styleUrl>
        <Point>
          <coordinates>-97.036215,32.90639,0</coordinates>
        </Point>
      </Placemark>
      <Placemark>
        <name>CLAIMA17</name>
        <description>Type: local<br/>Terminal: A<br/>Zone: 2</description>
        <styleUrl>#deliveryPointStyle</styleUrl>
        <Point>
          <coordinates>-97.036215,32.90639,0</coordinates>
        </Point>
      </Placemark>
      <Placemark>
        <name>CLAIMA28</name>
        <description>Type: local<br/>Terminal: A<br/>Zone: 2</description>
        <styleUrl>#deliveryPointStyle</styleUrl>
        <Point>
          <coordinates>-97.036541,32.902805,0</coordinates>
        </Point>
      </Placemark>
      <Placemark>
        <name>CLAIMA29</name>
        <description>Type: local<br/>Terminal: A<br/>Zone: 2</description>
        <styleUrl>#deliveryPointStyle</styleUrl>
        <Point>
          <coordinates>-97.036541,32.902805,0</coordinates>
        </Point>
      </Placemark>
      <Placemark>
        <name>CLAIMB20</name>
        <description>Type: bagroom<br/>Terminal: B<br/>Zone: 61</description>
        <styleUrl>#deliveryPointStyle</styleUrl>
        <Point>
          <coordinates>-97.045018,32.903983,0</coordinates>
        </Point>
      </Placemark>
      <Placemark>
        <name>CLAIMB29</name>
        <description>Type: bagroom<br/>Terminal: B<br/>Zone: 61</description>
        <styleUrl>#deliveryPointStyle</styleUrl>
        <Point>
          <coordinates>-97.044694,32.906348,0</coordinates>
        </Point>
      </Placemark>
      <Placemark>
        <name>CLAIMB30</name>
        <description>Type: local<br/>Terminal: B<br/>Zone: 61</description>
        <styleUrl>#deliveryPointStyle</styleUrl>
        <Point>
          <coordinates>-97.044495,32.90649,0</coordinates>
        </Point>
      </Placemark>
      <Placemark>
        <name>CLAIMB5</name>
        <description>Type: local<br/>Terminal: B<br/>Zone: 10</description>
        <styleUrl>#deliveryPointStyle</styleUrl>
        <Point>
          <coordinates>-97.042354,32.902113,0</coordinates>
        </Point>
      </Placemark>
      <Placemark>
        <name>CLAIMC12</name>
        <description>Type: local<br/>Terminal: C<br/>Zone: 4</description>
        <styleUrl>#deliveryPointStyle</styleUrl>
        <Point>
          <coordinates>-97.036308,32.899135,0</coordinates>
        </Point>
      </Placemark>
      <Placemark>
        <name>CLAIMC15</name>
        <description>Type: local<br/>Terminal: C<br/>Zone: 4</description>
        <styleUrl>#deliveryPointStyle</styleUrl>
        <Point>
          <coordinates>-97.036098,32.898716,0</coordinates>
        </Point>
      </Placemark>
      <Placemark>
        <name>CLAIMC25</name>
        <description>Type: local<br/>Terminal: C<br/>Zone: 4</description>
        <styleUrl>#deliveryPointStyle</styleUrl>
        <Point>
          <coordinates>-97.035929,32.89692,0</coordinates>
        </Point>
      </Placemark>
      <Placemark>
        <name>CLAIMC26</name>
        <description>Type: local<br/>Terminal: C<br/>Zone: 4</description>
        <styleUrl>#deliveryPointStyle</styleUrl>
        <Point>
          <coordinates>-97.035959,32.896698,0</coordinates>
        </Point>
      </Placemark>
      <Placemark>
        <name>CLAIMC31</name>
        <description>Type: local<br/>Terminal: C<br/>Zone: 4</description>
        <styleUrl>#deliveryPointStyle</styleUrl>
        <Point>
          <coordinates>-97.037162,32.895388,0</coordinates>
        </Point>
      </Placemark>
      <Placemark>
        <name>CLAIMC4</name>
        <description>Type: local<br/>Terminal: C<br/>Zone: 4</description>
        <styleUrl>#deliveryPointStyle</styleUrl>
        <Point>
          <coordinates>-97.038595,32.899892,0</coordinates>
        </Point>
      </Placemark>
      <Placemark>
        <name>CTPOINT</name>
        <description>Type: bagroom<br/>Terminal: C<br/>Zone: 4</description>
        <styleUrl>#deliveryPointStyle</styleUrl>
        <Point>
          <coordinates>-97.039156,32.894964,0</coordinates>
        </Point>
      </Placemark>
      <Placemark>
        <name>CLAIMD</name>
        <description>Type: local<br/>Terminal: D<br/>Zone: 61</description>
        <styleUrl>#deliveryPointStyle</styleUrl>
        <Point>
          <coordinates>-97.044967,32.89563,0</coordinates>
        </Point>
      </Placemark>
      <Placemark>
        <name>CLAIMD16</name>
        <description>Type: local<br/>Terminal: D<br/>Zone: 61</description>
        <styleUrl>#deliveryPointStyle</styleUrl>
        <Point>
          <coordinates>-97.044442,32.896269,0</coordinates>
        </Point>
      </Placemark>
      <Placemark>
        <name>CLAIMD29</name>
        <description>Type: local<br/>Terminal: D<br/>Zone: 61</description>
        <styleUrl>#deliveryPointStyle</styleUrl>
        <Point>
          <coordinates>-97.044365,32.89874,0</coordinates>
        </Point>
      </Placemark>
      <Placemark>
        <name>CLAIMD30</name>
        <description>Type: local<br/>Terminal: D<br/>Zone: 61</description>
        <styleUrl>#deliveryPointStyle</styleUrl>
        <Point>
          <coordinates>-97.044365,32.89874,0</coordinates>
        </Point>
      </Placemark>
      <Placemark>
        <name>CLAIMD31</name>
        <description>Type: local<br/>Terminal: D<br/>Zone: 61</description>
        <styleUrl>#deliveryPointStyle</styleUrl>
        <Point>
          <coordinates>-97.044365,32.89874,0</coordinates>
        </Point>
      </Placemark>
      <Placemark>
        <name>CLAIME38</name>
        <description>Type: local<br/>Terminal: E<br/>Zone: 6</description>
        <styleUrl>#deliveryPointStyle</styleUrl>
        <Point>
          <coordinates>-97.037953,32.887957,0</coordinates>
        </Point>
      </Placemark>
      <Placemark>
        <name>CUSTOMS</name>
        <description>Type: tsa<br/>Terminal: D<br/>Zone: 61</description>
        <styleUrl>#deliveryPointStyle</styleUrl>
        <Point>
          <coordinates>-97.04407,32.89617,0</coordinates>
        </Point>
      </Placemark>
      <Placemark>
        <name>D-HIGH</name>
        <description>Type: bagroom<br/>Terminal: D<br/>Zone: 61</description>
        <styleUrl>#deliveryPointStyle</styleUrl>
        <Point>
          <coordinates>-97.041742,32.900209,0</coordinates>
        </Point>
      </Placemark>
      <Placemark>
        <name>D-LOW</name>
        <description>Type: bagroom<br/>Terminal: D<br/>Zone: 61</description>
        <styleUrl>#deliveryPointStyle</styleUrl>
        <Point>
          <coordinates>-97.042468,32.89556,0</coordinates>
        </Point>
      </Placemark>
      <Placemark>
        <name>D-MU01</name>
        <description>Type: bagroom<br/>Terminal: D<br/>Zone: 61</description>
        <styleUrl>#deliveryPointStyle</styleUrl>
        <Point>
          <coordinates>-97.042436,32.895667,0</coordinates>
        </Point>
      </Placemark>
      <Placemark>
        <name>D-XFER</name>
        <description>Type: bagroom<br/>Terminal: D<br/>Zone: 61</description>
        <styleUrl>#deliveryPointStyle</styleUrl>
        <Point>
          <coordinates>-97.042634,32.895766,0</coordinates>
        </Point>
      </Placemark>
      <Placemark>
        <name>ECART</name>
        <description>Type: bagroom<br/>Terminal: E<br/>Zone: 6</description>
        <styleUrl>#deliveryPointStyle</styleUrl>
        <Point>
          <coordinates>-97.045373,32.905327,0</coordinates>
        </Point>
      </Placemark>
      <Placemark>
        <name>INTLB4</name>
        <description>Type: bagroom<br/>Terminal: B<br/>Zone: 61</description>
        <styleUrl>#deliveryPointStyle</styleUrl>
        <Point>
          <coordinates>-97.042107,32.90201,0</coordinates>
        </Point>
      </Placemark>
      <Placemark>
        <name>MU</name>
        <description>Type: bagroom<br/>Terminal: B<br/>Zone: 61</description>
        <styleUrl>#deliveryPointStyle</styleUrl>
        <Point>
          <coordinates>-97.045215,32.905136,0</coordinates>
        </Point>
      </Placemark>
      <Placemark>
        <name>MU1</name>
        <description>Type: bagroom<br/>Terminal: B<br/>Zone: 61</description>
        <styleUrl>#deliveryPointStyle</styleUrl>
        <Point>
          <coordinates>-97.045167,32.905391,0</coordinates>
        </Point>
      </Placemark>
      <Placemark>
        <name>MU2</name>
        <description>Type: bagroom<br/>Terminal: B<br/>Zone: 61</description>
        <styleUrl>#deliveryPointStyle</styleUrl>
        <Point>
          <coordinates>-97.045215,32.905136,0</coordinates>
        </Point>
      </Placemark>
      <Placemark>
        <name>MU3</name>
        <description>Type: bagroom<br/>Terminal: B<br/>Zone: 61</description>
        <styleUrl>#deliveryPointStyle</styleUrl>
        <Point>
          <coordinates>-97.045258,32.904902,0</coordinates>
        </Point>
      </Placemark>
      <Placemark>
        <name>MU4</name>
        <description>Type: bagroom<br/>Terminal: B<br/>Zone: 61</description>
        <styleUrl>#deliveryPointStyle</styleUrl>
        <Point>
          <coordinates>-97.045258,32.904726,0</coordinates>
        </Point>
      </Placemark>
      <Placemark>
        <name>OADROP</name>
        <description>Type: oa<br/>Terminal: D<br/>Zone: 61</description>
        <styleUrl>#deliveryPointStyle</styleUrl>
        <Point>
          <coordinates>-97.042252,32.900067,0</coordinates>
        </Point>
      </Placemark>
      <Placemark>
        <name>PPSAA</name>
        <description>Type: pps<br/>Terminal: D<br/>Zone: 61</description>
        <styleUrl>#deliveryPointStyle</styleUrl>
        <Point>
          <coordinates>-97.040287,32.900571,0</coordinates>
        </Point>
      </Placemark>
      <Placemark>
        <name>PPSAE</name>
        <description>Type: pps<br/>Terminal: D<br/>Zone: 61</description>
        <styleUrl>#deliveryPointStyle</styleUrl>
        <Point>
          <coordinates>-97.040287,32.900571,0</coordinates>
        </Point>
      </Placemark>
      <Placemark>
        <name>REROUTEA</name>
        <description>Type: reroute<br/>Terminal: A<br/>Zone: 2</description>
        <styleUrl>#deliveryPointStyle</styleUrl>
        <Point>
          <coordinates>-97.03834,32.90214,0</coordinates>
        </Point>
      </Placemark>
      <Placemark>
        <name>REROUTEB</name>
        <description>Type: reroute<br/>Terminal: B<br/>Zone: 61</description>
        <styleUrl>#deliveryPointStyle</styleUrl>
        <Point>
          <coordinates>-97.0449,32.90579,0</coordinates>
        </Point>
      </Placemark>
      <Placemark>
        <name>REROUTEB4</name>
        <description>Type: reroute<br/>Terminal: B<br/>Zone: 61</description>
        <styleUrl>#deliveryPointStyle</styleUrl>
        <Point>
          <coordinates>-97.04215,32.90219,0</coordinates>
        </Point>
      </Placemark>
      <Placemark>
        <name>REROUTEC</name>
        <description>Type: reroute<br/>Terminal: C<br/>Zone: 4</description>
        <styleUrl>#deliveryPointStyle</styleUrl>
        <Point>
          <coordinates>-97.0357,32.89794,0</coordinates>
        </Point>
      </Placemark>
      <Placemark>
        <name>REROUTED</name>
        <description>Type: reroute<br/>Terminal: D<br/>Zone: 61</description>
        <styleUrl>#deliveryPointStyle</styleUrl>
        <Point>
          <coordinates>-97.04186,32.90033,0</coordinates>
        </Point>
      </Placemark>
      <Placemark>
        <name>TSAA</name>
        <description>Type: tsa<br/>Terminal: A<br/>Zone: 2</description>
        <styleUrl>#deliveryPointStyle</styleUrl>
        <Point>
          <coordinates>-97.03667,32.90673,0</coordinates>
        </Point>
      </Placemark>
      <Placemark>
        <name>TSAC</name>
        <description>Type: tsa<br/>Terminal: C<br/>Zone: 4</description>
        <styleUrl>#deliveryPointStyle</styleUrl>
        <Point>
          <coordinates>-97.03589,32.89853,0</coordinates>
        </Point>
      </Placemark>
      <Placemark>
        <name>TSAD</name>
        <description>Type: tsa<br/>Terminal: D<br/>Zone: 61</description>
        <styleUrl>#deliveryPointStyle</styleUrl>
        <Point>
          <coordinates>-97.04441,32.89718,0</coordinates>
        </Point>
      </Placemark>
      <Placemark>
        <name>XFRBLF</name>
        <description>Type: bagroom<br/>Terminal: B<br/>Zone: 61</description>
        <styleUrl>#deliveryPointStyle</styleUrl>
        <Point>
          <coordinates>-97.04474,32.903686,0</coordinates>
        </Point>
      </Placemark>
      <Placemark>
        <name>XFRBLH</name>
        <description>Type: bagroom<br/>Terminal: B<br/>Zone: 61</description>
        <styleUrl>#deliveryPointStyle</styleUrl>
        <Point>
          <coordinates>-97.043652,32.906844,0</coordinates>
        </Point>
      </Placemark>
      <Placemark>
        <name>XFRBLL</name>
        <description>Type: bagroom<br/>Terminal: B<br/>Zone: 61</description>
        <styleUrl>#deliveryPointStyle</styleUrl>
        <Point>
          <coordinates>-97.044067,32.902136,0</coordinates>
        </Point>
      </Placemark>
      <Placemark>
        <name>XFRBLM</name>
        <description>Type: bagroom<br/>Terminal: B<br/>Zone: 61</description>
        <styleUrl>#deliveryPointStyle</styleUrl>
        <Point>
          <coordinates>-97.04489,32.903706,0</coordinates>
        </Point>
      </Placemark>
      <Placemark>
        <name>XFRBLT</name>
        <description>Type: bagroom<br/>Terminal: B<br/>Zone: 61</description>
        <styleUrl>#deliveryPointStyle</styleUrl>
        <Point>
          <coordinates>-97.043607,32.906777,0</coordinates>
        </Point>
      </Placemark>
      <Placemark>
        <name>A10</name>
        <description>Type: gate<br/>Terminal: A<br/>Zone: 2</description>
        <styleUrl>#deliveryPointStyle</styleUrl>
        <Point>
          <coordinates>-97.038012,32.907555,0</coordinates>
        </Point>
      </Placemark>
      <Placemark>
        <name>A11</name>
        <description>Type: gate<br/>Terminal: A<br/>Zone: 2</description>
        <styleUrl>#deliveryPointStyle</styleUrl>
        <Point>
          <coordinates>-97.037529,32.907588,0</coordinates>
        </Point>
      </Placemark>
      <Placemark>
        <name>A14</name>
        <description>Type: gate<br/>Terminal: A<br/>Zone: 2</description>
        <styleUrl>#deliveryPointStyle</styleUrl>
        <Point>
          <coordinates>-97.036574,32.90737,0</coordinates>
        </Point>
      </Placemark>
      <Placemark>
        <name>A15</name>
        <description>Type: gate<br/>Terminal: A<br/>Zone: 2</description>
        <styleUrl>#deliveryPointStyle</styleUrl>
        <Point>
          <coordinates>-97.036213,32.907116,0</coordinates>
        </Point>
      </Placemark>
      <Placemark>
        <name>A16</name>
        <description>Type: gate<br/>Terminal: A<br/>Zone: 2</description>
        <styleUrl>#deliveryPointStyle</styleUrl>
        <Point>
          <coordinates>-97.035879,32.906801,0</coordinates>
        </Point>
      </Placemark>
      <Placemark>
        <name>A17</name>
        <description>Type: gate<br/>Terminal: A<br/>Zone: 2</description>
        <styleUrl>#deliveryPointStyle</styleUrl>
        <Point>
          <coordinates>-97.035498,32.90654,0</coordinates>
        </Point>
      </Placemark>
      <Placemark>
        <name>A18</name>
        <description>Type: gate<br/>Terminal: A<br/>Zone: 2</description>
        <styleUrl>#deliveryPointStyle</styleUrl>
        <Point>
          <coordinates>-97.035237,32.906247,0</coordinates>
        </Point>
      </Placemark>
      <Placemark>
        <name>A19</name>
        <description>Type: gate<br/>Terminal: A<br/>Zone: 2</description>
        <styleUrl>#deliveryPointStyle</styleUrl>
        <Point>
          <coordinates>-97.03506,32.905873,0</coordinates>
        </Point>
      </Placemark>
      <Placemark>
        <name>A20</name>
        <description>Type: gate<br/>Terminal: A<br/>Zone: 2</description>
        <styleUrl>#deliveryPointStyle</styleUrl>
        <Point>
          <coordinates>-97.034958,32.905471,0</coordinates>
        </Point>
      </Placemark>
      <Placemark>
        <name>A20X</name>
        <description>Type: gate<br/>Terminal: A<br/>Zone: 2</description>
        <styleUrl>#deliveryPointStyle</styleUrl>
        <Point>
          <coordinates>-97.03479,32.905599,0</coordinates>
        </Point>
      </Placemark>
      <Placemark>
        <name>A21</name>
        <description>Type: gate<br/>Terminal: A<br/>Zone: 2</description>
        <styleUrl>#deliveryPointStyle</styleUrl>
        <Point>
          <coordinates>-97.034919,32.905044,0</coordinates>
        </Point>
      </Placemark>
      <Placemark>
        <name>A21X</name>
        <description>Type: gate<br/>Terminal: A<br/>Zone: 2</description>
        <styleUrl>#deliveryPointStyle</styleUrl>
        <Point>
          <coordinates>-97.034888,32.905075,0</coordinates>
        </Point>
      </Placemark>
      <Placemark>
        <name>A22</name>
        <description>Type: gate<br/>Terminal: A<br/>Zone: 2</description>
        <styleUrl>#deliveryPointStyle</styleUrl>
        <Point>
          <coordinates>-97.034896,32.904624,0</coordinates>
        </Point>
      </Placemark>
      <Placemark>
        <name>A23</name>
        <description>Type: gate<br/>Terminal: A<br/>Zone: 2</description>
        <styleUrl>#deliveryPointStyle</styleUrl>
        <Point>
          <coordinates>-97.034897,32.904246,0</coordinates>
        </Point>
      </Placemark>
      <Placemark>
        <name>A23A</name>
        <description>Type: gate<br/>Terminal: A<br/>Zone: 2</description>
        <styleUrl>#deliveryPointStyle</styleUrl>
        <Point>
          <coordinates>-97.034907,32.904378,0</coordinates>
        </Point>
      </Placemark>
      <Placemark>
        <name>A23X</name>
        <description>Type: gate<br/>Terminal: A<br/>Zone: 2</description>
        <styleUrl>#deliveryPointStyle</styleUrl>
        <Point>
          <coordinates>-97.034907,32.904378,0</coordinates>
        </Point>
      </Placemark>
      <Placemark>
        <name>A24</name>
        <description>Type: gate<br/>Terminal: A<br/>Zone: 2</description>
        <styleUrl>#deliveryPointStyle</styleUrl>
        <Point>
          <coordinates>-97.035034,32.903836,0</coordinates>
        </Point>
      </Placemark>
      <Placemark>
        <name>A25</name>
        <description>Type: gate<br/>Terminal: A<br/>Zone: 2</description>
        <styleUrl>#deliveryPointStyle</styleUrl>
        <Point>
          <coordinates>-97.035297,32.903361,0</coordinates>
        </Point>
      </Placemark>
      <Placemark>
        <name>A26</name>
        <description>Type: gate<br/>Terminal: A<br/>Zone: 2</description>
        <styleUrl>#deliveryPointStyle</styleUrl>
        <Point>
          <coordinates>-97.035422,32.90317,0</coordinates>
        </Point>
      </Placemark>
      <Placemark>
        <name>A28</name>
        <description>Type: gate<br/>Terminal: A<br/>Zone: 2</description>
        <styleUrl>#deliveryPointStyle</styleUrl>
        <Point>
          <coordinates>-97.035457,32.902951,0</coordinates>
        </Point>
      </Placemark>
      <Placemark>
        <name>A29</name>
        <description>Type: gate<br/>Terminal: A<br/>Zone: 2</description>
        <styleUrl>#deliveryPointStyle</styleUrl>
        <Point>
          <coordinates>-97.035721,32.902577,0</coordinates>
        </Point>
      </Placemark>
      <Placemark>
        <name>A33</name>
        <description>Type: gate<br/>Terminal: A<br/>Zone: 2</description>
        <styleUrl>#deliveryPointStyle</styleUrl>
        <Point>
          <coordinates>-97.035918,32.902213,0</coordinates>
        </Point>
      </Placemark>
      <Placemark>
        <name>A34</name>
        <description>Type: gate<br/>Terminal: A<br/>Zone: 2</description>
        <styleUrl>#deliveryPointStyle</styleUrl>
        <Point>
          <coordinates>-97.036355,32.901961,0</coordinates>
        </Point>
      </Placemark>
      <Placemark>
        <name>A35</name>
        <description>Type: gate<br/>Terminal: A<br/>Zone: 2</description>
        <styleUrl>#deliveryPointStyle</styleUrl>
        <Point>
          <coordinates>-97.036843,32.901839,0</coordinates>
        </Point>
      </Placemark>
      <Placemark>
        <name>A36</name>
        <description>Type: gate<br/>Terminal: A<br/>Zone: 2</description>
        <styleUrl>#deliveryPointStyle</styleUrl>
        <Point>
          <coordinates>-97.037347,32.90175,0</coordinates>
        </Point>
      </Placemark>
      <Placemark>
        <name>A37</name>
        <description>Type: gate<br/>Terminal: A<br/>Zone: 2</description>
        <styleUrl>#deliveryPointStyle</styleUrl>
        <Point>
          <coordinates>-97.037813,32.901712,0</coordinates>
        </Point>
      </Placemark>
      <Placemark>
        <name>A38</name>
        <description>Type: gate<br/>Terminal: A<br/>Zone: 2</description>
        <styleUrl>#deliveryPointStyle</styleUrl>
        <Point>
          <coordinates>-97.03826,32.901643,0</coordinates>
        </Point>
      </Placemark>
      <Placemark>
        <name>A39</name>
        <description>Type: gate<br/>Terminal: A<br/>Zone: 2</description>
        <styleUrl>#deliveryPointStyle</styleUrl>
        <Point>
          <coordinates>-97.038724,32.901669,0</coordinates>
        </Point>
      </Placemark>
      <Placemark>
        <name>A4</name>
        <description>Type: gate<br/>Terminal: A<br/>Zone: 2</description>
        <styleUrl>#deliveryPointStyle</styleUrl>
        <Point>
          <coordinates>-97.038844,32.907835,0</coordinates>
        </Point>
      </Placemark>
      <Placemark>
        <name>A5</name>
        <description>Type: gate<br/>Terminal: A<br/>Zone: 2</description>
        <styleUrl>#deliveryPointStyle</styleUrl>
        <Point>
          <coordinates>-97.03842,32.907644,0</coordinates>
        </Point>
      </Placemark>
      <Placemark>
        <name>A6</name>
        <description>Type: gate<br/>Terminal: A<br/>Zone: 2</description>
        <styleUrl>#deliveryPointStyle</styleUrl>
        <Point>
          <coordinates>-97.038012,32.907555,0</coordinates>
        </Point>
      </Placemark>
      <Placemark>
        <name>A7</name>
        <description>Type: gate<br/>Terminal: A<br/>Zone: 2</description>
        <styleUrl>#deliveryPointStyle</styleUrl>
        <Point>
          <coordinates>-97.037529,32.907588,0</coordinates>
        </Point>
      </Placemark>
      <Placemark>
        <name>A8</name>
        <description>Type: gate<br/>Terminal: A<br/>Zone: 2</description>
        <styleUrl>#deliveryPointStyle</styleUrl>
        <Point>
          <coordinates>-97.036993,32.907538,0</coordinates>
        </Point>
      </Placemark>
      <Placemark>
        <name>A9</name>
        <description>Type: gate<br/>Terminal: A<br/>Zone: 2</description>
        <styleUrl>#deliveryPointStyle</styleUrl>
        <Point>
          <coordinates>-97.03842,32.907644,0</coordinates>
        </Point>
      </Placemark>
      <Placemark>
        <name>A13</name>
        <description>Type: gate<br/>Terminal: A<br/>Zone: 2</description>
        <styleUrl>#deliveryPointStyle</styleUrl>
        <Point>
          <coordinates>-97.036993,32.907538,0</coordinates>
        </Point>
      </Placemark>
      <Placemark>
        <name>B1</name>
        <description>Type: gate<br/>Terminal: B<br/>Zone: 61</description>
        <styleUrl>#deliveryPointStyle</styleUrl>
        <Point>
          <coordinates>-97.042497,32.900896,0</coordinates>
        </Point>
      </Placemark>
      <Placemark>
        <name>B10</name>
        <description>Type: gate<br/>Terminal: B<br/>Zone: 61</description>
        <styleUrl>#deliveryPointStyle</styleUrl>
        <Point>
          <coordinates>-97.044067,32.902136,0</coordinates>
        </Point>
      </Placemark>
      <Placemark>
        <name>B10A</name>
        <description>Type: gate<br/>Terminal: B<br/>Zone: 61</description>
        <styleUrl>#deliveryPointStyle</styleUrl>
        <Point>
          <coordinates>-97.044067,32.902136,0</coordinates>
        </Point>
      </Placemark>
      <Placemark>
        <name>B10B</name>
        <description>Type: gate<br/>Terminal: B<br/>Zone: 61</description>
        <styleUrl>#deliveryPointStyle</styleUrl>
        <Point>
          <coordinates>-97.044372,32.902245,0</coordinates>
        </Point>
      </Placemark>
      <Placemark>
        <name>B11</name>
        <description>Type: gate<br/>Terminal: B<br/>Zone: 61</description>
        <styleUrl>#deliveryPointStyle</styleUrl>
        <Point>
          <coordinates>-97.044632,32.90243,0</coordinates>
        </Point>
      </Placemark>
      <Placemark>
        <name>B12</name>
        <description>Type: gate<br/>Terminal: B<br/>Zone: 61</description>
        <styleUrl>#deliveryPointStyle</styleUrl>
        <Point>
          <coordinates>-97.044799,32.902643,0</coordinates>
        </Point>
      </Placemark>
      <Placemark>
        <name>B12A</name>
        <description>Type: gate<br/>Terminal: B<br/>Zone: 61</description>
        <styleUrl>#deliveryPointStyle</styleUrl>
        <Point>
          <coordinates>-97.044799,32.902643,0</coordinates>
        </Point>
      </Placemark>
      <Placemark>
        <name>B12B</name>
        <description>Type: gate<br/>Terminal: B<br/>Zone: 61</description>
        <styleUrl>#deliveryPointStyle</styleUrl>
        <Point>
          <coordinates>-97.045079,32.902797,0</coordinates>
        </Point>
      </Placemark>
      <Placemark>
        <name>B13</name>
        <description>Type: gate<br/>Terminal: B<br/>Zone: 61</description>
        <styleUrl>#deliveryPointStyle</styleUrl>
        <Point>
          <coordinates>-97.045256,32.903004,0</coordinates>
        </Point>
      </Placemark>
      <Placemark>
        <name>B14</name>
        <description>Type: gate<br/>Terminal: B<br/>Zone: 61</description>
        <styleUrl>#deliveryPointStyle</styleUrl>
        <Point>
          <coordinates>-97.045403,32.903219,0</coordinates>
        </Point>
      </Placemark>
      <Placemark>
        <name>B15</name>
        <description>Type: gate<br/>Terminal: B<br/>Zone: 61</description>
        <styleUrl>#deliveryPointStyle</styleUrl>
        <Point>
          <coordinates>-97.045477,32.903437,0</coordinates>
        </Point>
      </Placemark>
      <Placemark>
        <name>B15A</name>
        <description>Type: gate<br/>Terminal: B<br/>Zone: 61</description>
        <styleUrl>#deliveryPointStyle</styleUrl>
        <Point>
          <coordinates>-97.045477,32.903437,0</coordinates>
        </Point>
      </Placemark>
      <Placemark>
        <name>B15X</name>
        <description>Type: gate<br/>Terminal: B<br/>Zone: 61</description>
        <styleUrl>#deliveryPointStyle</styleUrl>
        <Point>
          <coordinates>-97.045477,32.903437,0</coordinates>
        </Point>
      </Placemark>
      <Placemark>
        <name>B16</name>
        <description>Type: gate<br/>Terminal: B<br/>Zone: 61</description>
        <styleUrl>#deliveryPointStyle</styleUrl>
        <Point>
          <coordinates>-97.045588,32.903658,0</coordinates>
        </Point>
      </Placemark>
      <Placemark>
        <name>B16A</name>
        <description>Type: gate<br/>Terminal: B<br/>Zone: 61</description>
        <styleUrl>#deliveryPointStyle</styleUrl>
        <Point>
          <coordinates>-97.045588,32.903658,0</coordinates>
        </Point>
      </Placemark>
      <Placemark>
        <name>B16X</name>
        <description>Type: gate<br/>Terminal: B<br/>Zone: 61</description>
        <styleUrl>#deliveryPointStyle</styleUrl>
        <Point>
          <coordinates>-97.045588,32.903658,0</coordinates>
        </Point>
      </Placemark>
      <Placemark>
        <name>B17</name>
        <description>Type: gate<br/>Terminal: B<br/>Zone: 61</description>
        <styleUrl>#deliveryPointStyle</styleUrl>
        <Point>
          <coordinates>-97.045672,32.903884,0</coordinates>
        </Point>
      </Placemark>
      <Placemark>
        <name>B18</name>
        <description>Type: gate<br/>Terminal: B<br/>Zone: 61</description>
        <styleUrl>#deliveryPointStyle</styleUrl>
        <Point>
          <coordinates>-97.045762,32.904149,0</coordinates>
        </Point>
      </Placemark>
      <Placemark>
        <name>B18A</name>
        <description>Type: gate<br/>Terminal: B<br/>Zone: 61</description>
        <styleUrl>#deliveryPointStyle</styleUrl>
        <Point>
          <coordinates>-97.045762,32.904149,0</coordinates>
        </Point>
      </Placemark>
      <Placemark>
        <name>B18X</name>
        <description>Type: gate<br/>Terminal: B<br/>Zone: 61</description>
        <styleUrl>#deliveryPointStyle</styleUrl>
        <Point>
          <coordinates>-97.045762,32.904149,0</coordinates>
        </Point>
      </Placemark>
      <Placemark>
        <name>B19</name>
        <description>Type: gate<br/>Terminal: B<br/>Zone: 61</description>
        <styleUrl>#deliveryPointStyle</styleUrl>
        <Point>
          <coordinates>-97.045838,32.904366,0</coordinates>
        </Point>
      </Placemark>
      <Placemark>
        <name>B19A</name>
        <description>Type: gate<br/>Terminal: B<br/>Zone: 61</description>
        <styleUrl>#deliveryPointStyle</styleUrl>
        <Point>
          <coordinates>-97.045838,32.904366,0</coordinates>
        </Point>
      </Placemark>
      <Placemark>
        <name>B1A</name>
        <description>Type: gate<br/>Terminal: B<br/>Zone: 61</description>
        <styleUrl>#deliveryPointStyle</styleUrl>
        <Point>
          <coordinates>-97.042497,32.900896,0</coordinates>
        </Point>
      </Placemark>
      <Placemark>
        <name>B1X</name>
        <description>Type: gate<br/>Terminal: B<br/>Zone: 61</description>
        <styleUrl>#deliveryPointStyle</styleUrl>
        <Point>
          <coordinates>-97.042497,32.900896,0</coordinates>
        </Point>
      </Placemark>
      <Placemark>
        <name>B2</name>
        <description>Type: gate<br/>Terminal: B<br/>Zone: 61</description>
        <styleUrl>#deliveryPointStyle</styleUrl>
        <Point>
          <coordinates>-97.042563,32.901106,0</coordinates>
        </Point>
      </Placemark>
      <Placemark>
        <name>B20</name>
        <description>Type: gate<br/>Terminal: B<br/>Zone: 61</description>
        <styleUrl>#deliveryPointStyle</styleUrl>
        <Point>
          <coordinates>-97.045906,32.904592,0</coordinates>
        </Point>
      </Placemark>
      <Placemark>
        <name>B21</name>
        <description>Type: gate<br/>Terminal: B<br/>Zone: 61</description>
        <styleUrl>#deliveryPointStyle</styleUrl>
        <Point>
          <coordinates>-97.045854,32.904812,0</coordinates>
        </Point>
      </Placemark>
      <Placemark>
        <name>B22</name>
        <description>Type: gate<br/>Terminal: B<br/>Zone: 61</description>
        <styleUrl>#deliveryPointStyle</styleUrl>
        <Point>
          <coordinates>-97.045888,32.90505,0</coordinates>
        </Point>
      </Placemark>
      <Placemark>
        <name>B22A</name>
        <description>Type: gate<br/>Terminal: B<br/>Zone: 61</description>
        <styleUrl>#deliveryPointStyle</styleUrl>
        <Point>
          <coordinates>-97.045888,32.90505,0</coordinates>
        </Point>
      </Placemark>
      <Placemark>
        <name>B23</name>
        <description>Type: gate<br/>Terminal: B<br/>Zone: 61</description>
        <styleUrl>#deliveryPointStyle</styleUrl>
        <Point>
          <coordinates>-97.045851,32.905258,0</coordinates>
        </Point>
      </Placemark>
      <Placemark>
        <name>B24</name>
        <description>Type: gate<br/>Terminal: B<br/>Zone: 61</description>
        <styleUrl>#deliveryPointStyle</styleUrl>
        <Point>
          <coordinates>-97.045622,32.90555,0</coordinates>
        </Point>
      </Placemark>
      <Placemark>
        <name>B24A</name>
        <description>Type: gate<br/>Terminal: B<br/>Zone: 61</description>
        <styleUrl>#deliveryPointStyle</styleUrl>
        <Point>
          <coordinates>-97.045622,32.90555,0</coordinates>
        </Point>
      </Placemark>
      <Placemark>
        <name>B25</name>
        <description>Type: gate<br/>Terminal: B<br/>Zone: 61</description>
        <styleUrl>#deliveryPointStyle</styleUrl>
        <Point>
          <coordinates>-97.04555,32.90575,0</coordinates>
        </Point>
      </Placemark>
      <Placemark>
        <name>B26</name>
        <description>Type: gate<br/>Terminal: B<br/>Zone: 61</description>
        <styleUrl>#deliveryPointStyle</styleUrl>
        <Point>
          <coordinates>-97.045516,32.905967,0</coordinates>
        </Point>
      </Placemark>
      <Placemark>
        <name>B27</name>
        <description>Type: gate<br/>Terminal: B<br/>Zone: 61</description>
        <styleUrl>#deliveryPointStyle</styleUrl>
        <Point>
          <coordinates>-97.045319,32.906184,0</coordinates>
        </Point>
      </Placemark>
      <Placemark>
        <name>B28</name>
        <description>Type: gate<br/>Terminal: B<br/>Zone: 61</description>
        <styleUrl>#deliveryPointStyle</styleUrl>
        <Point>
          <coordinates>-97.04517,32.906474,0</coordinates>
        </Point>
      </Placemark>
      <Placemark>
        <name>B29</name>
        <description>Type: gate<br/>Terminal: B<br/>Zone: 61</description>
        <styleUrl>#deliveryPointStyle</styleUrl>
        <Point>
          <coordinates>-97.044711,32.906601,0</coordinates>
        </Point>
      </Placemark>
      <Placemark>
        <name>B3</name>
        <description>Type: gate<br/>Terminal: B<br/>Zone: 61</description>
        <styleUrl>#deliveryPointStyle</styleUrl>
        <Point>
          <coordinates>-97.042395,32.901364,0</coordinates>
        </Point>
      </Placemark>
      <Placemark>
        <name>B30</name>
        <description>Type: gate<br/>Terminal: B<br/>Zone: 61</description>
        <styleUrl>#deliveryPointStyle</styleUrl>
        <Point>
          <coordinates>-97.045032,32.906776,0</coordinates>
        </Point>
      </Placemark>
      <Placemark>
        <name>B31</name>
        <description>Type: gate<br/>Terminal: B<br/>Zone: 61</description>
        <styleUrl>#deliveryPointStyle</styleUrl>
        <Point>
          <coordinates>-97.044911,32.907582,0</coordinates>
        </Point>
      </Placemark>
      <Placemark>
        <name>B32</name>
        <description>Type: gate<br/>Terminal: B<br/>Zone: 61</description>
        <styleUrl>#deliveryPointStyle</styleUrl>
        <Point>
          <coordinates>-97.04521,32.907558,0</coordinates>
        </Point>
      </Placemark>
      <Placemark>
        <name>B33</name>
        <description>Type: gate<br/>Terminal: B<br/>Zone: 61</description>
        <styleUrl>#deliveryPointStyle</styleUrl>
        <Point>
          <coordinates>-97.045517,32.907581,0</coordinates>
        </Point>
      </Placemark>
      <Placemark>
        <name>B34</name>
        <description>Type: gate<br/>Terminal: B<br/>Zone: 61</description>
        <styleUrl>#deliveryPointStyle</styleUrl>
        <Point>
          <coordinates>-97.045613,32.906817,0</coordinates>
        </Point>
      </Placemark>
      <Placemark>
        <name>B35</name>
        <description>Type: gate<br/>Terminal: B<br/>Zone: 61</description>
        <styleUrl>#deliveryPointStyle</styleUrl>
        <Point>
          <coordinates>-97.045795,32.907564,0</coordinates>
        </Point>
      </Placemark>
      <Placemark>
        <name>B36</name>
        <description>Type: gate<br/>Terminal: B<br/>Zone: 61</description>
        <styleUrl>#deliveryPointStyle</styleUrl>
        <Point>
          <coordinates>-97.046016,32.906906,0</coordinates>
        </Point>
      </Placemark>
      <Placemark>
        <name>B37</name>
        <description>Type: gate<br/>Terminal: B<br/>Zone: 61</description>
        <styleUrl>#deliveryPointStyle</styleUrl>
        <Point>
          <coordinates>-97.046067,32.907513,0</coordinates>
        </Point>
      </Placemark>
      <Placemark>
        <name>B38</name>
        <description>Type: gate<br/>Terminal: B<br/>Zone: 61</description>
        <styleUrl>#deliveryPointStyle</styleUrl>
        <Point>
          <coordinates>-97.046209,32.907086,0</coordinates>
        </Point>
      </Placemark>
      <Placemark>
        <name>B39</name>
        <description>Type: gate<br/>Terminal: B<br/>Zone: 61</description>
        <styleUrl>#deliveryPointStyle</styleUrl>
        <Point>
          <coordinates>-97.046197,32.907316,0</coordinates>
        </Point>
      </Placemark>
      <Placemark>
        <name>B39A</name>
        <description>Type: gate<br/>Terminal: B<br/>Zone: 61</description>
        <styleUrl>#deliveryPointStyle</styleUrl>
        <Point>
          <coordinates>-97.046197,32.907316,0</coordinates>
        </Point>
      </Placemark>
      <Placemark>
        <name>B3A</name>
        <description>Type: gate<br/>Terminal: B<br/>Zone: 61</description>
        <styleUrl>#deliveryPointStyle</styleUrl>
        <Point>
          <coordinates>-97.042395,32.901364,0</coordinates>
        </Point>
      </Placemark>
      <Placemark>
        <name>B3X</name>
        <description>Type: gate<br/>Terminal: B<br/>Zone: 61</description>
        <styleUrl>#deliveryPointStyle</styleUrl>
        <Point>
          <coordinates>-97.042395,32.901364,0</coordinates>
        </Point>
      </Placemark>
      <Placemark>
        <name>B4</name>
        <description>Type: gate<br/>Terminal: B<br/>Zone: 61</description>
        <styleUrl>#deliveryPointStyle</styleUrl>
        <Point>
          <coordinates>-97.042431,32.901757,0</coordinates>
        </Point>
      </Placemark>
      <Placemark>
        <name>B40</name>
        <description>Type: gate<br/>Terminal: B<br/>Zone: 61</description>
        <styleUrl>#deliveryPointStyle</styleUrl>
        <Point>
          <coordinates>-97.044622,32.907238,0</coordinates>
        </Point>
      </Placemark>
      <Placemark>
        <name>B41</name>
        <description>Type: gate<br/>Terminal: B<br/>Zone: 61</description>
        <styleUrl>#deliveryPointStyle</styleUrl>
        <Point>
          <coordinates>-97.044305,32.907343,0</coordinates>
        </Point>
      </Placemark>
      <Placemark>
        <name>B42</name>
        <description>Type: gate<br/>Terminal: B<br/>Zone: 61</description>
        <styleUrl>#deliveryPointStyle</styleUrl>
        <Point>
          <coordinates>-97.044062,32.907473,0</coordinates>
        </Point>
      </Placemark>
      <Placemark>
        <name>B43</name>
        <description>Type: gate<br/>Terminal: B<br/>Zone: 61</description>
        <styleUrl>#deliveryPointStyle</styleUrl>
        <Point>
          <coordinates>-97.043765,32.907597,0</coordinates>
        </Point>
      </Placemark>
      <Placemark>
        <name>B44</name>
        <description>Type: gate<br/>Terminal: B<br/>Zone: 61</description>
        <styleUrl>#deliveryPointStyle</styleUrl>
        <Point>
          <coordinates>-97.043471,32.907673,0</coordinates>
        </Point>
      </Placemark>
      <Placemark>
        <name>B45</name>
        <description>Type: gate<br/>Terminal: B<br/>Zone: 61</description>
        <styleUrl>#deliveryPointStyle</styleUrl>
        <Point>
          <coordinates>-97.043153,32.907697,0</coordinates>
        </Point>
      </Placemark>
      <Placemark>
        <name>B46</name>
        <description>Type: gate<br/>Terminal: B<br/>Zone: 61</description>
        <styleUrl>#deliveryPointStyle</styleUrl>
        <Point>
          <coordinates>-97.042848,32.90777,0</coordinates>
        </Point>
      </Placemark>
      <Placemark>
        <name>B47</name>
        <description>Type: gate<br/>Terminal: B<br/>Zone: 61</description>
        <styleUrl>#deliveryPointStyle</styleUrl>
        <Point>
          <coordinates>-97.042538,32.907828,0</coordinates>
        </Point>
      </Placemark>
      <Placemark>
        <name>B48</name>
        <description>Type: gate<br/>Terminal: B<br/>Zone: 61</description>
        <styleUrl>#deliveryPointStyle</styleUrl>
        <Point>
          <coordinates>-97.042236,32.907804,0</coordinates>
        </Point>
      </Placemark>
      <Placemark>
        <name>B49</name>
        <description>Type: gate<br/>Terminal: B<br/>Zone: 61</description>
        <styleUrl>#deliveryPointStyle</styleUrl>
        <Point>
          <coordinates>-97.041909,32.907821,0</coordinates>
        </Point>
      </Placemark>
      <Placemark>
        <name>B4A</name>
        <description>Type: gate<br/>Terminal: B<br/>Zone: 61</description>
        <styleUrl>#deliveryPointStyle</styleUrl>
        <Point>
          <coordinates>-97.042431,32.901757,0</coordinates>
        </Point>
      </Placemark>
      <Placemark>
        <name>B4B</name>
        <description>Type: gate<br/>Terminal: B<br/>Zone: 61</description>
        <styleUrl>#deliveryPointStyle</styleUrl>
        <Point>
          <coordinates>-97.042431,32.901757,0</coordinates>
        </Point>
      </Placemark>
      <Placemark>
        <name>B5</name>
        <description>Type: gate<br/>Terminal: B<br/>Zone: 61</description>
        <styleUrl>#deliveryPointStyle</styleUrl>
        <Point>
          <coordinates>-97.042431,32.901757,0</coordinates>
        </Point>
      </Placemark>
      <Placemark>
        <name>B6</name>
        <description>Type: gate<br/>Terminal: B<br/>Zone: 61</description>
        <styleUrl>#deliveryPointStyle</styleUrl>
        <Point>
          <coordinates>-97.042703,32.901823,0</coordinates>
        </Point>
      </Placemark>
      <Placemark>
        <name>B7</name>
        <description>Type: gate<br/>Terminal: B<br/>Zone: 61</description>
        <styleUrl>#deliveryPointStyle</styleUrl>
        <Point>
          <coordinates>-97.042979,32.901881,0</coordinates>
        </Point>
      </Placemark>
      <Placemark>
        <name>B8</name>
        <description>Type: gate<br/>Terminal: B<br/>Zone: 61</description>
        <styleUrl>#deliveryPointStyle</styleUrl>
        <Point>
          <coordinates>-97.043141,32.901898,0</coordinates>
        </Point>
      </Placemark>
      <Placemark>
        <name>B9</name>
        <description>Type: gate<br/>Terminal: B<br/>Zone: 61</description>
        <styleUrl>#deliveryPointStyle</styleUrl>
        <Point>
          <coordinates>-97.043422,32.901951,0</coordinates>
        </Point>
      </Placemark>
      <Placemark>
        <name>B9A</name>
        <description>Type: gate<br/>Terminal: B<br/>Zone: 61</description>
        <styleUrl>#deliveryPointStyle</styleUrl>
        <Point>
          <coordinates>-97.043422,32.901951,0</coordinates>
        </Point>
      </Placemark>
      <Placemark>
        <name>B9B</name>
        <description>Type: gate<br/>Terminal: B<br/>Zone: 61</description>
        <styleUrl>#deliveryPointStyle</styleUrl>
        <Point>
          <coordinates>-97.04381,32.901882,0</coordinates>
        </Point>
      </Placemark>
      <Placemark>
        <name>E2</name>
        <description>Type: gate<br/>Terminal: E<br/>Zone: 6</description>
        <styleUrl>#deliveryPointStyle</styleUrl>
        <Point>
          <coordinates>-97.0389553,32.8935072,0</coordinates>
        </Point>
      </Placemark>
      <Placemark>
        <name>E7</name>
        <description>Type: gate<br/>Terminal: E<br/>Zone: 6</description>
        <styleUrl>#deliveryPointStyle</styleUrl>
        <Point>
          <coordinates>-97.037079,32.89326,0</coordinates>
        </Point>
      </Placemark>
      <Placemark>
        <name>E10</name>
        <description>Type: gate<br/>Terminal: E<br/>Zone: 6</description>
        <styleUrl>#deliveryPointStyle</styleUrl>
        <Point>
          <coordinates>-97.03594,32.892677,0</coordinates>
        </Point>
      </Placemark>
      <Placemark>
        <name>E21</name>
        <description>Type: gate<br/>Terminal: E<br/>Zone: 6</description>
        <styleUrl>#deliveryPointStyle</styleUrl>
        <Point>
          <coordinates>-97.035422,32.8889,0</coordinates>
        </Point>
      </Placemark>
      <Placemark>
        <name>E22</name>
        <description>Type: gate<br/>Terminal: E<br/>Zone: 6</description>
        <styleUrl>#deliveryPointStyle</styleUrl>
        <Point>
          <coordinates>-97.034219,32.887121,0</coordinates>
        </Point>
      </Placemark>
      <Placemark>
        <name>E22A</name>
        <description>Type: gate<br/>Terminal: E<br/>Zone: 6</description>
        <styleUrl>#deliveryPointStyle</styleUrl>
        <Point>
          <coordinates>-97.03406,32.88723,0</coordinates>
        </Point>
      </Placemark>
      <Placemark>
        <name>E22B</name>
        <description>Type: gate<br/>Terminal: E<br/>Zone: 6</description>
        <styleUrl>#deliveryPointStyle</styleUrl>
        <Point>
          <coordinates>-97.03438,32.88706,0</coordinates>
        </Point>
      </Placemark>
      <Placemark>
        <name>E23</name>
        <description>Type: gate<br/>Terminal: E<br/>Zone: 6</description>
        <styleUrl>#deliveryPointStyle</styleUrl>
        <Point>
          <coordinates>-97.034938,32.886943,0</coordinates>
        </Point>
      </Placemark>
      <Placemark>
        <name>E23A</name>
        <description>Type: gate<br/>Terminal: E<br/>Zone: 6</description>
        <styleUrl>#deliveryPointStyle</styleUrl>
        <Point>
          <coordinates>-97.03476,32.88696,0</coordinates>
        </Point>
      </Placemark>
      <Placemark>
        <name>E23B</name>
        <description>Type: gate<br/>Terminal: E<br/>Zone: 6</description>
        <styleUrl>#deliveryPointStyle</styleUrl>
        <Point>
          <coordinates>-97.03513,32.88698,0</coordinates>
        </Point>
      </Placemark>
      <Placemark>
        <name>E24</name>
        <description>Type: gate<br/>Terminal: E<br/>Zone: 6</description>
        <styleUrl>#deliveryPointStyle</styleUrl>
        <Point>
          <coordinates>-97.035378,32.887295,0</coordinates>
        </Point>
      </Placemark>
      <Placemark>
        <name>E24A</name>
        <description>Type: gate<br/>Terminal: E<br/>Zone: 6</description>
        <styleUrl>#deliveryPointStyle</styleUrl>
        <Point>
          <coordinates>-97.03534,32.88721,0</coordinates>
        </Point>
      </Placemark>
      <Placemark>
        <name>E24B</name>
        <description>Type: gate<br/>Terminal: E<br/>Zone: 6</description>
        <styleUrl>#deliveryPointStyle</styleUrl>
        <Point>
          <coordinates>-97.03545,32.8874,0</coordinates>
        </Point>
      </Placemark>
      <Placemark>
        <name>E25</name>
        <description>Type: gate<br/>Terminal: E<br/>Zone: 6</description>
        <styleUrl>#deliveryPointStyle</styleUrl>
        <Point>
          <coordinates>-97.035254,32.887739,0</coordinates>
        </Point>
      </Placemark>
      <Placemark>
        <name>E25A</name>
        <description>Type: gate<br/>Terminal: E<br/>Zone: 6</description>
        <styleUrl>#deliveryPointStyle</styleUrl>
        <Point>
          <coordinates>-97.0353,32.88762,0</coordinates>
        </Point>
      </Placemark>
      <Placemark>
        <name>E25B</name>
        <description>Type: gate<br/>Terminal: E<br/>Zone: 6</description>
        <styleUrl>#deliveryPointStyle</styleUrl>
        <Point>
          <coordinates>-97.03512,32.88775,0</coordinates>
        </Point>
      </Placemark>
      <Placemark>
        <name>E26</name>
        <description>Type: gate<br/>Terminal: E<br/>Zone: 6</description>
        <styleUrl>#deliveryPointStyle</styleUrl>
        <Point>
          <coordinates>-97.03497,32.88791,0</coordinates>
        </Point>
      </Placemark>
      <Placemark>
        <name>E26A</name>
        <description>Type: gate<br/>Terminal: E<br/>Zone: 6</description>
        <styleUrl>#deliveryPointStyle</styleUrl>
        <Point>
          <coordinates>-97.035,32.88794,0</coordinates>
        </Point>
      </Placemark>
      <Placemark>
        <name>E27</name>
        <description>Type: gate<br/>Terminal: E<br/>Zone: 6</description>
        <styleUrl>#deliveryPointStyle</styleUrl>
        <Point>
          <coordinates>-97.034796,32.888199,0</coordinates>
        </Point>
      </Placemark>
      <Placemark>
        <name>E27A</name>
        <description>Type: gate<br/>Terminal: E<br/>Zone: 6</description>
        <styleUrl>#deliveryPointStyle</styleUrl>
        <Point>
          <coordinates>-97.03479,32.88805,0</coordinates>
        </Point>
      </Placemark>
      <Placemark>
        <name>E27B</name>
        <description>Type: gate<br/>Terminal: E<br/>Zone: 6</description>
        <styleUrl>#deliveryPointStyle</styleUrl>
        <Point>
          <coordinates>-97.03462,32.88826,0</coordinates>
        </Point>
      </Placemark>
      <Placemark>
        <name>E28</name>
        <description>Type: gate<br/>Terminal: E<br/>Zone: 6</description>
        <styleUrl>#deliveryPointStyle</styleUrl>
        <Point>
          <coordinates>-97.03448,32.88846,0</coordinates>
        </Point>
      </Placemark>
      <Placemark>
        <name>E28A</name>
        <description>Type: gate<br/>Terminal: E<br/>Zone: 6</description>
        <styleUrl>#deliveryPointStyle</styleUrl>
        <Point>
          <coordinates>-97.03448,32.88846,0</coordinates>
        </Point>
      </Placemark>
      <Placemark>
        <name>E29</name>
        <description>Type: gate<br/>Terminal: E<br/>Zone: 6</description>
        <styleUrl>#deliveryPointStyle</styleUrl>
        <Point>
          <coordinates>-97.03409,32.888852,0</coordinates>
        </Point>
      </Placemark>
      <Placemark>
        <name>E29A</name>
        <description>Type: gate<br/>Terminal: E<br/>Zone: 6</description>
        <styleUrl>#deliveryPointStyle</styleUrl>
        <Point>
          <coordinates>-97.03428,32.88873,0</coordinates>
        </Point>
      </Placemark>
      <Placemark>
        <name>E29B</name>
        <description>Type: gate<br/>Terminal: E<br/>Zone: 6</description>
        <styleUrl>#deliveryPointStyle</styleUrl>
        <Point>
          <coordinates>-97.03391,32.88873,0</coordinates>
        </Point>
      </Placemark>
      <Placemark>
        <name>E30</name>
        <description>Type: gate<br/>Terminal: E<br/>Zone: 6</description>
        <styleUrl>#deliveryPointStyle</styleUrl>
        <Point>
          <coordinates>-97.03371,32.88856,0</coordinates>
        </Point>
      </Placemark>
      <Placemark>
        <name>E34</name>
        <description>Type: gate<br/>Terminal: E<br/>Zone: 6</description>
        <styleUrl>#deliveryPointStyle</styleUrl>
        <Point>
          <coordinates>-97.036883,32.887679,0</coordinates>
        </Point>
      </Placemark>
      <Placemark>
        <name>E34A</name>
        <description>Type: gate<br/>Terminal: E<br/>Zone: 6</description>
        <styleUrl>#deliveryPointStyle</styleUrl>
        <Point>
          <coordinates>-97.0368,32.88762,0</coordinates>
        </Point>
      </Placemark>
      <Placemark>
        <name>E35</name>
        <description>Type: gate<br/>Terminal: E<br/>Zone: 6</description>
        <styleUrl>#deliveryPointStyle</styleUrl>
        <Point>
          <coordinates>-97.037326,32.887511,0</coordinates>
        </Point>
      </Placemark>
      <Placemark>
        <name>E35A</name>
        <description>Type: gate<br/>Terminal: E<br/>Zone: 6</description>
        <styleUrl>#deliveryPointStyle</styleUrl>
        <Point>
          <coordinates>-97.03731,32.88734,0</coordinates>
        </Point>
      </Placemark>
      <Placemark>
        <name>E35B</name>
        <description>Type: gate<br/>Terminal: E<br/>Zone: 6</description>
        <styleUrl>#deliveryPointStyle</styleUrl>
        <Point>
          <coordinates>-97.03728,32.8874,0</coordinates>
        </Point>
      </Placemark>
      <Placemark>
        <name>E36</name>
        <description>Type: gate<br/>Terminal: E<br/>Zone: 6</description>
        <styleUrl>#deliveryPointStyle</styleUrl>
        <Point>
          <coordinates>-97.037735,32.887396,0</coordinates>
        </Point>
      </Placemark>
      <Placemark>
        <name>E37</name>
        <description>Type: gate<br/>Terminal: E<br/>Zone: 6</description>
        <styleUrl>#deliveryPointStyle</styleUrl>
        <Point>
          <coordinates>-97.038207,32.887348,0</coordinates>
        </Point>
      </Placemark>
      <Placemark>
        <name>E37A</name>
        <description>Type: gate<br/>Terminal: E<br/>Zone: 6</description>
        <styleUrl>#deliveryPointStyle</styleUrl>
        <Point>
          <coordinates>-97.038207,32.887348,0</coordinates>
        </Point>
      </Placemark>
      <Placemark>
        <name>E37B</name>
        <description>Type: gate<br/>Terminal: E<br/>Zone: 6</description>
        <styleUrl>#deliveryPointStyle</styleUrl>
        <Point>
          <coordinates>-97.038207,32.887348,0</coordinates>
        </Point>
      </Placemark>
      <Placemark>
        <name>E38</name>
        <description>Type: gate<br/>Terminal: E<br/>Zone: 6</description>
        <styleUrl>#deliveryPointStyle</styleUrl>
        <Point>
          <coordinates>-97.038856,32.887276,0</coordinates>
        </Point>
      </Placemark>
      <Placemark>
        <name>E38A</name>
        <description>Type: gate<br/>Terminal: E<br/>Zone: 6</description>
        <styleUrl>#deliveryPointStyle</styleUrl>
        <Point>
          <coordinates>-97.038942,32.887315,0</coordinates>
        </Point>
      </Placemark>
      <Placemark>
        <name>E38B</name>
        <description>Type: gate<br/>Terminal: E<br/>Zone: 6</description>
        <styleUrl>#deliveryPointStyle</styleUrl>
        <Point>
          <coordinates>-97.039012,32.887325,0</coordinates>
        </Point>
      </Placemark>
      <Placemark>
        <name>C10</name>
        <description>Type: gate<br/>Terminal: C<br/>Zone: 4</description>
        <styleUrl>#deliveryPointStyle</styleUrl>
        <Point>
          <coordinates>-97.036389,32.90016,0</coordinates>
        </Point>
      </Placemark>
      <Placemark>
        <name>C11</name>
        <description>Type: gate<br/>Terminal: C<br/>Zone: 4</description>
        <styleUrl>#deliveryPointStyle</styleUrl>
        <Point>
          <coordinates>-97.036126,32.89987,0</coordinates>
        </Point>
      </Placemark>
      <Placemark>
        <name>C12</name>
        <description>Type: gate<br/>Terminal: C<br/>Zone: 4</description>
        <styleUrl>#deliveryPointStyle</styleUrl>
        <Point>
          <coordinates>-97.035814,32.899661,0</coordinates>
        </Point>
      </Placemark>
      <Placemark>
        <name>C14</name>
        <description>Type: gate<br/>Terminal: C<br/>Zone: 4</description>
        <styleUrl>#deliveryPointStyle</styleUrl>
        <Point>
          <coordinates>-97.035479,32.899385,0</coordinates>
        </Point>
      </Placemark>
      <Placemark>
        <name>C15</name>
        <description>Type: gate<br/>Terminal: C<br/>Zone: 4</description>
        <styleUrl>#deliveryPointStyle</styleUrl>
        <Point>
          <coordinates>-97.035329,32.899056,0</coordinates>
        </Point>
      </Placemark>
      <Placemark>
        <name>C16</name>
        <description>Type: gate<br/>Terminal: C<br/>Zone: 4</description>
        <styleUrl>#deliveryPointStyle</styleUrl>
        <Point>
          <coordinates>-97.035039,32.898816,0</coordinates>
        </Point>
      </Placemark>
      <Placemark>
        <name>C17</name>
        <description>Type: gate<br/>Terminal: C<br/>Zone: 4</description>
        <styleUrl>#deliveryPointStyle</styleUrl>
        <Point>
          <coordinates>-97.035108,32.898464,0</coordinates>
        </Point>
      </Placemark>
      <Placemark>
        <name>C18</name>
        <description>Type: gate<br/>Terminal: C<br/>Zone: 4</description>
        <styleUrl>#deliveryPointStyle</styleUrl>
        <Point>
          <coordinates>-97.035128,32.898283,0</coordinates>
        </Point>
      </Placemark>
      <Placemark>
        <name>C19</name>
        <description>Type: gate<br/>Terminal: C<br/>Zone: 4</description>
        <styleUrl>#deliveryPointStyle</styleUrl>
        <Point>
          <coordinates>-97.034999,32.898153,0</coordinates>
        </Point>
      </Placemark>
      <Placemark>
        <name>C2</name>
        <description>Type: gate<br/>Terminal: C<br/>Zone: 4</description>
        <styleUrl>#deliveryPointStyle</styleUrl>
        <Point>
          <coordinates>-97.038781,32.900615,0</coordinates>
        </Point>
      </Placemark>
      <Placemark>
        <name>C20</name>
        <description>Type: gate<br/>Terminal: C<br/>Zone: 4</description>
        <styleUrl>#deliveryPointStyle</styleUrl>
        <Point>
          <coordinates>-97.034876,32.897872,0</coordinates>
        </Point>
      </Placemark>
      <Placemark>
        <name>C21</name>
        <description>Type: gate<br/>Terminal: C<br/>Zone: 4</description>
        <styleUrl>#deliveryPointStyle</styleUrl>
        <Point>
          <coordinates>-97.034929,32.897494,0</coordinates>
        </Point>
      </Placemark>
      <Placemark>
        <name>C22</name>
        <description>Type: gate<br/>Terminal: C<br/>Zone: 4</description>
        <styleUrl>#deliveryPointStyle</styleUrl>
        <Point>
          <coordinates>-97.034653,32.897196,0</coordinates>
        </Point>
      </Placemark>
      <Placemark>
        <name>C22X</name>
        <description>Type: gate<br/>Terminal: C<br/>Zone: 4</description>
        <styleUrl>#deliveryPointStyle</styleUrl>
        <Point>
          <coordinates>-97.034653,32.897196,0</coordinates>
        </Point>
      </Placemark>
      <Placemark>
        <name>C24</name>
        <description>Type: gate<br/>Terminal: C<br/>Zone: 4</description>
        <styleUrl>#deliveryPointStyle</styleUrl>
        <Point>
          <coordinates>-97.03494,32.89686,0</coordinates>
        </Point>
      </Placemark>
      <Placemark>
        <name>C25</name>
        <description>Type: gate<br/>Terminal: C<br/>Zone: 4</description>
        <styleUrl>#deliveryPointStyle</styleUrl>
        <Point>
          <coordinates>-97.035096,32.896616,0</coordinates>
        </Point>
      </Placemark>
      <Placemark>
        <name>C26</name>
        <description>Type: gate<br/>Terminal: C<br/>Zone: 4</description>
        <styleUrl>#deliveryPointStyle</styleUrl>
        <Point>
          <coordinates>-97.035002,32.896427,0</coordinates>
        </Point>
      </Placemark>
      <Placemark>
        <name>C27</name>
        <description>Type: gate<br/>Terminal: C<br/>Zone: 4</description>
        <styleUrl>#deliveryPointStyle</styleUrl>
        <Point>
          <coordinates>-97.035373,32.896028,0</coordinates>
        </Point>
      </Placemark>
      <Placemark>
        <name>C28</name>
        <description>Type: gate<br/>Terminal: C<br/>Zone: 4</description>
        <styleUrl>#deliveryPointStyle</styleUrl>
        <Point>
          <coordinates>-97.0346851,32.8952402,0</coordinates>
        </Point>
      </Placemark>
      <Placemark>
        <name>C29</name>
        <description>Type: gate<br/>Terminal: C<br/>Zone: 4</description>
        <styleUrl>#deliveryPointStyle</styleUrl>
        <Point>
          <coordinates>-97.0347299,32.894977,0</coordinates>
        </Point>
      </Placemark>
      <Placemark>
        <name>C3</name>
        <description>Type: gate<br/>Terminal: C<br/>Zone: 4</description>
        <styleUrl>#deliveryPointStyle</styleUrl>
        <Point>
          <coordinates>-97.038324,32.900416,0</coordinates>
        </Point>
      </Placemark>
      <Placemark>
        <name>C30</name>
        <description>Type: gate<br/>Terminal: C<br/>Zone: 4</description>
        <styleUrl>#deliveryPointStyle</styleUrl>
        <Point>
          <coordinates>-97.0349783,32.8946796,0</coordinates>
        </Point>
      </Placemark>
      <Placemark>
        <name>C31</name>
        <description>Type: gate<br/>Terminal: C<br/>Zone: 4</description>
        <styleUrl>#deliveryPointStyle</styleUrl>
        <Point>
          <coordinates>-97.0353428,32.8944076,0</coordinates>
        </Point>
      </Placemark>
      <Placemark>
        <name>C32</name>
        <description>Type: gate<br/>Terminal: C<br/>Zone: 4</description>
        <styleUrl>#deliveryPointStyle</styleUrl>
        <Point>
          <coordinates>-97.0359471,32.8943996,0</coordinates>
        </Point>
      </Placemark>
      <Placemark>
        <name>C33</name>
        <description>Type: gate<br/>Terminal: C<br/>Zone: 4</description>
        <styleUrl>#deliveryPointStyle</styleUrl>
        <Point>
          <coordinates>-97.0365054,32.8947826,0</coordinates>
        </Point>
      </Placemark>
      <Placemark>
        <name>C34</name>
        <description>Type: gate<br/>Terminal: C<br/>Zone: 4</description>
        <styleUrl>#deliveryPointStyle</styleUrl>
        <Point>
          <coordinates>-97.0369395,32.8947149,0</coordinates>
        </Point>
      </Placemark>
      <Placemark>
        <name>C35</name>
        <description>Type: gate<br/>Terminal: C<br/>Zone: 4</description>
        <styleUrl>#deliveryPointStyle</styleUrl>
        <Point>
          <coordinates>-97.0374607,32.894692,0</coordinates>
        </Point>
      </Placemark>
      <Placemark>
        <name>C36</name>
        <description>Type: gate<br/>Terminal: C<br/>Zone: 4</description>
        <styleUrl>#deliveryPointStyle</styleUrl>
        <Point>
          <coordinates>-97.0379043,32.8946508,0</coordinates>
        </Point>
      </Placemark>
      <Placemark>
        <name>C37</name>
        <description>Type: gate<br/>Terminal: C<br/>Zone: 4</description>
        <styleUrl>#deliveryPointStyle</styleUrl>
        <Point>
          <coordinates>-97.0382938,32.8946483,0</coordinates>
        </Point>
      </Placemark>
      <Placemark>
        <name>C38</name>
        <description>Type: gate<br/>Terminal: C<br/>Zone: 4</description>
        <styleUrl>#deliveryPointStyle</styleUrl>
        <Point>
          <coordinates>-97.0385652,32.8946335,0</coordinates>
        </Point>
      </Placemark>
      <Placemark>
        <name>C39</name>
        <description>Type: gate<br/>Terminal: C<br/>Zone: 4</description>
        <styleUrl>#deliveryPointStyle</styleUrl>
        <Point>
          <coordinates>-97.0388081,32.8945291,0</coordinates>
        </Point>
      </Placemark>
      <Placemark>
        <name>C4</name>
        <description>Type: gate<br/>Terminal: C<br/>Zone: 4</description>
        <styleUrl>#deliveryPointStyle</styleUrl>
        <Point>
          <coordinates>-97.038238,32.90059,0</coordinates>
        </Point>
      </Placemark>
      <Placemark>
        <name>C6</name>
        <description>Type: gate<br/>Terminal: C<br/>Zone: 4</description>
        <styleUrl>#deliveryPointStyle</styleUrl>
        <Point>
          <coordinates>-97.037681,32.90059,0</coordinates>
        </Point>
      </Placemark>
      <Placemark>
        <name>C7</name>
        <description>Type: gate<br/>Terminal: C<br/>Zone: 4</description>
        <styleUrl>#deliveryPointStyle</styleUrl>
        <Point>
          <coordinates>-97.037212,32.900429,0</coordinates>
        </Point>
      </Placemark>
      <Placemark>
        <name>C8</name>
        <description>Type: gate<br/>Terminal: C<br/>Zone: 4</description>
        <styleUrl>#deliveryPointStyle</styleUrl>
        <Point>
          <coordinates>-97.036732,32.900422,0</coordinates>
        </Point>
      </Placemark>
      <Placemark>
        <name>D1</name>
        <description>Type: gate<br/>Terminal: D<br/>Zone: 61</description>
        <styleUrl>#deliveryPointStyle</styleUrl>
        <Point>
          <coordinates>-97.0426467,32.8926085,0</coordinates>
        </Point>
      </Placemark>
      <Placemark>
        <name>D10</name>
        <description>Type: gate<br/>Terminal: D<br/>Zone: 61</description>
        <styleUrl>#deliveryPointStyle</styleUrl>
        <Point>
          <coordinates>-97.0432002,32.894959,0</coordinates>
        </Point>
      </Placemark>
      <Placemark>
        <name>D10A</name>
        <description>Type: gate<br/>Terminal: D<br/>Zone: 61</description>
        <styleUrl>#deliveryPointStyle</styleUrl>
        <Point>
          <coordinates>-97.0431265,32.8949917,0</coordinates>
        </Point>
      </Placemark>
      <Placemark>
        <name>D10B</name>
        <description>Type: gate<br/>Terminal: D<br/>Zone: 61</description>
        <styleUrl>#deliveryPointStyle</styleUrl>
        <Point>
          <coordinates>-97.0431265,32.8949196,0</coordinates>
        </Point>
      </Placemark>
      <Placemark>
        <name>D10X</name>
        <description>Type: gate<br/>Terminal: D<br/>Zone: 61</description>
        <styleUrl>#deliveryPointStyle</styleUrl>
        <Point>
          <coordinates>-97.043195,32.895047,0</coordinates>
        </Point>
      </Placemark>
      <Placemark>
        <name>D11</name>
        <description>Type: gate<br/>Terminal: D<br/>Zone: 61</description>
        <styleUrl>#deliveryPointStyle</styleUrl>
        <Point>
          <coordinates>-97.0436763,32.8950593,0</coordinates>
        </Point>
      </Placemark>
      <Placemark>
        <name>D11A</name>
        <description>Type: gate<br/>Terminal: D<br/>Zone: 61</description>
        <styleUrl>#deliveryPointStyle</styleUrl>
        <Point>
          <coordinates>-97.0437662,32.8951786,0</coordinates>
        </Point>
      </Placemark>
      <Placemark>
        <name>D12</name>
        <description>Type: gate<br/>Terminal: D<br/>Zone: 61</description>
        <styleUrl>#deliveryPointStyle</styleUrl>
        <Point>
          <coordinates>-97.0440961,32.8950975,0</coordinates>
        </Point>
      </Placemark>
      <Placemark>
        <name>D12A</name>
        <description>Type: gate<br/>Terminal: D<br/>Zone: 61</description>
        <styleUrl>#deliveryPointStyle</styleUrl>
        <Point>
          <coordinates>-97.0442195,32.8950503,0</coordinates>
        </Point>
      </Placemark>
      <Placemark>
        <name>D12B</name>
        <description>Type: gate<br/>Terminal: D<br/>Zone: 61</description>
        <styleUrl>#deliveryPointStyle</styleUrl>
        <Point>
          <coordinates>-97.0440196,32.895066,0</coordinates>
        </Point>
      </Placemark>
      <Placemark>
        <name>D14</name>
        <description>Type: gate<br/>Terminal: D<br/>Zone: 61</description>
        <styleUrl>#deliveryPointStyle</styleUrl>
        <Point>
          <coordinates>-97.0446499,32.8949433,0</coordinates>
        </Point>
      </Placemark>
      <Placemark>
        <name>D14A</name>
        <description>Type: gate<br/>Terminal: D<br/>Zone: 61</description>
        <styleUrl>#deliveryPointStyle</styleUrl>
        <Point>
          <coordinates>-97.0445306,32.8949602,0</coordinates>
        </Point>
      </Placemark>
      <Placemark>
        <name>D14X</name>
        <description>Type: gate<br/>Terminal: D<br/>Zone: 61</description>
        <styleUrl>#deliveryPointStyle</styleUrl>
        <Point>
          <coordinates>-97.044761,32.895111,0</coordinates>
        </Point>
      </Placemark>
      <Placemark>
        <name>D15</name>
        <description>Type: gate<br/>Terminal: D<br/>Zone: 61</description>
        <styleUrl>#deliveryPointStyle</styleUrl>
        <Point>
          <coordinates>-97.0452092,32.8950885,0</coordinates>
        </Point>
      </Placemark>
      <Placemark>
        <name>D15A</name>
        <description>Type: gate<br/>Terminal: D<br/>Zone: 61</description>
        <styleUrl>#deliveryPointStyle</styleUrl>
        <Point>
          <coordinates>-97.045228,32.8950615,0</coordinates>
        </Point>
      </Placemark>
      <Placemark>
        <name>D15B</name>
        <description>Type: gate<br/>Terminal: D<br/>Zone: 61</description>
        <styleUrl>#deliveryPointStyle</styleUrl>
        <Point>
          <coordinates>-97.0452427,32.8950457,0</coordinates>
        </Point>
      </Placemark>
      <Placemark>
        <name>D15X</name>
        <description>Type: gate<br/>Terminal: D<br/>Zone: 61</description>
        <styleUrl>#deliveryPointStyle</styleUrl>
        <Point>
          <coordinates>-97.045204,32.895037,0</coordinates>
        </Point>
      </Placemark>
      <Placemark>
        <name>D16</name>
        <description>Type: gate<br/>Terminal: D<br/>Zone: 61</description>
        <styleUrl>#deliveryPointStyle</styleUrl>
        <Point>
          <coordinates>-97.045648,32.895094,0</coordinates>
        </Point>
      </Placemark>
      <Placemark>
        <name>D16X</name>
        <description>Type: gate<br/>Terminal: D<br/>Zone: 61</description>
        <styleUrl>#deliveryPointStyle</styleUrl>
        <Point>
          <coordinates>-97.045648,32.895094,0</coordinates>
        </Point>
      </Placemark>
      <Placemark>
        <name>D17</name>
        <description>Type: gate<br/>Terminal: D<br/>Zone: 61</description>
        <styleUrl>#deliveryPointStyle</styleUrl>
        <Point>
          <coordinates>-97.045915,32.895406,0</coordinates>
        </Point>
      </Placemark>
      <Placemark>
        <name>D17A</name>
        <description>Type: gate<br/>Terminal: D<br/>Zone: 61</description>
        <styleUrl>#deliveryPointStyle</styleUrl>
        <Point>
          <coordinates>-97.045922,32.895306,0</coordinates>
        </Point>
      </Placemark>
      <Placemark>
        <name>D17X</name>
        <description>Type: gate<br/>Terminal: D<br/>Zone: 61</description>
        <styleUrl>#deliveryPointStyle</styleUrl>
        <Point>
          <coordinates>-97.045915,32.895406,0</coordinates>
        </Point>
      </Placemark>
      <Placemark>
        <name>D18</name>
        <description>Type: gate<br/>Terminal: D<br/>Zone: 61</description>
        <styleUrl>#deliveryPointStyle</styleUrl>
        <Point>
          <coordinates>-97.045856,32.895829,0</coordinates>
        </Point>
      </Placemark>
      <Placemark>
        <name>D18A</name>
        <description>Type: gate<br/>Terminal: D<br/>Zone: 61</description>
        <styleUrl>#deliveryPointStyle</styleUrl>
        <Point>
          <coordinates>-97.045895,32.895929,0</coordinates>
        </Point>
      </Placemark>
      <Placemark>
        <name>D1X</name>
        <description>Type: gate<br/>Terminal: D<br/>Zone: 61</description>
        <styleUrl>#deliveryPointStyle</styleUrl>
        <Point>
          <coordinates>-97.0426413,32.892836,0</coordinates>
        </Point>
      </Placemark>
      <Placemark>
        <name>D2</name>
        <description>Type: gate<br/>Terminal: D<br/>Zone: 61</description>
        <styleUrl>#deliveryPointStyle</styleUrl>
        <Point>
          <coordinates>-97.0428184,32.8930196,0</coordinates>
        </Point>
      </Placemark>
      <Placemark>
        <name>D20</name>
        <description>Type: gate<br/>Terminal: D<br/>Zone: 61</description>
        <styleUrl>#deliveryPointStyle</styleUrl>
        <Point>
          <coordinates>-97.045829,32.896226,0</coordinates>
        </Point>
      </Placemark>
      <Placemark>
        <name>D21</name>
        <description>Type: gate<br/>Terminal: D<br/>Zone: 61</description>
        <styleUrl>#deliveryPointStyle</styleUrl>
        <Point>
          <coordinates>-97.045835,32.896525,0</coordinates>
        </Point>
      </Placemark>
      <Placemark>
        <name>D21A</name>
        <description>Type: gate<br/>Terminal: D<br/>Zone: 61</description>
        <styleUrl>#deliveryPointStyle</styleUrl>
        <Point>
          <coordinates>-97.045823,32.896628,0</coordinates>
        </Point>
      </Placemark>
      <Placemark>
        <name>D22</name>
        <description>Type: gate<br/>Terminal: D<br/>Zone: 61</description>
        <styleUrl>#deliveryPointStyle</styleUrl>
        <Point>
          <coordinates>-97.045887,32.897069,0</coordinates>
        </Point>
      </Placemark>
      <Placemark>
        <name>D22A</name>
        <description>Type: gate<br/>Terminal: D<br/>Zone: 61</description>
        <styleUrl>#deliveryPointStyle</styleUrl>
        <Point>
          <coordinates>-97.045934,32.897142,0</coordinates>
        </Point>
      </Placemark>
      <Placemark>
        <name>D23</name>
        <description>Type: gate<br/>Terminal: D<br/>Zone: 61</description>
        <styleUrl>#deliveryPointStyle</styleUrl>
        <Point>
          <coordinates>-97.045881,32.89763,0</coordinates>
        </Point>
      </Placemark>
      <Placemark>
        <name>D23A</name>
        <description>Type: gate<br/>Terminal: D<br/>Zone: 61</description>
        <styleUrl>#deliveryPointStyle</styleUrl>
        <Point>
          <coordinates>-97.045928,32.897728,0</coordinates>
        </Point>
      </Placemark>
      <Placemark>
        <name>D24</name>
        <description>Type: gate<br/>Terminal: D<br/>Zone: 61</description>
        <styleUrl>#deliveryPointStyle</styleUrl>
        <Point>
          <coordinates>-97.045835,32.898134,0</coordinates>
        </Point>
      </Placemark>
      <Placemark>
        <name>D25</name>
        <description>Type: gate<br/>Terminal: D<br/>Zone: 61</description>
        <styleUrl>#deliveryPointStyle</styleUrl>
        <Point>
          <coordinates>-97.045885,32.898268,0</coordinates>
        </Point>
      </Placemark>
      <Placemark>
        <name>D25A</name>
        <description>Type: gate<br/>Terminal: D<br/>Zone: 61</description>
        <styleUrl>#deliveryPointStyle</styleUrl>
        <Point>
          <coordinates>-97.045932,32.898393,0</coordinates>
        </Point>
      </Placemark>
      <Placemark>
        <name>D27</name>
        <description>Type: gate<br/>Terminal: D<br/>Zone: 61</description>
        <styleUrl>#deliveryPointStyle</styleUrl>
        <Point>
          <coordinates>-97.045755,32.898804,0</coordinates>
        </Point>
      </Placemark>
      <Placemark>
        <name>D27A</name>
        <description>Type: gate<br/>Terminal: D<br/>Zone: 61</description>
        <styleUrl>#deliveryPointStyle</styleUrl>
        <Point>
          <coordinates>-97.045896,32.89892,0</coordinates>
        </Point>
      </Placemark>
      <Placemark>
        <name>D28</name>
        <description>Type: gate<br/>Terminal: D<br/>Zone: 61</description>
        <styleUrl>#deliveryPointStyle</styleUrl>
        <Point>
          <coordinates>-97.045881,32.899181,0</coordinates>
        </Point>
      </Placemark>
      <Placemark>
        <name>D29</name>
        <description>Type: gate<br/>Terminal: D<br/>Zone: 61</description>
        <styleUrl>#deliveryPointStyle</styleUrl>
        <Point>
          <coordinates>-97.045939,32.899586,0</coordinates>
        </Point>
      </Placemark>
      <Placemark>
        <name>D29A</name>
        <description>Type: gate<br/>Terminal: D<br/>Zone: 61</description>
        <styleUrl>#deliveryPointStyle</styleUrl>
        <Point>
          <coordinates>-97.045903,32.899486,0</coordinates>
        </Point>
      </Placemark>
      <Placemark>
        <name>D2X</name>
        <description>Type: gate<br/>Terminal: D<br/>Zone: 61</description>
        <styleUrl>#deliveryPointStyle</styleUrl>
        <Point>
          <coordinates>-97.0426963,32.8930038,0</coordinates>
        </Point>
      </Placemark>
      <Placemark>
        <name>D3</name>
        <description>Type: gate<br/>Terminal: D<br/>Zone: 61</description>
        <styleUrl>#deliveryPointStyle</styleUrl>
        <Point>
          <coordinates>-97.0426937,32.8932786,0</coordinates>
        </Point>
      </Placemark>
      <Placemark>
        <name>D30</name>
        <description>Type: gate<br/>Terminal: D<br/>Zone: 61</description>
        <styleUrl>#deliveryPointStyle</styleUrl>
        <Point>
          <coordinates>-97.045875,32.900113,0</coordinates>
        </Point>
      </Placemark>
      <Placemark>
        <name>D31</name>
        <description>Type: gate<br/>Terminal: D<br/>Zone: 61</description>
        <styleUrl>#deliveryPointStyle</styleUrl>
        <Point>
          <coordinates>-97.04536,32.900106,0</coordinates>
        </Point>
      </Placemark>
      <Placemark>
        <name>D33</name>
        <description>Type: gate<br/>Terminal: D<br/>Zone: 61</description>
        <styleUrl>#deliveryPointStyle</styleUrl>
        <Point>
          <coordinates>-97.044827,32.900138,0</coordinates>
        </Point>
      </Placemark>
      <Placemark>
        <name>D34</name>
        <description>Type: gate<br/>Terminal: D<br/>Zone: 61</description>
        <styleUrl>#deliveryPointStyle</styleUrl>
        <Point>
          <coordinates>-97.044221,32.900095,0</coordinates>
        </Point>
      </Placemark>
      <Placemark>
        <name>D36</name>
        <description>Type: gate<br/>Terminal: D<br/>Zone: 61</description>
        <styleUrl>#deliveryPointStyle</styleUrl>
        <Point>
          <coordinates>-97.043671,32.900138,0</coordinates>
        </Point>
      </Placemark>
      <Placemark>
        <name>D37</name>
        <description>Type: gate<br/>Terminal: D<br/>Zone: 61</description>
        <styleUrl>#deliveryPointStyle</styleUrl>
        <Point>
          <coordinates>-97.043141,32.900086,0</coordinates>
        </Point>
      </Placemark>
      <Placemark>
        <name>D38</name>
        <description>Type: gate<br/>Terminal: D<br/>Zone: 61</description>
        <styleUrl>#deliveryPointStyle</styleUrl>
        <Point>
          <coordinates>-97.042701,32.900135,0</coordinates>
        </Point>
      </Placemark>
      <Placemark>
        <name>D38A</name>
        <description>Type: gate<br/>Terminal: D<br/>Zone: 61</description>
        <styleUrl>#deliveryPointStyle</styleUrl>
        <Point>
          <coordinates>-97.04263,32.90014,0</coordinates>
        </Point>
      </Placemark>
      <Placemark>
        <name>D3X</name>
        <description>Type: gate<br/>Terminal: D<br/>Zone: 61</description>
        <styleUrl>#deliveryPointStyle</styleUrl>
        <Point>
          <coordinates>-97.0425957,32.8934239,0</coordinates>
        </Point>
      </Placemark>
      <Placemark>
        <name>D4</name>
        <description>Type: gate<br/>Terminal: D<br/>Zone: 61</description>
        <styleUrl>#deliveryPointStyle</styleUrl>
        <Point>
          <coordinates>-97.0427352,32.8936874,0</coordinates>
        </Point>
      </Placemark>
      <Placemark>
        <name>D40</name>
        <description>Type: gate<br/>Terminal: D<br/>Zone: 61</description>
        <styleUrl>#deliveryPointStyle</styleUrl>
        <Point>
          <coordinates>-97.042252,32.900067,0</coordinates>
        </Point>
      </Placemark>
      <Placemark>
        <name>D4X</name>
        <description>Type: gate<br/>Terminal: D<br/>Zone: 61</description>
        <styleUrl>#deliveryPointStyle</styleUrl>
        <Point>
          <coordinates>-97.0426414,32.893682,0</coordinates>
        </Point>
      </Placemark>
      <Placemark>
        <name>D5</name>
        <description>Type: gate<br/>Terminal: D<br/>Zone: 61</description>
        <styleUrl>#deliveryPointStyle</styleUrl>
        <Point>
          <coordinates>-97.041921,32.895314,0</coordinates>
        </Point>
      </Placemark>
      <Placemark>
        <name>D6</name>
        <description>Type: gate<br/>Terminal: D<br/>Zone: 61</description>
        <styleUrl>#deliveryPointStyle</styleUrl>
        <Point>
          <coordinates>-97.0422386,32.8949467,0</coordinates>
        </Point>
      </Placemark>
      <Placemark>
        <name>D6A</name>
        <description>Type: gate<br/>Terminal: D<br/>Zone: 61</description>
        <styleUrl>#deliveryPointStyle</styleUrl>
        <Point>
          <coordinates>-97.042171,32.895167,0</coordinates>
        </Point>
      </Placemark>
      <Placemark>
        <name>D6B</name>
        <description>Type: gate<br/>Terminal: D<br/>Zone: 61</description>
        <styleUrl>#deliveryPointStyle</styleUrl>
        <Point>
          <coordinates>-97.042171,32.895167,0</coordinates>
        </Point>
      </Placemark>
      <Placemark>
        <name>D6C</name>
        <description>Type: gate<br/>Terminal: D<br/>Zone: 61</description>
        <styleUrl>#deliveryPointStyle</styleUrl>
        <Point>
          <coordinates>-97.042171,32.895167,0</coordinates>
        </Point>
      </Placemark>
      <Placemark>
        <name>D6D</name>
        <description>Type: gate<br/>Terminal: D<br/>Zone: 61</description>
        <styleUrl>#deliveryPointStyle</styleUrl>
        <Point>
          <coordinates>-97.042171,32.895167,0</coordinates>
        </Point>
      </Placemark>
      <Placemark>
        <name>D7</name>
        <description>Type: gate<br/>Terminal: D<br/>Zone: 61</description>
        <styleUrl>#deliveryPointStyle</styleUrl>
        <Point>
          <coordinates>-97.0425967,32.8948982,0</coordinates>
        </Point>
      </Placemark>
      <Placemark>
        <name>D7A</name>
        <description>Type: gate<br/>Terminal: D<br/>Zone: 61</description>
        <styleUrl>#deliveryPointStyle</styleUrl>
        <Point>
          <coordinates>-97.0426745,32.8949253,0</coordinates>
        </Point>
      </Placemark>
      <Placemark>
        <name>D7X</name>
        <description>Type: gate<br/>Terminal: D<br/>Zone: 61</description>
        <styleUrl>#deliveryPointStyle</styleUrl>
        <Point>
          <coordinates>-97.042415,32.895067,0</coordinates>
        </Point>
      </Placemark>
      <Placemark>
        <name>D8</name>
        <description>Type: gate<br/>Terminal: D<br/>Zone: 61</description>
        <styleUrl>#deliveryPointStyle</styleUrl>
        <Point>
          <coordinates>-97.0428716,32.8950829,0</coordinates>
        </Point>
      </Placemark>
    </Folder>
    <Folder>
      <name>Intermediate Connection Points</name>
      <Placemark>
        <name>P64</name>
        <description>Intermediate connection point</description>
        <styleUrl>#intermediatePointStyle</styleUrl>
        <Point>
          <coordinates>-97.042774,32.900518,0</coordinates>
        </Point>
      </Placemark>
      <Placemark>
        <name>P73</name>
        <description>Intermediate connection point</description>
        <styleUrl>#intermediatePointStyle</styleUrl>
        <Point>
          <coordinates>-97.036677,32.901528,0</coordinates>
        </Point>
      </Placemark>
      <Placemark>
        <name>P108</name>
        <description>Intermediate connection point</description>
        <styleUrl>#intermediatePointStyle</styleUrl>
        <Point>
          <coordinates>-97.03792,32.900857,0</coordinates>
        </Point>
      </Placemark>
      <Placemark>
        <name>P62</name>
        <description>Intermediate connection point</description>
        <styleUrl>#intermediatePointStyle</styleUrl>
        <Point>
          <coordinates>-97.045373,32.905327,0</coordinates>
        </Point>
      </Placemark>
      <Placemark>
        <name>P157</name>
        <description>Intermediate connection point</description>
        <styleUrl>#intermediatePointStyle</styleUrl>
        <Point>
          <coordinates>-97.043701,32.900493,0</coordinates>
        </Point>
      </Placemark>
      <Placemark>
        <name>P27</name>
        <description>Intermediate connection point</description>
        <styleUrl>#intermediatePointStyle</styleUrl>
        <Point>
          <coordinates>-97.046014,32.905316,0</coordinates>
        </Point>
      </Placemark>
      <Placemark>
        <name>P14</name>
        <description>Intermediate connection point</description>
        <styleUrl>#intermediatePointStyle</styleUrl>
        <Point>
          <coordinates>-97.044783,32.902292,0</coordinates>
        </Point>
      </Placemark>
      <Placemark>
        <name>P180</name>
        <description>Intermediate connection point</description>
        <styleUrl>#intermediatePointStyle</styleUrl>
        <Point>
          <coordinates>-97.046205,32.895261,0</coordinates>
        </Point>
      </Placemark>
      <Placemark>
        <name>P49</name>
        <description>Intermediate connection point</description>
        <styleUrl>#intermediatePointStyle</styleUrl>
        <Point>
          <coordinates>-97.045063,32.906685,0</coordinates>
        </Point>
      </Placemark>
      <Placemark>
        <name>P197</name>
        <description>Intermediate connection point</description>
        <styleUrl>#intermediatePointStyle</styleUrl>
        <Point>
          <coordinates>-97.039287,32.893756,0</coordinates>
        </Point>
      </Placemark>
      <Placemark>
        <name>P18</name>
        <description>Intermediate connection point</description>
        <styleUrl>#intermediatePointStyle</styleUrl>
        <Point>
          <coordinates>-97.045571,32.903153,0</coordinates>
        </Point>
      </Placemark>
      <Placemark>
        <name>P35</name>
        <description>Intermediate connection point</description>
        <styleUrl>#intermediatePointStyle</styleUrl>
        <Point>
          <coordinates>-97.046185,32.906834,0</coordinates>
        </Point>
      </Placemark>
      <Placemark>
        <name>P85</name>
        <description>Intermediate connection point</description>
        <styleUrl>#intermediatePointStyle</styleUrl>
        <Point>
          <coordinates>-97.034535,32.904588,0</coordinates>
        </Point>
      </Placemark>
      <Placemark>
        <name>P55</name>
        <description>Intermediate connection point</description>
        <styleUrl>#intermediatePointStyle</styleUrl>
        <Point>
          <coordinates>-97.042867,32.907954,0</coordinates>
        </Point>
      </Placemark>
      <Placemark>
        <name>P151</name>
        <description>Intermediate connection point</description>
        <styleUrl>#intermediatePointStyle</styleUrl>
        <Point>
          <coordinates>-97.037173,32.887273,0</coordinates>
        </Point>
      </Placemark>
      <Placemark>
        <name>P172</name>
        <description>Intermediate connection point</description>
        <styleUrl>#intermediatePointStyle</styleUrl>
        <Point>
          <coordinates>-97.046181,32.897126,0</coordinates>
        </Point>
      </Placemark>
      <Placemark>
        <name>P61</name>
        <description>Intermediate connection point</description>
        <styleUrl>#intermediatePointStyle</styleUrl>
        <Point>
          <coordinates>-97.045403,32.904996,0</coordinates>
        </Point>
      </Placemark>
      <Placemark>
        <name>P113</name>
        <description>Intermediate connection point</description>
        <styleUrl>#intermediatePointStyle</styleUrl>
        <Point>
          <coordinates>-97.036272,32.900375,0</coordinates>
        </Point>
      </Placemark>
      <Placemark>
        <name>P207</name>
        <description>Intermediate connection point</description>
        <styleUrl>#intermediatePointStyle</styleUrl>
        <Point>
          <coordinates>-97.035123,32.888052,0</coordinates>
        </Point>
      </Placemark>
      <Placemark>
        <name>P57</name>
        <description>Intermediate connection point</description>
        <styleUrl>#intermediatePointStyle</styleUrl>
        <Point>
          <coordinates>-97.042549,32.907985,0</coordinates>
        </Point>
      </Placemark>
      <Placemark>
        <name>P171</name>
        <description>Intermediate connection point</description>
        <styleUrl>#intermediatePointStyle</styleUrl>
        <Point>
          <coordinates>-97.046193,32.897581,0</coordinates>
        </Point>
      </Placemark>
      <Placemark>
        <name>P210</name>
        <description>Intermediate connection point</description>
        <styleUrl>#intermediatePointStyle</styleUrl>
        <Point>
          <coordinates>-97.035652,32.887515,0</coordinates>
        </Point>
      </Placemark>
      <Placemark>
        <name>P114</name>
        <description>Intermediate connection point</description>
        <styleUrl>#intermediatePointStyle</styleUrl>
        <Point>
          <coordinates>-97.035901,32.900081,0</coordinates>
        </Point>
      </Placemark>
      <Placemark>
        <name>P12</name>
        <description>Intermediate connection point</description>
        <styleUrl>#intermediatePointStyle</styleUrl>
        <Point>
          <coordinates>-97.044315,32.901967,0</coordinates>
        </Point>
      </Placemark>
      <Placemark>
        <name>P192</name>
        <description>Intermediate connection point</description>
        <styleUrl>#intermediatePointStyle</styleUrl>
        <Point>
          <coordinates>-97.042205,32.894737,0</coordinates>
        </Point>
      </Placemark>
      <Placemark>
        <name>P127</name>
        <description>Intermediate connection point</description>
        <styleUrl>#intermediatePointStyle</styleUrl>
        <Point>
          <coordinates>-97.03535,32.8956,0</coordinates>
        </Point>
      </Placemark>
      <Placemark>
        <name>P78</name>
        <description>Intermediate connection point</description>
        <styleUrl>#intermediatePointStyle</styleUrl>
        <Point>
          <coordinates>-97.035209,32.902843,0</coordinates>
        </Point>
      </Placemark>
      <Placemark>
        <name>P191</name>
        <description>Intermediate connection point</description>
        <styleUrl>#intermediatePointStyle</styleUrl>
        <Point>
          <coordinates>-97.042383,32.89473,0</coordinates>
        </Point>
      </Placemark>
      <Placemark>
        <name>P206</name>
        <description>Intermediate connection point</description>
        <styleUrl>#intermediatePointStyle</styleUrl>
        <Point>
          <coordinates>-97.034953,32.888253,0</coordinates>
        </Point>
      </Placemark>
      <Placemark>
        <name>P102</name>
        <description>Intermediate connection point</description>
        <styleUrl>#intermediatePointStyle</styleUrl>
        <Point>
          <coordinates>-97.038473,32.907933,0</coordinates>
        </Point>
      </Placemark>
      <Placemark>
        <name>P120</name>
        <description>Intermediate connection point</description>
        <styleUrl>#intermediatePointStyle</styleUrl>
        <Point>
          <coordinates>-97.034651,32.898316,0</coordinates>
        </Point>
      </Placemark>
      <Placemark>
        <name>P205</name>
        <description>Intermediate connection point</description>
        <styleUrl>#intermediatePointStyle</styleUrl>
        <Point>
          <coordinates>-97.03482,32.88841,0</coordinates>
        </Point>
      </Placemark>
      <Placemark>
        <name>P170</name>
        <description>Intermediate connection point</description>
        <styleUrl>#intermediatePointStyle</styleUrl>
        <Point>
          <coordinates>-97.046181,32.89773,0</coordinates>
        </Point>
      </Placemark>
      <Placemark>
        <name>P166</name>
        <description>Intermediate connection point</description>
        <styleUrl>#intermediatePointStyle</styleUrl>
        <Point>
          <coordinates>-97.046159,32.898916,0</coordinates>
        </Point>
      </Placemark>
      <Placemark>
        <name>P91</name>
        <description>Intermediate connection point</description>
        <styleUrl>#intermediatePointStyle</styleUrl>
        <Point>
          <coordinates>-97.035172,32.906475,0</coordinates>
        </Point>
      </Placemark>
      <Placemark>
        <name>P194</name>
        <description>Intermediate connection point</description>
        <styleUrl>#intermediatePointStyle</styleUrl>
        <Point>
          <coordinates>-97.041776,32.89402,0</coordinates>
        </Point>
      </Placemark>
      <Placemark>
        <name>P126</name>
        <description>Intermediate connection point</description>
        <styleUrl>#intermediatePointStyle</styleUrl>
        <Point>
          <coordinates>-97.035046,32.895971,0</coordinates>
        </Point>
      </Placemark>
      <Placemark>
        <name>P33</name>
        <description>Intermediate connection point</description>
        <styleUrl>#intermediatePointStyle</styleUrl>
        <Point>
          <coordinates>-97.045771,32.906733,0</coordinates>
        </Point>
      </Placemark>
      <Placemark>
        <name>P169</name>
        <description>Intermediate connection point</description>
        <styleUrl>#intermediatePointStyle</styleUrl>
        <Point>
          <coordinates>-97.04619,32.898247,0</coordinates>
        </Point>
      </Placemark>
      <Placemark>
        <name>P153</name>
        <description>Intermediate connection point</description>
        <styleUrl>#intermediatePointStyle</styleUrl>
        <Point>
          <coordinates>-97.038106,32.887129,0</coordinates>
        </Point>
      </Placemark>
      <Placemark>
        <name>P36</name>
        <description>Intermediate connection point</description>
        <styleUrl>#intermediatePointStyle</styleUrl>
        <Point>
          <coordinates>-97.046376,32.907063,0</coordinates>
        </Point>
      </Placemark>
      <Placemark>
        <name>P130</name>
        <description>Intermediate connection point</description>
        <styleUrl>#intermediatePointStyle</styleUrl>
        <Point>
          <coordinates>-97.03636,32.894585,0</coordinates>
        </Point>
      </Placemark>
      <Placemark>
        <name>P185</name>
        <description>Intermediate connection point</description>
        <styleUrl>#intermediatePointStyle</styleUrl>
        <Point>
          <coordinates>-97.04538,32.894739,0</coordinates>
        </Point>
      </Placemark>
      <Placemark>
        <name>P1</name>
        <description>Intermediate connection point</description>
        <styleUrl>#intermediatePointStyle</styleUrl>
        <Point>
          <coordinates>-97.042765,32.900905,0</coordinates>
        </Point>
      </Placemark>
      <Placemark>
        <name>P15</name>
        <description>Intermediate connection point</description>
        <styleUrl>#intermediatePointStyle</styleUrl>
        <Point>
          <coordinates>-97.045007,32.902512,0</coordinates>
        </Point>
      </Placemark>
      <Placemark>
        <name>P92</name>
        <description>Intermediate connection point</description>
        <styleUrl>#intermediatePointStyle</styleUrl>
        <Point>
          <coordinates>-97.035207,32.906602,0</coordinates>
        </Point>
      </Placemark>
      <Placemark>
        <name>P179</name>
        <description>Intermediate connection point</description>
        <styleUrl>#intermediatePointStyle</styleUrl>
        <Point>
          <coordinates>-97.046193,32.895353,0</coordinates>
        </Point>
      </Placemark>
      <Placemark>
        <name>P77</name>
        <description>Intermediate connection point</description>
        <styleUrl>#intermediatePointStyle</styleUrl>
        <Point>
          <coordinates>-97.035445,32.902427,0</coordinates>
        </Point>
      </Placemark>
      <Placemark>
        <name>P204</name>
        <description>Intermediate connection point</description>
        <styleUrl>#intermediatePointStyle</styleUrl>
        <Point>
          <coordinates>-97.034768,32.888515,0</coordinates>
        </Point>
      </Placemark>
      <Placemark>
        <name>P65</name>
        <description>Intermediate connection point</description>
        <styleUrl>#intermediatePointStyle</styleUrl>
        <Point>
          <coordinates>-97.041939,32.901549,0</coordinates>
        </Point>
      </Placemark>
      <Placemark>
        <name>P193</name>
        <description>Intermediate connection point</description>
        <styleUrl>#intermediatePointStyle</styleUrl>
        <Point>
          <coordinates>-97.042008,32.894735,0</coordinates>
        </Point>
      </Placemark>
      <Placemark>
        <name>P137B</name>
        <description>Intermediate connection point</description>
        <styleUrl>#intermediatePointStyle</styleUrl>
        <Point>
          <coordinates>-97.038873,32.89431,0</coordinates>
        </Point>
      </Placemark>
      <Placemark>
        <name>P37</name>
        <description>Intermediate connection point</description>
        <styleUrl>#intermediatePointStyle</styleUrl>
        <Point>
          <coordinates>-97.046369,32.907374,0</coordinates>
        </Point>
      </Placemark>
      <Placemark>
        <name>P20</name>
        <description>Intermediate connection point</description>
        <styleUrl>#intermediatePointStyle</styleUrl>
        <Point>
          <coordinates>-97.045788,32.903599,0</coordinates>
        </Point>
      </Placemark>
      <Placemark>
        <name>P203</name>
        <description>Intermediate connection point</description>
        <styleUrl>#intermediatePointStyle</styleUrl>
        <Point>
          <coordinates>-97.03458,32.888847,0</coordinates>
        </Point>
      </Placemark>
      <Placemark>
        <name>P109</name>
        <description>Intermediate connection point</description>
        <styleUrl>#intermediatePointStyle</styleUrl>
        <Point>
          <coordinates>-97.037721,32.900799,0</coordinates>
        </Point>
      </Placemark>
      <Placemark>
        <name>P75</name>
        <description>Intermediate connection point</description>
        <styleUrl>#intermediatePointStyle</styleUrl>
        <Point>
          <coordinates>-97.036077,32.901739,0</coordinates>
        </Point>
      </Placemark>
      <Placemark>
        <name>P154</name>
        <description>Intermediate connection point</description>
        <styleUrl>#intermediatePointStyle</styleUrl>
        <Point>
          <coordinates>-97.038933,32.88706,0</coordinates>
        </Point>
      </Placemark>
      <Placemark>
        <name>P13</name>
        <description>Intermediate connection point</description>
        <styleUrl>#intermediatePointStyle</styleUrl>
        <Point>
          <coordinates>-97.044545,32.902124,0</coordinates>
        </Point>
      </Placemark>
      <Placemark>
        <name>P110</name>
        <description>Intermediate connection point</description>
        <styleUrl>#intermediatePointStyle</styleUrl>
        <Point>
          <coordinates>-97.037432,32.900703,0</coordinates>
        </Point>
      </Placemark>
      <Placemark>
        <name>P10</name>
        <description>Intermediate connection point</description>
        <styleUrl>#intermediatePointStyle</styleUrl>
        <Point>
          <coordinates>-97.043801,32.901656,0</coordinates>
        </Point>
      </Placemark>
      <Placemark>
        <name>P98</name>
        <description>Intermediate connection point</description>
        <styleUrl>#intermediatePointStyle</styleUrl>
        <Point>
          <coordinates>-97.037462,32.907766,0</coordinates>
        </Point>
      </Placemark>
      <Placemark>
        <name>P23</name>
        <description>Intermediate connection point</description>
        <styleUrl>#intermediatePointStyle</styleUrl>
        <Point>
          <coordinates>-97.046043,32.90435,0</coordinates>
        </Point>
      </Placemark>
      <Placemark>
        <name>P160</name>
        <description>Intermediate connection point</description>
        <styleUrl>#intermediatePointStyle</styleUrl>
        <Point>
          <coordinates>-97.04541,32.900502,0</coordinates>
        </Point>
      </Placemark>
      <Placemark>
        <name>P69A</name>
        <description>Intermediate connection point</description>
        <styleUrl>#intermediatePointStyle</styleUrl>
        <Point>
          <coordinates>-97.038963,32.901423,0</coordinates>
        </Point>
      </Placemark>
      <Placemark>
        <name>P44</name>
        <description>Intermediate connection point</description>
        <styleUrl>#intermediatePointStyle</styleUrl>
        <Point>
          <coordinates>-97.04481,32.90724,0</coordinates>
        </Point>
      </Placemark>
      <Placemark>
        <name>P97</name>
        <description>Intermediate connection point</description>
        <styleUrl>#intermediatePointStyle</styleUrl>
        <Point>
          <coordinates>-97.036962,32.907765,0</coordinates>
        </Point>
      </Placemark>
      <Placemark>
        <name>P93</name>
        <description>Intermediate connection point</description>
        <styleUrl>#intermediatePointStyle</styleUrl>
        <Point>
          <coordinates>-97.035317,32.906723,0</coordinates>
        </Point>
      </Placemark>
      <Placemark>
        <name>P124</name>
        <description>Intermediate connection point</description>
        <styleUrl>#intermediatePointStyle</styleUrl>
        <Point>
          <coordinates>-97.034522,32.896695,0</coordinates>
        </Point>
      </Placemark>
      <Placemark>
        <name>P209</name>
        <description>Intermediate connection point</description>
        <styleUrl>#intermediatePointStyle</styleUrl>
        <Point>
          <coordinates>-97.035495,32.887669,0</coordinates>
        </Point>
      </Placemark>
      <Placemark>
        <name>P9</name>
        <description>Intermediate connection point</description>
        <styleUrl>#intermediatePointStyle</styleUrl>
        <Point>
          <coordinates>-97.043529,32.901653,0</coordinates>
        </Point>
      </Placemark>
      <Placemark>
        <name>P86</name>
        <description>Intermediate connection point</description>
        <styleUrl>#intermediatePointStyle</styleUrl>
        <Point>
          <coordinates>-97.034543,32.905025,0</coordinates>
        </Point>
      </Placemark>
      <Placemark>
        <name>P82</name>
        <description>Intermediate connection point</description>
        <styleUrl>#intermediatePointStyle</styleUrl>
        <Point>
          <coordinates>-97.034562,32.903876,0</coordinates>
        </Point>
      </Placemark>
      <Placemark>
        <name>P26</name>
        <description>Intermediate connection point</description>
        <styleUrl>#intermediatePointStyle</styleUrl>
        <Point>
          <coordinates>-97.046058,32.905071,0</coordinates>
        </Point>
      </Placemark>
      <Placemark>
        <name>P184</name>
        <description>Intermediate connection point</description>
        <styleUrl>#intermediatePointStyle</styleUrl>
        <Point>
          <coordinates>-97.045848,32.894739,0</coordinates>
        </Point>
      </Placemark>
      <Placemark>
        <name>P66</name>
        <description>Intermediate connection point</description>
        <styleUrl>#intermediatePointStyle</styleUrl>
        <Point>
          <coordinates>-97.041698,32.901576,0</coordinates>
        </Point>
      </Placemark>
      <Placemark>
        <name>P60</name>
        <description>Intermediate connection point</description>
        <styleUrl>#intermediatePointStyle</styleUrl>
        <Point>
          <coordinates>-97.045411,32.90476,0</coordinates>
        </Point>
      </Placemark>
      <Placemark>
        <name>P137</name>
        <description>Intermediate connection point</description>
        <styleUrl>#intermediatePointStyle</styleUrl>
        <Point>
          <coordinates>-97.0386956,32.8943145,0</coordinates>
        </Point>
      </Placemark>
      <Placemark>
        <name>P32</name>
        <description>Intermediate connection point</description>
        <styleUrl>#intermediatePointStyle</styleUrl>
        <Point>
          <coordinates>-97.045409,32.906493,0</coordinates>
        </Point>
      </Placemark>
      <Placemark>
        <name>P189</name>
        <description>Intermediate connection point</description>
        <styleUrl>#intermediatePointStyle</styleUrl>
        <Point>
          <coordinates>-97.043239,32.894723,0</coordinates>
        </Point>
      </Placemark>
      <Placemark>
        <name>P148</name>
        <description>Intermediate connection point</description>
        <styleUrl>#intermediatePointStyle</styleUrl>
        <Point>
          <coordinates>-97.035489,32.888403,0</coordinates>
        </Point>
      </Placemark>
      <Placemark>
        <name>P29</name>
        <description>Intermediate connection point</description>
        <styleUrl>#intermediatePointStyle</styleUrl>
        <Point>
          <coordinates>-97.045848,32.905832,0</coordinates>
        </Point>
      </Placemark>
      <Placemark>
        <name>P135</name>
        <description>Intermediate connection point</description>
        <styleUrl>#intermediatePointStyle</styleUrl>
        <Point>
          <coordinates>-97.0382802,32.8944444,0</coordinates>
        </Point>
      </Placemark>
      <Placemark>
        <name>P6</name>
        <description>Intermediate connection point</description>
        <styleUrl>#intermediatePointStyle</styleUrl>
        <Point>
          <coordinates>-97.042591,32.901628,0</coordinates>
        </Point>
      </Placemark>
      <Placemark>
        <name>P132</name>
        <description>Intermediate connection point</description>
        <styleUrl>#intermediatePointStyle</styleUrl>
        <Point>
          <coordinates>-97.0369141,32.8944786,0</coordinates>
        </Point>
      </Placemark>
      <Placemark>
        <name>P128</name>
        <description>Intermediate connection point</description>
        <styleUrl>#intermediatePointStyle</styleUrl>
        <Point>
          <coordinates>-97.035701,32.895297,0</coordinates>
        </Point>
      </Placemark>
      <Placemark>
        <name>D16A</name>
        <description>Intermediate connection point</description>
        <styleUrl>#intermediatePointStyle</styleUrl>
        <Point>
          <coordinates>-97.045648,32.895094,0</coordinates>
        </Point>
      </Placemark>
      <Placemark>
        <name>P194A</name>
        <description>Intermediate connection point</description>
        <styleUrl>#intermediatePointStyle</styleUrl>
        <Point>
          <coordinates>-97.041768,32.89474,0</coordinates>
        </Point>
      </Placemark>
      <Placemark>
        <name>P139</name>
        <description>Intermediate connection point</description>
        <styleUrl>#intermediatePointStyle</styleUrl>
        <Point>
          <coordinates>-97.039082,32.893735,0</coordinates>
        </Point>
      </Placemark>
      <Placemark>
        <name>P89</name>
        <description>Intermediate connection point</description>
        <styleUrl>#intermediatePointStyle</styleUrl>
        <Point>
          <coordinates>-97.034801,32.90596,0</coordinates>
        </Point>
      </Placemark>
      <Placemark>
        <name>P68</name>
        <description>Intermediate connection point</description>
        <styleUrl>#intermediatePointStyle</styleUrl>
        <Point>
          <coordinates>-97.040425,32.901126,0</coordinates>
        </Point>
      </Placemark>
      <Placemark>
        <name>P212</name>
        <description>Intermediate connection point</description>
        <styleUrl>#intermediatePointStyle</styleUrl>
        <Point>
          <coordinates>-97.035299,32.887032,0</coordinates>
        </Point>
      </Placemark>
      <Placemark>
        <name>P21</name>
        <description>Intermediate connection point</description>
        <styleUrl>#intermediatePointStyle</styleUrl>
        <Point>
          <coordinates>-97.045862,32.903794,0</coordinates>
        </Point>
      </Placemark>
      <Placemark>
        <name>P88</name>
        <description>Intermediate connection point</description>
        <styleUrl>#intermediatePointStyle</styleUrl>
        <Point>
          <coordinates>-97.034629,32.905808,0</coordinates>
        </Point>
      </Placemark>
      <Placemark>
        <name>P100</name>
        <description>Intermediate connection point</description>
        <styleUrl>#intermediatePointStyle</styleUrl>
        <Point>
          <coordinates>-97.038301,32.907834,0</coordinates>
        </Point>
      </Placemark>
      <Placemark>
        <name>P176</name>
        <description>Intermediate connection point</description>
        <styleUrl>#intermediatePointStyle</styleUrl>
        <Point>
          <coordinates>-97.046192,32.896163,0</coordinates>
        </Point>
      </Placemark>
      <Placemark>
        <name>P182</name>
        <description>Intermediate connection point</description>
        <styleUrl>#intermediatePointStyle</styleUrl>
        <Point>
          <coordinates>-97.046159,32.894761,0</coordinates>
        </Point>
      </Placemark>
      <Placemark>
        <name>P115</name>
        <description>Intermediate connection point</description>
        <styleUrl>#intermediatePointStyle</styleUrl>
        <Point>
          <coordinates>-97.035619,32.8998,0</coordinates>
        </Point>
      </Placemark>
      <Placemark>
        <name>P2</name>
        <description>Intermediate connection point</description>
        <styleUrl>#intermediatePointStyle</styleUrl>
        <Point>
          <coordinates>-97.042758,32.901158,0</coordinates>
        </Point>
      </Placemark>
      <Placemark>
        <name>P17</name>
        <description>Intermediate connection point</description>
        <styleUrl>#intermediatePointStyle</styleUrl>
        <Point>
          <coordinates>-97.04543,32.902918,0</coordinates>
        </Point>
      </Placemark>
      <Placemark>
        <name>P131</name>
        <description>Intermediate connection point</description>
        <styleUrl>#intermediatePointStyle</styleUrl>
        <Point>
          <coordinates>-97.036435,32.894519,0</coordinates>
        </Point>
      </Placemark>
      <Placemark>
        <name>P28</name>
        <description>Intermediate connection point</description>
        <styleUrl>#intermediatePointStyle</styleUrl>
        <Point>
          <coordinates>-97.045925,32.905647,0</coordinates>
        </Point>
      </Placemark>
      <Placemark>
        <name>P79</name>
        <description>Intermediate connection point</description>
        <styleUrl>#intermediatePointStyle</styleUrl>
        <Point>
          <coordinates>-97.034984,32.903214,0</coordinates>
        </Point>
      </Placemark>
      <Placemark>
        <name>P47</name>
        <description>Intermediate connection point</description>
        <styleUrl>#intermediatePointStyle</styleUrl>
        <Point>
          <coordinates>-97.044513,32.906664,0</coordinates>
        </Point>
      </Placemark>
      <Placemark>
        <name>P164</name>
        <description>Intermediate connection point</description>
        <styleUrl>#intermediatePointStyle</styleUrl>
        <Point>
          <coordinates>-97.04617,32.899538,0</coordinates>
        </Point>
      </Placemark>
      <Placemark>
        <name>P116</name>
        <description>Intermediate connection point</description>
        <styleUrl>#intermediatePointStyle</styleUrl>
        <Point>
          <coordinates>-97.035342,32.899515,0</coordinates>
        </Point>
      </Placemark>
      <Placemark>
        <name>P106</name>
        <description>Intermediate connection point</description>
        <styleUrl>#intermediatePointStyle</styleUrl>
        <Point>
          <coordinates>-97.03879,32.900886,0</coordinates>
        </Point>
      </Placemark>
      <Placemark>
        <name>P168</name>
        <description>Intermediate connection point</description>
        <styleUrl>#intermediatePointStyle</styleUrl>
        <Point>
          <coordinates>-97.046183,32.898396,0</coordinates>
        </Point>
      </Placemark>
      <Placemark>
        <name>P76</name>
        <description>Intermediate connection point</description>
        <styleUrl>#intermediatePointStyle</styleUrl>
        <Point>
          <coordinates>-97.035681,32.90202,0</coordinates>
        </Point>
      </Placemark>
      <Placemark>
        <name>P156</name>
        <description>Intermediate connection point</description>
        <styleUrl>#intermediatePointStyle</styleUrl>
        <Point>
          <coordinates>-97.043177,32.900484,0</coordinates>
        </Point>
      </Placemark>
      <Placemark>
        <name>P84</name>
        <description>Intermediate connection point</description>
        <styleUrl>#intermediatePointStyle</styleUrl>
        <Point>
          <coordinates>-97.034546,32.904305,0</coordinates>
        </Point>
      </Placemark>
      <Placemark>
        <name>P99</name>
        <description>Intermediate connection point</description>
        <styleUrl>#intermediatePointStyle</styleUrl>
        <Point>
          <coordinates>-97.038005,32.907763,0</coordinates>
        </Point>
      </Placemark>
      <Placemark>
        <name>P150</name>
        <description>Intermediate connection point</description>
        <styleUrl>#intermediatePointStyle</styleUrl>
        <Point>
          <coordinates>-97.036709,32.887424,0</coordinates>
        </Point>
      </Placemark>
      <Placemark>
        <name>P174</name>
        <description>Intermediate connection point</description>
        <styleUrl>#intermediatePointStyle</styleUrl>
        <Point>
          <coordinates>-97.046181,32.896636,0</coordinates>
        </Point>
      </Placemark>
      <Placemark>
        <name>P34</name>
        <description>Intermediate connection point</description>
        <styleUrl>#intermediatePointStyle</styleUrl>
        <Point>
          <coordinates>-97.045332,32.906683,0</coordinates>
        </Point>
      </Placemark>
      <Placemark>
        <name>P46</name>
        <description>Intermediate connection point</description>
        <styleUrl>#intermediatePointStyle</styleUrl>
        <Point>
          <coordinates>-97.044443,32.906724,0</coordinates>
        </Point>
      </Placemark>
      <Placemark>
        <name>P161</name>
        <description>Intermediate connection point</description>
        <styleUrl>#intermediatePointStyle</styleUrl>
        <Point>
          <coordinates>-97.046075,32.900504,0</coordinates>
        </Point>
      </Placemark>
      <Placemark>
        <name>P163</name>
        <description>Intermediate connection point</description>
        <styleUrl>#intermediatePointStyle</styleUrl>
        <Point>
          <coordinates>-97.046166,32.899635,0</coordinates>
        </Point>
      </Placemark>
      <Placemark>
        <name>P183</name>
        <description>Intermediate connection point</description>
        <styleUrl>#intermediatePointStyle</styleUrl>
        <Point>
          <coordinates>-97.046037,32.894725,0</coordinates>
        </Point>
      </Placemark>
      <Placemark>
        <name>P103</name>
        <description>Intermediate connection point</description>
        <styleUrl>#intermediatePointStyle</styleUrl>
        <Point>
          <coordinates>-97.038543,32.908148,0</coordinates>
        </Point>
      </Placemark>
      <Placemark>
        <name>P188</name>
        <description>Intermediate connection point</description>
        <styleUrl>#intermediatePointStyle</styleUrl>
        <Point>
          <coordinates>-97.043479,32.894728,0</coordinates>
        </Point>
      </Placemark>
      <Placemark>
        <name>P104</name>
        <description>Intermediate connection point</description>
        <styleUrl>#intermediatePointStyle</styleUrl>
        <Point>
          <coordinates>-97.038916,32.901144,0</coordinates>
        </Point>
      </Placemark>
      <Placemark>
        <name>P39</name>
        <description>Intermediate connection point</description>
        <styleUrl>#intermediatePointStyle</styleUrl>
        <Point>
          <coordinates>-97.045841,32.907706,0</coordinates>
        </Point>
      </Placemark>
      <Placemark>
        <name>P22</name>
        <description>Intermediate connection point</description>
        <styleUrl>#intermediatePointStyle</styleUrl>
        <Point>
          <coordinates>-97.045977,32.904099,0</coordinates>
        </Point>
      </Placemark>
      <Placemark>
        <name>P42</name>
        <description>Intermediate connection point</description>
        <styleUrl>#intermediatePointStyle</styleUrl>
        <Point>
          <coordinates>-97.044914,32.907693,0</coordinates>
        </Point>
      </Placemark>
      <Placemark>
        <name>P167</name>
        <description>Intermediate connection point</description>
        <styleUrl>#intermediatePointStyle</styleUrl>
        <Point>
          <coordinates>-97.046176,32.898781,0</coordinates>
        </Point>
      </Placemark>
      <Placemark>
        <name>P83</name>
        <description>Intermediate connection point</description>
        <styleUrl>#intermediatePointStyle</styleUrl>
        <Point>
          <coordinates>-97.034535,32.904157,0</coordinates>
        </Point>
      </Placemark>
      <Placemark>
        <name>P11</name>
        <description>Intermediate connection point</description>
        <styleUrl>#intermediatePointStyle</styleUrl>
        <Point>
          <coordinates>-97.044005,32.901754,0</coordinates>
        </Point>
      </Placemark>
      <Placemark>
        <name>P134</name>
        <description>Intermediate connection point</description>
        <styleUrl>#intermediatePointStyle</styleUrl>
        <Point>
          <coordinates>-97.0379034,32.8944447,0</coordinates>
        </Point>
      </Placemark>
      <Placemark>
        <name>P158</name>
        <description>Intermediate connection point</description>
        <styleUrl>#intermediatePointStyle</styleUrl>
        <Point>
          <coordinates>-97.044256,32.900498,0</coordinates>
        </Point>
      </Placemark>
      <Placemark>
        <name>P16</name>
        <description>Intermediate connection point</description>
        <styleUrl>#intermediatePointStyle</styleUrl>
        <Point>
          <coordinates>-97.04521,32.9027,0</coordinates>
        </Point>
      </Placemark>
      <Placemark>
        <name>P7</name>
        <description>Intermediate connection point</description>
        <styleUrl>#intermediatePointStyle</styleUrl>
        <Point>
          <coordinates>-97.042852,32.901588,0</coordinates>
        </Point>
      </Placemark>
      <Placemark>
        <name>P80</name>
        <description>Intermediate connection point</description>
        <styleUrl>#intermediatePointStyle</styleUrl>
        <Point>
          <coordinates>-97.034724,32.903575,0</coordinates>
        </Point>
      </Placemark>
      <Placemark>
        <name>P136</name>
        <description>Intermediate connection point</description>
        <styleUrl>#intermediatePointStyle</styleUrl>
        <Point>
          <coordinates>-97.0385131,32.8944339,0</coordinates>
        </Point>
      </Placemark>
      <Placemark>
        <name>P50</name>
        <description>Intermediate connection point</description>
        <styleUrl>#intermediatePointStyle</styleUrl>
        <Point>
          <coordinates>-97.044403,32.907525,0</coordinates>
        </Point>
      </Placemark>
      <Placemark>
        <name>P214</name>
        <description>Intermediate connection point</description>
        <styleUrl>#intermediatePointStyle</styleUrl>
        <Point>
          <coordinates>-97.034649,32.886741,0</coordinates>
        </Point>
      </Placemark>
      <Placemark>
        <name>P162</name>
        <description>Intermediate connection point</description>
        <styleUrl>#intermediatePointStyle</styleUrl>
        <Point>
          <coordinates>-97.046178,32.900391,0</coordinates>
        </Point>
      </Placemark>
      <Placemark>
        <name>P53</name>
        <description>Intermediate connection point</description>
        <styleUrl>#intermediatePointStyle</styleUrl>
        <Point>
          <coordinates>-97.043529,32.907836,0</coordinates>
        </Point>
      </Placemark>
      <Placemark>
        <name>P202</name>
        <description>Intermediate connection point</description>
        <styleUrl>#intermediatePointStyle</styleUrl>
        <Point>
          <coordinates>-97.034449,32.889088,0</coordinates>
        </Point>
      </Placemark>
      <Placemark>
        <name>P112</name>
        <description>Intermediate connection point</description>
        <styleUrl>#intermediatePointStyle</styleUrl>
        <Point>
          <coordinates>-97.036621,32.900651,0</coordinates>
        </Point>
      </Placemark>
      <Placemark>
        <name>P107</name>
        <description>Intermediate connection point</description>
        <styleUrl>#intermediatePointStyle</styleUrl>
        <Point>
          <coordinates>-97.038221,32.900879,0</coordinates>
        </Point>
      </Placemark>
      <Placemark>
        <name>P117</name>
        <description>Intermediate connection point</description>
        <styleUrl>#intermediatePointStyle</styleUrl>
        <Point>
          <coordinates>-97.035087,32.899243,0</coordinates>
        </Point>
      </Placemark>
      <Placemark>
        <name>P181</name>
        <description>Intermediate connection point</description>
        <styleUrl>#intermediatePointStyle</styleUrl>
        <Point>
          <coordinates>-97.046198,32.89486,0</coordinates>
        </Point>
      </Placemark>
      <Placemark>
        <name>P144</name>
        <description>Intermediate connection point</description>
        <styleUrl>#intermediatePointStyle</styleUrl>
        <Point>
          <coordinates>-97.035082,32.89196,0</coordinates>
        </Point>
      </Placemark>
      <Placemark>
        <name>P90</name>
        <description>Intermediate connection point</description>
        <styleUrl>#intermediatePointStyle</styleUrl>
        <Point>
          <coordinates>-97.03504,32.906332,0</coordinates>
        </Point>
      </Placemark>
      <Placemark>
        <name>P96</name>
        <description>Intermediate connection point</description>
        <styleUrl>#intermediatePointStyle</styleUrl>
        <Point>
          <coordinates>-97.036411,32.907606,0</coordinates>
        </Point>
      </Placemark>
      <Placemark>
        <name>P178</name>
        <description>Intermediate connection point</description>
        <styleUrl>#intermediatePointStyle</styleUrl>
        <Point>
          <coordinates>-97.046184,32.895814,0</coordinates>
        </Point>
      </Placemark>
      <Placemark>
        <name>P94</name>
        <description>Intermediate connection point</description>
        <styleUrl>#intermediatePointStyle</styleUrl>
        <Point>
          <coordinates>-97.035645,32.907044,0</coordinates>
        </Point>
      </Placemark>
      <Placemark>
        <name>P70</name>
        <description>Intermediate connection point</description>
        <styleUrl>#intermediatePointStyle</styleUrl>
        <Point>
          <coordinates>-97.038231,32.901431,0</coordinates>
        </Point>
      </Placemark>
      <Placemark>
        <name>P59</name>
        <description>Intermediate connection point</description>
        <styleUrl>#intermediatePointStyle</styleUrl>
        <Point>
          <coordinates>-97.041899,32.908007,0</coordinates>
        </Point>
      </Placemark>
      <Placemark>
        <name>P38</name>
        <description>Intermediate connection point</description>
        <styleUrl>#intermediatePointStyle</styleUrl>
        <Point>
          <coordinates>-97.046176,32.907624,0</coordinates>
        </Point>
      </Placemark>
      <Placemark>
        <name>P54</name>
        <description>Intermediate connection point</description>
        <styleUrl>#intermediatePointStyle</styleUrl>
        <Point>
          <coordinates>-97.043158,32.907912,0</coordinates>
        </Point>
      </Placemark>
      <Placemark>
        <name>P25</name>
        <description>Intermediate connection point</description>
        <styleUrl>#intermediatePointStyle</styleUrl>
        <Point>
          <coordinates>-97.046077,32.904805,0</coordinates>
        </Point>
      </Placemark>
      <Placemark>
        <name>P40</name>
        <description>Intermediate connection point</description>
        <styleUrl>#intermediatePointStyle</styleUrl>
        <Point>
          <coordinates>-97.045553,32.907699,0</coordinates>
        </Point>
      </Placemark>
      <Placemark>
        <name>P72</name>
        <description>Intermediate connection point</description>
        <styleUrl>#intermediatePointStyle</styleUrl>
        <Point>
          <coordinates>-97.03727,32.901463,0</coordinates>
        </Point>
      </Placemark>
      <Placemark>
        <name>P101</name>
        <description>Intermediate connection point</description>
        <styleUrl>#intermediatePointStyle</styleUrl>
        <Point>
          <coordinates>-97.03843,32.907817,0</coordinates>
        </Point>
      </Placemark>
      <Placemark>
        <name>P177</name>
        <description>Intermediate connection point</description>
        <styleUrl>#intermediatePointStyle</styleUrl>
        <Point>
          <coordinates>-97.046196,32.89592,0</coordinates>
        </Point>
      </Placemark>
      <Placemark>
        <name>P123</name>
        <description>Intermediate connection point</description>
        <styleUrl>#intermediatePointStyle</styleUrl>
        <Point>
          <coordinates>-97.034436,32.897163,0</coordinates>
        </Point>
      </Placemark>
      <Placemark>
        <name>P200</name>
        <description>Intermediate connection point</description>
        <styleUrl>#intermediatePointStyle</styleUrl>
        <Point>
          <coordinates>-97.033733,32.889083,0</coordinates>
        </Point>
      </Placemark>
      <Placemark>
        <name>P24</name>
        <description>Intermediate connection point</description>
        <styleUrl>#intermediatePointStyle</styleUrl>
        <Point>
          <coordinates>-97.046078,32.904608,0</coordinates>
        </Point>
      </Placemark>
      <Placemark>
        <name>P51</name>
        <description>Intermediate connection point</description>
        <styleUrl>#intermediatePointStyle</styleUrl>
        <Point>
          <coordinates>-97.044219,32.907626,0</coordinates>
        </Point>
      </Placemark>
      <Placemark>
        <name>P69</name>
        <description>Intermediate connection point</description>
        <styleUrl>#intermediatePointStyle</styleUrl>
        <Point>
          <coordinates>-97.038628,32.901396,0</coordinates>
        </Point>
      </Placemark>
      <Placemark>
        <name>P133</name>
        <description>Intermediate connection point</description>
        <styleUrl>#intermediatePointStyle</styleUrl>
        <Point>
          <coordinates>-97.0374505,32.8944581,0</coordinates>
        </Point>
      </Placemark>
      <Placemark>
        <name>P111</name>
        <description>Intermediate connection point</description>
        <styleUrl>#intermediatePointStyle</styleUrl>
        <Point>
          <coordinates>-97.037169,32.900679,0</coordinates>
        </Point>
      </Placemark>
      <Placemark>
        <name>P141</name>
        <description>Intermediate connection point</description>
        <styleUrl>#intermediatePointStyle</styleUrl>
        <Point>
          <coordinates>-97.037042,32.893563,0</coordinates>
        </Point>
      </Placemark>
      <Placemark>
        <name>P155</name>
        <description>Intermediate connection point</description>
        <styleUrl>#intermediatePointStyle</styleUrl>
        <Point>
          <coordinates>-97.042541,32.900472,0</coordinates>
        </Point>
      </Placemark>
      <Placemark>
        <name>P67</name>
        <description>Intermediate connection point</description>
        <styleUrl>#intermediatePointStyle</styleUrl>
        <Point>
          <coordinates>-97.041736,32.901172,0</coordinates>
        </Point>
      </Placemark>
      <Placemark>
        <name>P95</name>
        <description>Intermediate connection point</description>
        <styleUrl>#intermediatePointStyle</styleUrl>
        <Point>
          <coordinates>-97.036013,32.907327,0</coordinates>
        </Point>
      </Placemark>
      <Placemark>
        <name>P173</name>
        <description>Intermediate connection point</description>
        <styleUrl>#intermediatePointStyle</styleUrl>
        <Point>
          <coordinates>-97.046177,32.897022,0</coordinates>
        </Point>
      </Placemark>
      <Placemark>
        <name>P149</name>
        <description>Intermediate connection point</description>
        <styleUrl>#intermediatePointStyle</styleUrl>
        <Point>
          <coordinates>-97.036259,32.887654,0</coordinates>
        </Point>
      </Placemark>
      <Placemark>
        <name>P43</name>
        <description>Intermediate connection point</description>
        <styleUrl>#intermediatePointStyle</styleUrl>
        <Point>
          <coordinates>-97.044572,32.907528,0</coordinates>
        </Point>
      </Placemark>
      <Placemark>
        <name>P125</name>
        <description>Intermediate connection point</description>
        <styleUrl>#intermediatePointStyle</styleUrl>
        <Point>
          <coordinates>-97.034745,32.896351,0</coordinates>
        </Point>
      </Placemark>
      <Placemark>
        <name>P142</name>
        <description>Intermediate connection point</description>
        <styleUrl>#intermediatePointStyle</styleUrl>
        <Point>
          <coordinates>-97.036505,32.893349,0</coordinates>
        </Point>
      </Placemark>
      <Placemark>
        <name>P208</name>
        <description>Intermediate connection point</description>
        <styleUrl>#intermediatePointStyle</styleUrl>
        <Point>
          <coordinates>-97.035276,32.887889,0</coordinates>
        </Point>
      </Placemark>
      <Placemark>
        <name>P146</name>
        <description>Intermediate connection point</description>
        <styleUrl>#intermediatePointStyle</styleUrl>
        <Point>
          <coordinates>-97.034776,32.891311,0</coordinates>
        </Point>
      </Placemark>
      <Placemark>
        <name>P201</name>
        <description>Intermediate connection point</description>
        <styleUrl>#intermediatePointStyle</styleUrl>
        <Point>
          <coordinates>-97.033856,32.889088,0</coordinates>
        </Point>
      </Placemark>
      <Placemark>
        <name>P81</name>
        <description>Intermediate connection point</description>
        <styleUrl>#intermediatePointStyle</styleUrl>
        <Point>
          <coordinates>-97.034627,32.903705,0</coordinates>
        </Point>
      </Placemark>
      <Placemark>
        <name>P74</name>
        <description>Intermediate connection point</description>
        <styleUrl>#intermediatePointStyle</styleUrl>
        <Point>
          <coordinates>-97.036388,32.901566,0</coordinates>
        </Point>
      </Placemark>
      <Placemark>
        <name>P175</name>
        <description>Intermediate connection point</description>
        <styleUrl>#intermediatePointStyle</styleUrl>
        <Point>
          <coordinates>-97.046196,32.896494,0</coordinates>
        </Point>
      </Placemark>
      <Placemark>
        <name>P195</name>
        <description>Intermediate connection point</description>
        <styleUrl>#intermediatePointStyle</styleUrl>
        <Point>
          <coordinates>-97.039622,32.89403,0</coordinates>
        </Point>
      </Placemark>
      <Placemark>
        <name>P121</name>
        <description>Intermediate connection point</description>
        <styleUrl>#intermediatePointStyle</styleUrl>
        <Point>
          <coordinates>-97.03456,32.897915,0</coordinates>
        </Point>
      </Placemark>
      <Placemark>
        <name>P122</name>
        <description>Intermediate connection point</description>
        <styleUrl>#intermediatePointStyle</styleUrl>
        <Point>
          <coordinates>-97.034479,32.897546,0</coordinates>
        </Point>
      </Placemark>
      <Placemark>
        <name>P58</name>
        <description>Intermediate connection point</description>
        <styleUrl>#intermediatePointStyle</styleUrl>
        <Point>
          <coordinates>-97.042243,32.908005,0</coordinates>
        </Point>
      </Placemark>
      <Placemark>
        <name>P68A</name>
        <description>Intermediate connection point</description>
        <styleUrl>#intermediatePointStyle</styleUrl>
        <Point>
          <coordinates>-97.039295,32.901158,0</coordinates>
        </Point>
      </Placemark>
      <Placemark>
        <name>P129</name>
        <description>Intermediate connection point</description>
        <styleUrl>#intermediatePointStyle</styleUrl>
        <Point>
          <coordinates>-97.035996,32.894917,0</coordinates>
        </Point>
      </Placemark>
      <Placemark>
        <name>P31</name>
        <description>Intermediate connection point</description>
        <styleUrl>#intermediatePointStyle</styleUrl>
        <Point>
          <coordinates>-97.04551,32.906351,0</coordinates>
        </Point>
      </Placemark>
      <Placemark>
        <name>P215</name>
        <description>Intermediate connection point</description>
        <styleUrl>#intermediatePointStyle</styleUrl>
        <Point>
          <coordinates>-97.034203,32.886897,0</coordinates>
        </Point>
      </Placemark>
      <Placemark>
        <name>P119</name>
        <description>Intermediate connection point</description>
        <styleUrl>#intermediatePointStyle</styleUrl>
        <Point>
          <coordinates>-97.034673,32.898453,0</coordinates>
        </Point>
      </Placemark>
      <Placemark>
        <name>P213</name>
        <description>Intermediate connection point</description>
        <styleUrl>#intermediatePointStyle</styleUrl>
        <Point>
          <coordinates>-97.03505,32.886757,0</coordinates>
        </Point>
      </Placemark>
      <Placemark>
        <name>P48</name>
        <description>Intermediate connection point</description>
        <styleUrl>#intermediatePointStyle</styleUrl>
        <Point>
          <coordinates>-97.044694,32.906687,0</coordinates>
        </Point>
      </Placemark>
      <Placemark>
        <name>P8</name>
        <description>Intermediate connection point</description>
        <styleUrl>#intermediatePointStyle</styleUrl>
        <Point>
          <coordinates>-97.043222,32.901636,0</coordinates>
        </Point>
      </Placemark>
      <Placemark>
        <name>P4</name>
        <description>Intermediate connection point</description>
        <styleUrl>#intermediatePointStyle</styleUrl>
        <Point>
          <coordinates>-97.042431,32.901577,0</coordinates>
        </Point>
      </Placemark>
      <Placemark>
        <name>P41</name>
        <description>Intermediate connection point</description>
        <styleUrl>#intermediatePointStyle</styleUrl>
        <Point>
          <coordinates>-97.045246,32.907688,0</coordinates>
        </Point>
      </Placemark>
      <Placemark>
        <name>P145</name>
        <description>Intermediate connection point</description>
        <styleUrl>#intermediatePointStyle</styleUrl>
        <Point>
          <coordinates>-97.034818,32.891454,0</coordinates>
        </Point>
      </Placemark>
      <Placemark>
        <name>P118</name>
        <description>Intermediate connection point</description>
        <styleUrl>#intermediatePointStyle</styleUrl>
        <Point>
          <coordinates>-97.034802,32.898942,0</coordinates>
        </Point>
      </Placemark>
      <Placemark>
        <name>P211</name>
        <description>Intermediate connection point</description>
        <styleUrl>#intermediatePointStyle</styleUrl>
        <Point>
          <coordinates>-97.035669,32.887354,0</coordinates>
        </Point>
      </Placemark>
      <Placemark>
        <name>P30</name>
        <description>Intermediate connection point</description>
        <styleUrl>#intermediatePointStyle</styleUrl>
        <Point>
          <coordinates>-97.045691,32.906098,0</coordinates>
        </Point>
      </Placemark>
      <Placemark>
        <name>P138</name>
        <description>Intermediate connection point</description>
        <styleUrl>#intermediatePointStyle</styleUrl>
        <Point>
          <coordinates>-97.039098,32.894309,0</coordinates>
        </Point>
      </Placemark>
      <Placemark>
        <name>P3</name>
        <description>Intermediate connection point</description>
        <styleUrl>#intermediatePointStyle</styleUrl>
        <Point>
          <coordinates>-97.042743,32.901488,0</coordinates>
        </Point>
      </Placemark>
      <Placemark>
        <name>P52</name>
        <description>Intermediate connection point</description>
        <styleUrl>#intermediatePointStyle</styleUrl>
        <Point>
          <coordinates>-97.043836,32.907757,0</coordinates>
        </Point>
      </Placemark>
      <Placemark>
        <name>P66A</name>
        <description>Intermediate connection point</description>
        <styleUrl>#intermediatePointStyle</styleUrl>
        <Point>
          <coordinates>-97.041655,32.902118,0</coordinates>
        </Point>
      </Placemark>
      <Placemark>
        <name>P159</name>
        <description>Intermediate connection point</description>
        <styleUrl>#intermediatePointStyle</styleUrl>
        <Point>
          <coordinates>-97.044968,32.900502,0</coordinates>
        </Point>
      </Placemark>
      <Placemark>
        <name>P56</name>
        <description>Intermediate connection point</description>
        <styleUrl>#intermediatePointStyle</styleUrl>
        <Point>
          <coordinates>-97.042662,32.907988,0</coordinates>
        </Point>
      </Placemark>
      <Placemark>
        <name>P152</name>
        <description>Intermediate connection point</description>
        <styleUrl>#intermediatePointStyle</styleUrl>
        <Point>
          <coordinates>-97.03768,32.887194,0</coordinates>
        </Point>
      </Placemark>
      <Placemark>
        <name>P147</name>
        <description>Intermediate connection point</description>
        <styleUrl>#intermediatePointStyle</styleUrl>
        <Point>
          <coordinates>-97.034722,32.890389,0</coordinates>
        </Point>
      </Placemark>
      <Placemark>
        <name>P143</name>
        <description>Intermediate connection point</description>
        <styleUrl>#intermediatePointStyle</styleUrl>
        <Point>
          <coordinates>-97.035477,32.892497,0</coordinates>
        </Point>
      </Placemark>
      <Placemark>
        <name>P140</name>
        <description>Intermediate connection point</description>
        <styleUrl>#intermediatePointStyle</styleUrl>
        <Point>
          <coordinates>-97.037536,32.893696,0</coordinates>
        </Point>
      </Placemark>
      <Placemark>
        <name>P165</name>
        <description>Intermediate connection point</description>
        <styleUrl>#intermediatePointStyle</styleUrl>
        <Point>
          <coordinates>-97.046174,32.899157,0</coordinates>
        </Point>
      </Placemark>
      <Placemark>
        <name>P87</name>
        <description>Intermediate connection point</description>
        <styleUrl>#intermediatePointStyle</styleUrl>
        <Point>
          <coordinates>-97.034559,32.905457,0</coordinates>
        </Point>
      </Placemark>
      <Placemark>
        <name>P45</name>
        <description>Intermediate connection point</description>
        <styleUrl>#intermediatePointStyle</styleUrl>
        <Point>
          <coordinates>-97.044494,32.906827,0</coordinates>
        </Point>
      </Placemark>
      <Placemark>
        <name>P190</name>
        <description>Intermediate connection point</description>
        <styleUrl>#intermediatePointStyle</styleUrl>
        <Point>
          <coordinates>-97.042886,32.894739,0</coordinates>
        </Point>
      </Placemark>
      <Placemark>
        <name>P71</name>
        <description>Intermediate connection point</description>
        <styleUrl>#intermediatePointStyle</styleUrl>
        <Point>
          <coordinates>-97.037718,32.901438,0</coordinates>
        </Point>
      </Placemark>
      <Placemark>
        <name>P216</name>
        <description>Intermediate connection point</description>
        <styleUrl>#intermediatePointStyle</styleUrl>
        <Point>
          <coordinates>-97.033971,32.887197,0</coordinates>
        </Point>
      </Placemark>
      <Placemark>
        <name>P196</name>
        <description>Intermediate connection point</description>
        <styleUrl>#intermediatePointStyle</styleUrl>
        <Point>
          <coordinates>-97.039292,32.89421,0</coordinates>
        </Point>
      </Placemark>
      <Placemark>
        <name>P187</name>
        <description>Intermediate connection point</description>
        <styleUrl>#intermediatePointStyle</styleUrl>
        <Point>
          <coordinates>-97.043998,32.894739,0</coordinates>
        </Point>
      </Placemark>
      <Placemark>
        <name>P186</name>
        <description>Intermediate connection point</description>
        <styleUrl>#intermediatePointStyle</styleUrl>
        <Point>
          <coordinates>-97.044578,32.894728,0</coordinates>
        </Point>
      </Placemark>
      <Placemark>
        <name>P105</name>
        <description>Intermediate connection point</description>
        <styleUrl>#intermediatePointStyle</styleUrl>
        <Point>
          <coordinates>-97.038932,32.900924,0</coordinates>
        </Point>
      </Placemark>
      <Placemark>
        <name>P19</name>
        <description>Intermediate connection point</description>
        <styleUrl>#intermediatePointStyle</styleUrl>
        <Point>
          <coordinates>-97.045701,32.90337,0</coordinates>
        </Point>
      </Placemark>
      <Placemark>
        <name>P300</name>
        <description>Intermediate connection point</description>
        <styleUrl>#intermediatePointStyle</styleUrl>
        <Point>
          <coordinates>-97.0343,32.90657,0</coordinates>
        </Point>
      </Placemark>
      <Placemark>
        <name>P301</name>
        <description>Intermediate connection point</description>
        <styleUrl>#intermediatePointStyle</styleUrl>
        <Point>
          <coordinates>-97.03428,32.90587,0</coordinates>
        </Point>
      </Placemark>
      <Placemark>
        <name>P302</name>
        <description>Intermediate connection point</description>
        <styleUrl>#intermediatePointStyle</styleUrl>
        <Point>
          <coordinates>-97.0354057,32.8945511,0</coordinates>
        </Point>
      </Placemark>
      <Placemark>
        <name>P303</name>
        <description>Intermediate connection point</description>
        <styleUrl>#intermediatePointStyle</styleUrl>
        <Point>
          <coordinates>-97.0348446,32.8953517,0</coordinates>
        </Point>
      </Placemark>
      <Placemark>
        <name>P304</name>
        <description>Intermediate connection point</description>
        <styleUrl>#intermediatePointStyle</styleUrl>
        <Point>
          <coordinates>-97.03489,32.89614,0</coordinates>
        </Point>
      </Placemark>
      <Placemark>
        <name>P305</name>
        <description>Intermediate connection point</description>
        <styleUrl>#intermediatePointStyle</styleUrl>
        <Point>
          <coordinates>-97.0353435,32.8947256,0</coordinates>
        </Point>
      </Placemark>
      <Placemark>
        <name>P306</name>
        <description>Intermediate connection point</description>
        <styleUrl>#intermediatePointStyle</styleUrl>
        <Point>
          <coordinates>-97.035095,32.8949815,0</coordinates>
        </Point>
      </Placemark>
      <Placemark>
        <name>P307</name>
        <description>Intermediate connection point</description>
        <styleUrl>#intermediatePointStyle</styleUrl>
        <Point>
          <coordinates>-97.0348966,32.8951482,0</coordinates>
        </Point>
      </Placemark>
      <Placemark>
        <name>P308</name>
        <description>Intermediate connection point</description>
        <styleUrl>#intermediatePointStyle</styleUrl>
        <Point>
          <coordinates>-97.0359245,32.8945375,0</coordinates>
        </Point>
      </Placemark>
    </Folder>
    <Folder>
      <name>Paths (Edges)</name>
      <Placemark>
        <name>9XCART ↔ D10</name>
        <description>Bidirectional path between 9XCART and D10</description>
        <styleUrl>#pathStyle</styleUrl>
        <LineString>
          <tessellate>1</tessellate>
          <coordinates>-97.04339,32.89569,0 -97.0432002,32.894959,0</coordinates>
        </LineString>
      </Placemark>
      <Placemark>
        <name>9XCART ↔ D10A</name>
        <description>Bidirectional path between 9XCART and D10A</description>
        <styleUrl>#pathStyle</styleUrl>
        <LineString>
          <tessellate>1</tessellate>
          <coordinates>-97.04339,32.89569,0 -97.0431265,32.8949917,0</coordinates>
        </LineString>
      </Placemark>
      <Placemark>
        <name>9XCART ↔ D10X</name>
        <description>Bidirectional path between 9XCART and D10X</description>
        <styleUrl>#pathStyle</styleUrl>
        <LineString>
          <tessellate>1</tessellate>
          <coordinates>-97.04339,32.89569,0 -97.043195,32.895047,0</coordinates>
        </LineString>
      </Placemark>
      <Placemark>
        <name>9XCART ↔ D10B</name>
        <description>Bidirectional path between 9XCART and D10B</description>
        <styleUrl>#pathStyle</styleUrl>
        <LineString>
          <tessellate>1</tessellate>
          <coordinates>-97.04339,32.89569,0 -97.0431265,32.8949196,0</coordinates>
        </LineString>
      </Placemark>
      <Placemark>
        <name>9XCART ↔ D-XFER</name>
        <description>Bidirectional path between 9XCART and D-XFER</description>
        <styleUrl>#pathStyle</styleUrl>
        <LineString>
          <tessellate>1</tessellate>
          <coordinates>-97.04339,32.89569,0 -97.042634,32.895766,0</coordinates>
        </LineString>
      </Placemark>
      <Placemark>
        <name>A8 ↔ A-LOW</name>
        <description>Bidirectional path between A8 and A-LOW</description>
        <styleUrl>#pathStyle</styleUrl>
        <LineString>
          <tessellate>1</tessellate>
          <coordinates>-97.036993,32.907538,0 -97.037084,32.90712,0</coordinates>
        </LineString>
      </Placemark>
      <Placemark>
        <name>A13 ↔ A-LOW</name>
        <description>Bidirectional path between A13 and A-LOW</description>
        <styleUrl>#pathStyle</styleUrl>
        <LineString>
          <tessellate>1</tessellate>
          <coordinates>-97.036993,32.907538,0 -97.037084,32.90712,0</coordinates>
        </LineString>
      </Placemark>
      <Placemark>
        <name>A15 ↔ CLAIMA15</name>
        <description>Bidirectional path between A15 and CLAIMA15</description>
        <styleUrl>#pathStyle</styleUrl>
        <LineString>
          <tessellate>1</tessellate>
          <coordinates>-97.036213,32.907116,0 -97.036726,32.906759,0</coordinates>
        </LineString>
      </Placemark>
      <Placemark>
        <name>A16 ↔ CLAIMA16</name>
        <description>Bidirectional path between A16 and CLAIMA16</description>
        <styleUrl>#pathStyle</styleUrl>
        <LineString>
          <tessellate>1</tessellate>
          <coordinates>-97.035879,32.906801,0 -97.036215,32.90639,0</coordinates>
        </LineString>
      </Placemark>
      <Placemark>
        <name>A16 ↔ CLAIMA17</name>
        <description>Bidirectional path between A16 and CLAIMA17</description>
        <styleUrl>#pathStyle</styleUrl>
        <LineString>
          <tessellate>1</tessellate>
          <coordinates>-97.035879,32.906801,0 -97.036215,32.90639,0</coordinates>
        </LineString>
      </Placemark>
      <Placemark>
        <name>A28 ↔ CLAIMA28</name>
        <description>Bidirectional path between A28 and CLAIMA28</description>
        <styleUrl>#pathStyle</styleUrl>
        <LineString>
          <tessellate>1</tessellate>
          <coordinates>-97.035457,32.902951,0 -97.036541,32.902805,0</coordinates>
        </LineString>
      </Placemark>
      <Placemark>
        <name>A29 ↔ CLAIMA29</name>
        <description>Bidirectional path between A29 and CLAIMA29</description>
        <styleUrl>#pathStyle</styleUrl>
        <LineString>
          <tessellate>1</tessellate>
          <coordinates>-97.035721,32.902577,0 -97.036541,32.902805,0</coordinates>
        </LineString>
      </Placemark>
      <Placemark>
        <name>A39 ↔ BAGRMA</name>
        <description>Bidirectional path between A39 and BAGRMA</description>
        <styleUrl>#pathStyle</styleUrl>
        <LineString>
          <tessellate>1</tessellate>
          <coordinates>-97.038724,32.901669,0 -97.038542,32.902019,0</coordinates>
        </LineString>
      </Placemark>
      <Placemark>
        <name>A4 ↔ P103</name>
        <description>Bidirectional path between A4 and P103</description>
        <styleUrl>#pathStyle</styleUrl>
        <LineString>
          <tessellate>1</tessellate>
          <coordinates>-97.038844,32.907835,0 -97.038543,32.908148,0</coordinates>
        </LineString>
      </Placemark>
      <Placemark>
        <name>B10 ↔ B10A</name>
        <description>Bidirectional path between B10 and B10A</description>
        <styleUrl>#pathStyle</styleUrl>
        <LineString>
          <tessellate>1</tessellate>
          <coordinates>-97.044067,32.902136,0 -97.044067,32.902136,0</coordinates>
        </LineString>
      </Placemark>
      <Placemark>
        <name>B10 ↔ P12</name>
        <description>Bidirectional path between B10 and P12</description>
        <styleUrl>#pathStyle</styleUrl>
        <LineString>
          <tessellate>1</tessellate>
          <coordinates>-97.044067,32.902136,0 -97.044315,32.901967,0</coordinates>
        </LineString>
      </Placemark>
      <Placemark>
        <name>B12 ↔ B12A</name>
        <description>Bidirectional path between B12 and B12A</description>
        <styleUrl>#pathStyle</styleUrl>
        <LineString>
          <tessellate>1</tessellate>
          <coordinates>-97.044799,32.902643,0 -97.044799,32.902643,0</coordinates>
        </LineString>
      </Placemark>
      <Placemark>
        <name>B12 ↔ P15</name>
        <description>Bidirectional path between B12 and P15</description>
        <styleUrl>#pathStyle</styleUrl>
        <LineString>
          <tessellate>1</tessellate>
          <coordinates>-97.044799,32.902643,0 -97.045007,32.902512,0</coordinates>
        </LineString>
      </Placemark>
      <Placemark>
        <name>B21 ↔ P25</name>
        <description>Bidirectional path between B21 and P25</description>
        <styleUrl>#pathStyle</styleUrl>
        <LineString>
          <tessellate>1</tessellate>
          <coordinates>-97.045854,32.904812,0 -97.046077,32.904805,0</coordinates>
        </LineString>
      </Placemark>
      <Placemark>
        <name>B29 ↔ P49</name>
        <description>Bidirectional path between B29 and P49</description>
        <styleUrl>#pathStyle</styleUrl>
        <LineString>
          <tessellate>1</tessellate>
          <coordinates>-97.044711,32.906601,0 -97.045063,32.906685,0</coordinates>
        </LineString>
      </Placemark>
      <Placemark>
        <name>B39A ↔ B39</name>
        <description>Bidirectional path between B39A and B39</description>
        <styleUrl>#pathStyle</styleUrl>
        <LineString>
          <tessellate>1</tessellate>
          <coordinates>-97.046197,32.907316,0 -97.046197,32.907316,0</coordinates>
        </LineString>
      </Placemark>
      <Placemark>
        <name>B39A ↔ P37</name>
        <description>Bidirectional path between B39A and P37</description>
        <styleUrl>#pathStyle</styleUrl>
        <LineString>
          <tessellate>1</tessellate>
          <coordinates>-97.046197,32.907316,0 -97.046369,32.907374,0</coordinates>
        </LineString>
      </Placemark>
      <Placemark>
        <name>B4 ↔ B5</name>
        <description>Bidirectional path between B4 and B5</description>
        <styleUrl>#pathStyle</styleUrl>
        <LineString>
          <tessellate>1</tessellate>
          <coordinates>-97.042431,32.901757,0 -97.042431,32.901757,0</coordinates>
        </LineString>
      </Placemark>
      <Placemark>
        <name>B4 ↔ P4</name>
        <description>Bidirectional path between B4 and P4</description>
        <styleUrl>#pathStyle</styleUrl>
        <LineString>
          <tessellate>1</tessellate>
          <coordinates>-97.042431,32.901757,0 -97.042431,32.901577,0</coordinates>
        </LineString>
      </Placemark>
      <Placemark>
        <name>B4A ↔ B5</name>
        <description>Bidirectional path between B4A and B5</description>
        <styleUrl>#pathStyle</styleUrl>
        <LineString>
          <tessellate>1</tessellate>
          <coordinates>-97.042431,32.901757,0 -97.042431,32.901757,0</coordinates>
        </LineString>
      </Placemark>
      <Placemark>
        <name>B4A ↔ P4</name>
        <description>Bidirectional path between B4A and P4</description>
        <styleUrl>#pathStyle</styleUrl>
        <LineString>
          <tessellate>1</tessellate>
          <coordinates>-97.042431,32.901757,0 -97.042431,32.901577,0</coordinates>
        </LineString>
      </Placemark>
      <Placemark>
        <name>B4B ↔ B5</name>
        <description>Bidirectional path between B4B and B5</description>
        <styleUrl>#pathStyle</styleUrl>
        <LineString>
          <tessellate>1</tessellate>
          <coordinates>-97.042431,32.901757,0 -97.042431,32.901757,0</coordinates>
        </LineString>
      </Placemark>
      <Placemark>
        <name>B4B ↔ P4</name>
        <description>Bidirectional path between B4B and P4</description>
        <styleUrl>#pathStyle</styleUrl>
        <LineString>
          <tessellate>1</tessellate>
          <coordinates>-97.042431,32.901757,0 -97.042431,32.901577,0</coordinates>
        </LineString>
      </Placemark>
      <Placemark>
        <name>B6 ↔ P6</name>
        <description>Bidirectional path between B6 and P6</description>
        <styleUrl>#pathStyle</styleUrl>
        <LineString>
          <tessellate>1</tessellate>
          <coordinates>-97.042703,32.901823,0 -97.042591,32.901628,0</coordinates>
        </LineString>
      </Placemark>
      <Placemark>
        <name>B9 ↔ B9A</name>
        <description>Bidirectional path between B9 and B9A</description>
        <styleUrl>#pathStyle</styleUrl>
        <LineString>
          <tessellate>1</tessellate>
          <coordinates>-97.043422,32.901951,0 -97.043422,32.901951,0</coordinates>
        </LineString>
      </Placemark>
      <Placemark>
        <name>B9 ↔ P9</name>
        <description>Bidirectional path between B9 and P9</description>
        <styleUrl>#pathStyle</styleUrl>
        <LineString>
          <tessellate>1</tessellate>
          <coordinates>-97.043422,32.901951,0 -97.043529,32.901653,0</coordinates>
        </LineString>
      </Placemark>
      <Placemark>
        <name>P132 ↔ P133</name>
        <description>Bidirectional path between P132 and P133</description>
        <styleUrl>#pathStyle</styleUrl>
        <LineString>
          <tessellate>1</tessellate>
          <coordinates>-97.0369141,32.8944786,0 -97.0374505,32.8944581,0</coordinates>
        </LineString>
      </Placemark>
      <Placemark>
        <name>P303 ↔ P304</name>
        <description>Bidirectional path between P303 and P304</description>
        <styleUrl>#pathStyle</styleUrl>
        <LineString>
          <tessellate>1</tessellate>
          <coordinates>-97.0348446,32.8953517,0 -97.03489,32.89614,0</coordinates>
        </LineString>
      </Placemark>
      <Placemark>
        <name>P303 ↔ C28</name>
        <description>Bidirectional path between P303 and C28</description>
        <styleUrl>#pathStyle</styleUrl>
        <LineString>
          <tessellate>1</tessellate>
          <coordinates>-97.0348446,32.8953517,0 -97.0346851,32.8952402,0</coordinates>
        </LineString>
      </Placemark>
      <Placemark>
        <name>P305 ↔ P302</name>
        <description>Bidirectional path between P305 and P302</description>
        <styleUrl>#pathStyle</styleUrl>
        <LineString>
          <tessellate>1</tessellate>
          <coordinates>-97.0353435,32.8947256,0 -97.0354057,32.8945511,0</coordinates>
        </LineString>
      </Placemark>
      <Placemark>
        <name>P302 ↔ C31</name>
        <description>Bidirectional path between P302 and C31</description>
        <styleUrl>#pathStyle</styleUrl>
        <LineString>
          <tessellate>1</tessellate>
          <coordinates>-97.0354057,32.8945511,0 -97.0353428,32.8944076,0</coordinates>
        </LineString>
      </Placemark>
      <Placemark>
        <name>P305 ↔ P306</name>
        <description>Bidirectional path between P305 and P306</description>
        <styleUrl>#pathStyle</styleUrl>
        <LineString>
          <tessellate>1</tessellate>
          <coordinates>-97.0353435,32.8947256,0 -97.035095,32.8949815,0</coordinates>
        </LineString>
      </Placemark>
      <Placemark>
        <name>P306 ↔ C30</name>
        <description>Bidirectional path between P306 and C30</description>
        <styleUrl>#pathStyle</styleUrl>
        <LineString>
          <tessellate>1</tessellate>
          <coordinates>-97.035095,32.8949815,0 -97.0349783,32.8946796,0</coordinates>
        </LineString>
      </Placemark>
      <Placemark>
        <name>P306 ↔ P307</name>
        <description>Bidirectional path between P306 and P307</description>
        <styleUrl>#pathStyle</styleUrl>
        <LineString>
          <tessellate>1</tessellate>
          <coordinates>-97.035095,32.8949815,0 -97.0348966,32.8951482,0</coordinates>
        </LineString>
      </Placemark>
      <Placemark>
        <name>P307 ↔ C29</name>
        <description>Bidirectional path between P307 and C29</description>
        <styleUrl>#pathStyle</styleUrl>
        <LineString>
          <tessellate>1</tessellate>
          <coordinates>-97.0348966,32.8951482,0 -97.0347299,32.894977,0</coordinates>
        </LineString>
      </Placemark>
      <Placemark>
        <name>P307 ↔ P303</name>
        <description>Bidirectional path between P307 and P303</description>
        <styleUrl>#pathStyle</styleUrl>
        <LineString>
          <tessellate>1</tessellate>
          <coordinates>-97.0348966,32.8951482,0 -97.0348446,32.8953517,0</coordinates>
        </LineString>
      </Placemark>
      <Placemark>
        <name>P126 ↔ P304</name>
        <description>Bidirectional path between P126 and P304</description>
        <styleUrl>#pathStyle</styleUrl>
        <LineString>
          <tessellate>1</tessellate>
          <coordinates>-97.035046,32.895971,0 -97.03489,32.89614,0</coordinates>
        </LineString>
      </Placemark>
      <Placemark>
        <name>P304 ↔ P125</name>
        <description>Bidirectional path between P304 and P125</description>
        <styleUrl>#pathStyle</styleUrl>
        <LineString>
          <tessellate>1</tessellate>
          <coordinates>-97.03489,32.89614,0 -97.034745,32.896351,0</coordinates>
        </LineString>
      </Placemark>
      <Placemark>
        <name>BAGRMA ↔ A-HIGH</name>
        <description>Bidirectional path between BAGRMA and A-HIGH</description>
        <styleUrl>#pathStyle</styleUrl>
        <LineString>
          <tessellate>1</tessellate>
          <coordinates>-97.038542,32.902019,0 -97.038542,32.902019,0</coordinates>
        </LineString>
      </Placemark>
      <Placemark>
        <name>BAGRMB ↔ CLAIMB29</name>
        <description>Bidirectional path between BAGRMB and CLAIMB29</description>
        <styleUrl>#pathStyle</styleUrl>
        <LineString>
          <tessellate>1</tessellate>
          <coordinates>-97.04491,32.90587,0 -97.044694,32.906348,0</coordinates>
        </LineString>
      </Placemark>
      <Placemark>
        <name>BAGRMB4 ↔ B4</name>
        <description>Bidirectional path between BAGRMB4 and B4</description>
        <styleUrl>#pathStyle</styleUrl>
        <LineString>
          <tessellate>1</tessellate>
          <coordinates>-97.042107,32.90201,0 -97.042431,32.901757,0</coordinates>
        </LineString>
      </Placemark>
      <Placemark>
        <name>BAGRMD ↔ D-LOW</name>
        <description>Bidirectional path between BAGRMD and D-LOW</description>
        <styleUrl>#pathStyle</styleUrl>
        <LineString>
          <tessellate>1</tessellate>
          <coordinates>-97.042468,32.89556,0 -97.042468,32.89556,0</coordinates>
        </LineString>
      </Placemark>
      <Placemark>
        <name>BAGRME ↔ P149</name>
        <description>Bidirectional path between BAGRME and P149</description>
        <styleUrl>#pathStyle</styleUrl>
        <LineString>
          <tessellate>1</tessellate>
          <coordinates>-97.03788,32.88789,0 -97.036259,32.887654,0</coordinates>
        </LineString>
      </Placemark>
      <Placemark>
        <name>C10 ↔ C-LOW</name>
        <description>Bidirectional path between C10 and C-LOW</description>
        <styleUrl>#pathStyle</styleUrl>
        <LineString>
          <tessellate>1</tessellate>
          <coordinates>-97.036389,32.90016,0 -97.036514,32.899723,0</coordinates>
        </LineString>
      </Placemark>
      <Placemark>
        <name>C12 ↔ CLAIMC12</name>
        <description>Bidirectional path between C12 and CLAIMC12</description>
        <styleUrl>#pathStyle</styleUrl>
        <LineString>
          <tessellate>1</tessellate>
          <coordinates>-97.035814,32.899661,0 -97.036308,32.899135,0</coordinates>
        </LineString>
      </Placemark>
      <Placemark>
        <name>C15 ↔ CLAIMC15</name>
        <description>Bidirectional path between C15 and CLAIMC15</description>
        <styleUrl>#pathStyle</styleUrl>
        <LineString>
          <tessellate>1</tessellate>
          <coordinates>-97.035329,32.899056,0 -97.036098,32.898716,0</coordinates>
        </LineString>
      </Placemark>
      <Placemark>
        <name>C18 ↔ BAGRMC</name>
        <description>Bidirectional path between C18 and BAGRMC</description>
        <styleUrl>#pathStyle</styleUrl>
        <LineString>
          <tessellate>1</tessellate>
          <coordinates>-97.035128,32.898283,0 -97.035438,32.898144,0</coordinates>
        </LineString>
      </Placemark>
      <Placemark>
        <name>C18 ↔ C-MID</name>
        <description>Bidirectional path between C18 and C-MID</description>
        <styleUrl>#pathStyle</styleUrl>
        <LineString>
          <tessellate>1</tessellate>
          <coordinates>-97.035128,32.898283,0 -97.035438,32.898144,0</coordinates>
        </LineString>
      </Placemark>
      <Placemark>
        <name>C18 ↔ P120</name>
        <description>Bidirectional path between C18 and P120</description>
        <styleUrl>#pathStyle</styleUrl>
        <LineString>
          <tessellate>1</tessellate>
          <coordinates>-97.035128,32.898283,0 -97.034651,32.898316,0</coordinates>
        </LineString>
      </Placemark>
      <Placemark>
        <name>C19 ↔ BAGRMC</name>
        <description>Bidirectional path between C19 and BAGRMC</description>
        <styleUrl>#pathStyle</styleUrl>
        <LineString>
          <tessellate>1</tessellate>
          <coordinates>-97.034999,32.898153,0 -97.035438,32.898144,0</coordinates>
        </LineString>
      </Placemark>
      <Placemark>
        <name>C19 ↔ C-MID</name>
        <description>Bidirectional path between C19 and C-MID</description>
        <styleUrl>#pathStyle</styleUrl>
        <LineString>
          <tessellate>1</tessellate>
          <coordinates>-97.034999,32.898153,0 -97.035438,32.898144,0</coordinates>
        </LineString>
      </Placemark>
      <Placemark>
        <name>C25 ↔ CLAIMC25</name>
        <description>Bidirectional path between C25 and CLAIMC25</description>
        <styleUrl>#pathStyle</styleUrl>
        <LineString>
          <tessellate>1</tessellate>
          <coordinates>-97.035096,32.896616,0 -97.035929,32.89692,0</coordinates>
        </LineString>
      </Placemark>
      <Placemark>
        <name>C25 ↔ P125</name>
        <description>Bidirectional path between C25 and P125</description>
        <styleUrl>#pathStyle</styleUrl>
        <LineString>
          <tessellate>1</tessellate>
          <coordinates>-97.035096,32.896616,0 -97.034745,32.896351,0</coordinates>
        </LineString>
      </Placemark>
      <Placemark>
        <name>C26 ↔ CLAIMC26</name>
        <description>Bidirectional path between C26 and CLAIMC26</description>
        <styleUrl>#pathStyle</styleUrl>
        <LineString>
          <tessellate>1</tessellate>
          <coordinates>-97.035002,32.896427,0 -97.035959,32.896698,0</coordinates>
        </LineString>
      </Placemark>
      <Placemark>
        <name>P128 ↔ C-HIGH</name>
        <description>Bidirectional path between P128 and C-HIGH</description>
        <styleUrl>#pathStyle</styleUrl>
        <LineString>
          <tessellate>1</tessellate>
          <coordinates>-97.035701,32.895297,0 -97.036141,32.895647,0</coordinates>
        </LineString>
      </Placemark>
      <Placemark>
        <name>C3 ↔ P107</name>
        <description>Bidirectional path between C3 and P107</description>
        <styleUrl>#pathStyle</styleUrl>
        <LineString>
          <tessellate>1</tessellate>
          <coordinates>-97.038324,32.900416,0 -97.038221,32.900879,0</coordinates>
        </LineString>
      </Placemark>
      <Placemark>
        <name>P129 ↔ CLAIMC31</name>
        <description>Bidirectional path between P129 and CLAIMC31</description>
        <styleUrl>#pathStyle</styleUrl>
        <LineString>
          <tessellate>1</tessellate>
          <coordinates>-97.035996,32.894917,0 -97.037162,32.895388,0</coordinates>
        </LineString>
      </Placemark>
      <Placemark>
        <name>C4 ↔ CLAIMC4</name>
        <description>Bidirectional path between C4 and CLAIMC4</description>
        <styleUrl>#pathStyle</styleUrl>
        <LineString>
          <tessellate>1</tessellate>
          <coordinates>-97.038238,32.90059,0 -97.038595,32.899892,0</coordinates>
        </LineString>
      </Placemark>
      <Placemark>
        <name>CLAIMB29 ↔ CLAIMB30</name>
        <description>Bidirectional path between CLAIMB29 and CLAIMB30</description>
        <styleUrl>#pathStyle</styleUrl>
        <LineString>
          <tessellate>1</tessellate>
          <coordinates>-97.044694,32.906348,0 -97.044495,32.90649,0</coordinates>
        </LineString>
      </Placemark>
      <Placemark>
        <name>CLAIMB29 ↔ P47</name>
        <description>Bidirectional path between CLAIMB29 and P47</description>
        <styleUrl>#pathStyle</styleUrl>
        <LineString>
          <tessellate>1</tessellate>
          <coordinates>-97.044694,32.906348,0 -97.044513,32.906664,0</coordinates>
        </LineString>
      </Placemark>
      <Placemark>
        <name>CLAIMB29 ↔ P48</name>
        <description>Bidirectional path between CLAIMB29 and P48</description>
        <styleUrl>#pathStyle</styleUrl>
        <LineString>
          <tessellate>1</tessellate>
          <coordinates>-97.044694,32.906348,0 -97.044694,32.906687,0</coordinates>
        </LineString>
      </Placemark>
      <Placemark>
        <name>CLAIMB5 ↔ B5</name>
        <description>Bidirectional path between CLAIMB5 and B5</description>
        <styleUrl>#pathStyle</styleUrl>
        <LineString>
          <tessellate>1</tessellate>
          <coordinates>-97.042354,32.902113,0 -97.042431,32.901757,0</coordinates>
        </LineString>
      </Placemark>
      <Placemark>
        <name>CLAIMD ↔ CUSTOMS</name>
        <description>Bidirectional path between CLAIMD and CUSTOMS</description>
        <styleUrl>#pathStyle</styleUrl>
        <LineString>
          <tessellate>1</tessellate>
          <coordinates>-97.044967,32.89563,0 -97.04407,32.89617,0</coordinates>
        </LineString>
      </Placemark>
      <Placemark>
        <name>CLAIMD ↔ TSAD</name>
        <description>Bidirectional path between CLAIMD and TSAD</description>
        <styleUrl>#pathStyle</styleUrl>
        <LineString>
          <tessellate>1</tessellate>
          <coordinates>-97.044967,32.89563,0 -97.04441,32.89718,0</coordinates>
        </LineString>
      </Placemark>
      <Placemark>
        <name>CLAIME38 ↔ E36</name>
        <description>Bidirectional path between CLAIME38 and E36</description>
        <styleUrl>#pathStyle</styleUrl>
        <LineString>
          <tessellate>1</tessellate>
          <coordinates>-97.037953,32.887957,0 -97.037735,32.887396,0</coordinates>
        </LineString>
      </Placemark>
      <Placemark>
        <name>CUSTOMS ↔ TSAD</name>
        <description>Bidirectional path between CUSTOMS and TSAD</description>
        <styleUrl>#pathStyle</styleUrl>
        <LineString>
          <tessellate>1</tessellate>
          <coordinates>-97.04407,32.89617,0 -97.04441,32.89718,0</coordinates>
        </LineString>
      </Placemark>
      <Placemark>
        <name>D1 ↔ P194</name>
        <description>Bidirectional path between D1 and P194</description>
        <styleUrl>#pathStyle</styleUrl>
        <LineString>
          <tessellate>1</tessellate>
          <coordinates>-97.0426467,32.8926085,0 -97.041776,32.89402,0</coordinates>
        </LineString>
      </Placemark>
      <Placemark>
        <name>D1 ↔ P194A</name>
        <description>Bidirectional path between D1 and P194A</description>
        <styleUrl>#pathStyle</styleUrl>
        <LineString>
          <tessellate>1</tessellate>
          <coordinates>-97.0426467,32.8926085,0 -97.041768,32.89474,0</coordinates>
        </LineString>
      </Placemark>
      <Placemark>
        <name>D10 ↔ D10A</name>
        <description>Bidirectional path between D10 and D10A</description>
        <styleUrl>#pathStyle</styleUrl>
        <LineString>
          <tessellate>1</tessellate>
          <coordinates>-97.0432002,32.894959,0 -97.0431265,32.8949917,0</coordinates>
        </LineString>
      </Placemark>
      <Placemark>
        <name>D10 ↔ D10X</name>
        <description>Bidirectional path between D10 and D10X</description>
        <styleUrl>#pathStyle</styleUrl>
        <LineString>
          <tessellate>1</tessellate>
          <coordinates>-97.0432002,32.894959,0 -97.043195,32.895047,0</coordinates>
        </LineString>
      </Placemark>
      <Placemark>
        <name>D10 ↔ D10B</name>
        <description>Bidirectional path between D10 and D10B</description>
        <styleUrl>#pathStyle</styleUrl>
        <LineString>
          <tessellate>1</tessellate>
          <coordinates>-97.0432002,32.894959,0 -97.0431265,32.8949196,0</coordinates>
        </LineString>
      </Placemark>
      <Placemark>
        <name>D11 ↔ D11A</name>
        <description>Bidirectional path between D11 and D11A</description>
        <styleUrl>#pathStyle</styleUrl>
        <LineString>
          <tessellate>1</tessellate>
          <coordinates>-97.0436763,32.8950593,0 -97.0437662,32.8951786,0</coordinates>
        </LineString>
      </Placemark>
      <Placemark>
        <name>D12 ↔ D12A</name>
        <description>Bidirectional path between D12 and D12A</description>
        <styleUrl>#pathStyle</styleUrl>
        <LineString>
          <tessellate>1</tessellate>
          <coordinates>-97.0440961,32.8950975,0 -97.0442195,32.8950503,0</coordinates>
        </LineString>
      </Placemark>
      <Placemark>
        <name>D12 ↔ D12B</name>
        <description>Bidirectional path between D12 and D12B</description>
        <styleUrl>#pathStyle</styleUrl>
        <LineString>
          <tessellate>1</tessellate>
          <coordinates>-97.0440961,32.8950975,0 -97.0440196,32.895066,0</coordinates>
        </LineString>
      </Placemark>
      <Placemark>
        <name>D12A ↔ D12B</name>
        <description>Bidirectional path between D12A and D12B</description>
        <styleUrl>#pathStyle</styleUrl>
        <LineString>
          <tessellate>1</tessellate>
          <coordinates>-97.0442195,32.8950503,0 -97.0440196,32.895066,0</coordinates>
        </LineString>
      </Placemark>
      <Placemark>
        <name>D14 ↔ D14A</name>
        <description>Bidirectional path between D14 and D14A</description>
        <styleUrl>#pathStyle</styleUrl>
        <LineString>
          <tessellate>1</tessellate>
          <coordinates>-97.0446499,32.8949433,0 -97.0445306,32.8949602,0</coordinates>
        </LineString>
      </Placemark>
      <Placemark>
        <name>D14 ↔ D14X</name>
        <description>Bidirectional path between D14 and D14X</description>
        <styleUrl>#pathStyle</styleUrl>
        <LineString>
          <tessellate>1</tessellate>
          <coordinates>-97.0446499,32.8949433,0 -97.044761,32.895111,0</coordinates>
        </LineString>
      </Placemark>
      <Placemark>
        <name>D15 ↔ BAGRMD2</name>
        <description>Bidirectional path between D15 and BAGRMD2</description>
        <styleUrl>#pathStyle</styleUrl>
        <LineString>
          <tessellate>1</tessellate>
          <coordinates>-97.0452092,32.8950885,0 -97.044967,32.89563,0</coordinates>
        </LineString>
      </Placemark>
      <Placemark>
        <name>D15 ↔ CLAIMD</name>
        <description>Bidirectional path between D15 and CLAIMD</description>
        <styleUrl>#pathStyle</styleUrl>
        <LineString>
          <tessellate>1</tessellate>
          <coordinates>-97.0452092,32.8950885,0 -97.044967,32.89563,0</coordinates>
        </LineString>
      </Placemark>
      <Placemark>
        <name>D15 ↔ D15A</name>
        <description>Bidirectional path between D15 and D15A</description>
        <styleUrl>#pathStyle</styleUrl>
        <LineString>
          <tessellate>1</tessellate>
          <coordinates>-97.0452092,32.8950885,0 -97.045228,32.8950615,0</coordinates>
        </LineString>
      </Placemark>
      <Placemark>
        <name>D15 ↔ D15X</name>
        <description>Bidirectional path between D15 and D15X</description>
        <styleUrl>#pathStyle</styleUrl>
        <LineString>
          <tessellate>1</tessellate>
          <coordinates>-97.0452092,32.8950885,0 -97.045204,32.895037,0</coordinates>
        </LineString>
      </Placemark>
      <Placemark>
        <name>D15 ↔ D15B</name>
        <description>Bidirectional path between D15 and D15B</description>
        <styleUrl>#pathStyle</styleUrl>
        <LineString>
          <tessellate>1</tessellate>
          <coordinates>-97.0452092,32.8950885,0 -97.0452427,32.8950457,0</coordinates>
        </LineString>
      </Placemark>
      <Placemark>
        <name>D17X ↔ D17</name>
        <description>Bidirectional path between D17X and D17</description>
        <styleUrl>#pathStyle</styleUrl>
        <LineString>
          <tessellate>1</tessellate>
          <coordinates>-97.045915,32.895406,0 -97.045915,32.895406,0</coordinates>
        </LineString>
      </Placemark>
      <Placemark>
        <name>D17X ↔ P179</name>
        <description>Bidirectional path between D17X and P179</description>
        <styleUrl>#pathStyle</styleUrl>
        <LineString>
          <tessellate>1</tessellate>
          <coordinates>-97.045915,32.895406,0 -97.046193,32.895353,0</coordinates>
        </LineString>
      </Placemark>
      <Placemark>
        <name>D1X ↔ P194</name>
        <description>Bidirectional path between D1X and P194</description>
        <styleUrl>#pathStyle</styleUrl>
        <LineString>
          <tessellate>1</tessellate>
          <coordinates>-97.0426413,32.892836,0 -97.041776,32.89402,0</coordinates>
        </LineString>
      </Placemark>
      <Placemark>
        <name>D1X ↔ P194A</name>
        <description>Bidirectional path between D1X and P194A</description>
        <styleUrl>#pathStyle</styleUrl>
        <LineString>
          <tessellate>1</tessellate>
          <coordinates>-97.0426413,32.892836,0 -97.041768,32.89474,0</coordinates>
        </LineString>
      </Placemark>
      <Placemark>
        <name>D2 ↔ P194</name>
        <description>Bidirectional path between D2 and P194</description>
        <styleUrl>#pathStyle</styleUrl>
        <LineString>
          <tessellate>1</tessellate>
          <coordinates>-97.0428184,32.8930196,0 -97.041776,32.89402,0</coordinates>
        </LineString>
      </Placemark>
      <Placemark>
        <name>D2 ↔ P194A</name>
        <description>Bidirectional path between D2 and P194A</description>
        <styleUrl>#pathStyle</styleUrl>
        <LineString>
          <tessellate>1</tessellate>
          <coordinates>-97.0428184,32.8930196,0 -97.041768,32.89474,0</coordinates>
        </LineString>
      </Placemark>
      <Placemark>
        <name>D21 ↔ CLAIMD16</name>
        <description>Bidirectional path between D21 and CLAIMD16</description>
        <styleUrl>#pathStyle</styleUrl>
        <LineString>
          <tessellate>1</tessellate>
          <coordinates>-97.045835,32.896525,0 -97.044442,32.896269,0</coordinates>
        </LineString>
      </Placemark>
      <Placemark>
        <name>D24 ↔ P169</name>
        <description>Bidirectional path between D24 and P169</description>
        <styleUrl>#pathStyle</styleUrl>
        <LineString>
          <tessellate>1</tessellate>
          <coordinates>-97.045835,32.898134,0 -97.04619,32.898247,0</coordinates>
        </LineString>
      </Placemark>
      <Placemark>
        <name>D2X ↔ P194</name>
        <description>Bidirectional path between D2X and P194</description>
        <styleUrl>#pathStyle</styleUrl>
        <LineString>
          <tessellate>1</tessellate>
          <coordinates>-97.0426963,32.8930038,0 -97.041776,32.89402,0</coordinates>
        </LineString>
      </Placemark>
      <Placemark>
        <name>D2X ↔ P194A</name>
        <description>Bidirectional path between D2X and P194A</description>
        <styleUrl>#pathStyle</styleUrl>
        <LineString>
          <tessellate>1</tessellate>
          <coordinates>-97.0426963,32.8930038,0 -97.041768,32.89474,0</coordinates>
        </LineString>
      </Placemark>
      <Placemark>
        <name>D3 ↔ P194</name>
        <description>Bidirectional path between D3 and P194</description>
        <styleUrl>#pathStyle</styleUrl>
        <LineString>
          <tessellate>1</tessellate>
          <coordinates>-97.0426937,32.8932786,0 -97.041776,32.89402,0</coordinates>
        </LineString>
      </Placemark>
      <Placemark>
        <name>D3 ↔ P194A</name>
        <description>Bidirectional path between D3 and P194A</description>
        <styleUrl>#pathStyle</styleUrl>
        <LineString>
          <tessellate>1</tessellate>
          <coordinates>-97.0426937,32.8932786,0 -97.041768,32.89474,0</coordinates>
        </LineString>
      </Placemark>
      <Placemark>
        <name>D30 ↔ CLAIMD29</name>
        <description>Bidirectional path between D30 and CLAIMD29</description>
        <styleUrl>#pathStyle</styleUrl>
        <LineString>
          <tessellate>1</tessellate>
          <coordinates>-97.045875,32.900113,0 -97.044365,32.89874,0</coordinates>
        </LineString>
      </Placemark>
      <Placemark>
        <name>D30 ↔ CLAIMD30</name>
        <description>Bidirectional path between D30 and CLAIMD30</description>
        <styleUrl>#pathStyle</styleUrl>
        <LineString>
          <tessellate>1</tessellate>
          <coordinates>-97.045875,32.900113,0 -97.044365,32.89874,0</coordinates>
        </LineString>
      </Placemark>
      <Placemark>
        <name>D30 ↔ CLAIMD31</name>
        <description>Bidirectional path between D30 and CLAIMD31</description>
        <styleUrl>#pathStyle</styleUrl>
        <LineString>
          <tessellate>1</tessellate>
          <coordinates>-97.045875,32.900113,0 -97.044365,32.89874,0</coordinates>
        </LineString>
      </Placemark>
      <Placemark>
        <name>D34 ↔ BAGRMD3</name>
        <description>Bidirectional path between D34 and BAGRMD3</description>
        <styleUrl>#pathStyle</styleUrl>
        <LineString>
          <tessellate>1</tessellate>
          <coordinates>-97.044221,32.900095,0 -97.044077,32.899612,0</coordinates>
        </LineString>
      </Placemark>
      <Placemark>
        <name>D3X ↔ P194</name>
        <description>Bidirectional path between D3X and P194</description>
        <styleUrl>#pathStyle</styleUrl>
        <LineString>
          <tessellate>1</tessellate>
          <coordinates>-97.0425957,32.8934239,0 -97.041776,32.89402,0</coordinates>
        </LineString>
      </Placemark>
      <Placemark>
        <name>D3X ↔ P194A</name>
        <description>Bidirectional path between D3X and P194A</description>
        <styleUrl>#pathStyle</styleUrl>
        <LineString>
          <tessellate>1</tessellate>
          <coordinates>-97.0425957,32.8934239,0 -97.041768,32.89474,0</coordinates>
        </LineString>
      </Placemark>
      <Placemark>
        <name>D4 ↔ P194</name>
        <description>Bidirectional path between D4 and P194</description>
        <styleUrl>#pathStyle</styleUrl>
        <LineString>
          <tessellate>1</tessellate>
          <coordinates>-97.0427352,32.8936874,0 -97.041776,32.89402,0</coordinates>
        </LineString>
      </Placemark>
      <Placemark>
        <name>D4 ↔ P194A</name>
        <description>Bidirectional path between D4 and P194A</description>
        <styleUrl>#pathStyle</styleUrl>
        <LineString>
          <tessellate>1</tessellate>
          <coordinates>-97.0427352,32.8936874,0 -97.041768,32.89474,0</coordinates>
        </LineString>
      </Placemark>
      <Placemark>
        <name>D4X ↔ P194</name>
        <description>Bidirectional path between D4X and P194</description>
        <styleUrl>#pathStyle</styleUrl>
        <LineString>
          <tessellate>1</tessellate>
          <coordinates>-97.0426414,32.893682,0 -97.041776,32.89402,0</coordinates>
        </LineString>
      </Placemark>
      <Placemark>
        <name>D4X ↔ P194A</name>
        <description>Bidirectional path between D4X and P194A</description>
        <styleUrl>#pathStyle</styleUrl>
        <LineString>
          <tessellate>1</tessellate>
          <coordinates>-97.0426414,32.893682,0 -97.041768,32.89474,0</coordinates>
        </LineString>
      </Placemark>
      <Placemark>
        <name>D5 ↔ D-LOW</name>
        <description>Bidirectional path between D5 and D-LOW</description>
        <styleUrl>#pathStyle</styleUrl>
        <LineString>
          <tessellate>1</tessellate>
          <coordinates>-97.041921,32.895314,0 -97.042468,32.89556,0</coordinates>
        </LineString>
      </Placemark>
      <Placemark>
        <name>D5 ↔ P194A</name>
        <description>Bidirectional path between D5 and P194A</description>
        <styleUrl>#pathStyle</styleUrl>
        <LineString>
          <tessellate>1</tessellate>
          <coordinates>-97.041921,32.895314,0 -97.041768,32.89474,0</coordinates>
        </LineString>
      </Placemark>
      <Placemark>
        <name>D6 ↔ D-LOW</name>
        <description>Bidirectional path between D6 and D-LOW</description>
        <styleUrl>#pathStyle</styleUrl>
        <LineString>
          <tessellate>1</tessellate>
          <coordinates>-97.0422386,32.8949467,0 -97.042468,32.89556,0</coordinates>
        </LineString>
      </Placemark>
      <Placemark>
        <name>D7 ↔ D-LOW</name>
        <description>Bidirectional path between D7 and D-LOW</description>
        <styleUrl>#pathStyle</styleUrl>
        <LineString>
          <tessellate>1</tessellate>
          <coordinates>-97.0425967,32.8948982,0 -97.042468,32.89556,0</coordinates>
        </LineString>
      </Placemark>
      <Placemark>
        <name>D7A ↔ D7</name>
        <description>Bidirectional path between D7A and D7</description>
        <styleUrl>#pathStyle</styleUrl>
        <LineString>
          <tessellate>1</tessellate>
          <coordinates>-97.0426745,32.8949253,0 -97.0425967,32.8948982,0</coordinates>
        </LineString>
      </Placemark>
      <Placemark>
        <name>D7X ↔ D7</name>
        <description>Bidirectional path between D7X and D7</description>
        <styleUrl>#pathStyle</styleUrl>
        <LineString>
          <tessellate>1</tessellate>
          <coordinates>-97.042415,32.895067,0 -97.0425967,32.8948982,0</coordinates>
        </LineString>
      </Placemark>
      <Placemark>
        <name>D-MU01 ↔ D-LOW</name>
        <description>Bidirectional path between D-MU01 and D-LOW</description>
        <styleUrl>#pathStyle</styleUrl>
        <LineString>
          <tessellate>1</tessellate>
          <coordinates>-97.042436,32.895667,0 -97.042468,32.89556,0</coordinates>
        </LineString>
      </Placemark>
      <Placemark>
        <name>D-MU01 ↔ D-XFER</name>
        <description>Bidirectional path between D-MU01 and D-XFER</description>
        <styleUrl>#pathStyle</styleUrl>
        <LineString>
          <tessellate>1</tessellate>
          <coordinates>-97.042436,32.895667,0 -97.042634,32.895766,0</coordinates>
        </LineString>
      </Placemark>
      <Placemark>
        <name>D-XFER ↔ D-LOW</name>
        <description>Bidirectional path between D-XFER and D-LOW</description>
        <styleUrl>#pathStyle</styleUrl>
        <LineString>
          <tessellate>1</tessellate>
          <coordinates>-97.042634,32.895766,0 -97.042468,32.89556,0</coordinates>
        </LineString>
      </Placemark>
      <Placemark>
        <name>E28 ↔ P204</name>
        <description>Bidirectional path between E28 and P204</description>
        <styleUrl>#pathStyle</styleUrl>
        <LineString>
          <tessellate>1</tessellate>
          <coordinates>-97.03448,32.88846,0 -97.034768,32.888515,0</coordinates>
        </LineString>
      </Placemark>
      <Placemark>
        <name>E28A ↔ P204</name>
        <description>Bidirectional path between E28A and P204</description>
        <styleUrl>#pathStyle</styleUrl>
        <LineString>
          <tessellate>1</tessellate>
          <coordinates>-97.03448,32.88846,0 -97.034768,32.888515,0</coordinates>
        </LineString>
      </Placemark>
      <Placemark>
        <name>E30 ↔ P200</name>
        <description>Bidirectional path between E30 and P200</description>
        <styleUrl>#pathStyle</styleUrl>
        <LineString>
          <tessellate>1</tessellate>
          <coordinates>-97.03371,32.88856,0 -97.033733,32.889083,0</coordinates>
        </LineString>
      </Placemark>
      <Placemark>
        <name>E37A ↔ E37</name>
        <description>Bidirectional path between E37A and E37</description>
        <styleUrl>#pathStyle</styleUrl>
        <LineString>
          <tessellate>1</tessellate>
          <coordinates>-97.038207,32.887348,0 -97.038207,32.887348,0</coordinates>
        </LineString>
      </Placemark>
      <Placemark>
        <name>E37A ↔ P153</name>
        <description>Bidirectional path between E37A and P153</description>
        <styleUrl>#pathStyle</styleUrl>
        <LineString>
          <tessellate>1</tessellate>
          <coordinates>-97.038207,32.887348,0 -97.038106,32.887129,0</coordinates>
        </LineString>
      </Placemark>
      <Placemark>
        <name>E37B ↔ E37</name>
        <description>Bidirectional path between E37B and E37</description>
        <styleUrl>#pathStyle</styleUrl>
        <LineString>
          <tessellate>1</tessellate>
          <coordinates>-97.038207,32.887348,0 -97.038207,32.887348,0</coordinates>
        </LineString>
      </Placemark>
      <Placemark>
        <name>E37B ↔ P153</name>
        <description>Bidirectional path between E37B and P153</description>
        <styleUrl>#pathStyle</styleUrl>
        <LineString>
          <tessellate>1</tessellate>
          <coordinates>-97.038207,32.887348,0 -97.038106,32.887129,0</coordinates>
        </LineString>
      </Placemark>
      <Placemark>
        <name>ECART ↔ P62</name>
        <description>Bidirectional path between ECART and P62</description>
        <styleUrl>#pathStyle</styleUrl>
        <LineString>
          <tessellate>1</tessellate>
          <coordinates>-97.045373,32.905327,0 -97.045373,32.905327,0</coordinates>
        </LineString>
      </Placemark>
      <Placemark>
        <name>INTLB4 ↔ B4</name>
        <description>Bidirectional path between INTLB4 and B4</description>
        <styleUrl>#pathStyle</styleUrl>
        <LineString>
          <tessellate>1</tessellate>
          <coordinates>-97.042107,32.90201,0 -97.042431,32.901757,0</coordinates>
        </LineString>
      </Placemark>
      <Placemark>
        <name>MU ↔ MU2</name>
        <description>Bidirectional path between MU and MU2</description>
        <styleUrl>#pathStyle</styleUrl>
        <LineString>
          <tessellate>1</tessellate>
          <coordinates>-97.045215,32.905136,0 -97.045215,32.905136,0</coordinates>
        </LineString>
      </Placemark>
      <Placemark>
        <name>MU1 ↔ BAGRMB</name>
        <description>Bidirectional path between MU1 and BAGRMB</description>
        <styleUrl>#pathStyle</styleUrl>
        <LineString>
          <tessellate>1</tessellate>
          <coordinates>-97.045167,32.905391,0 -97.04491,32.90587,0</coordinates>
        </LineString>
      </Placemark>
      <Placemark>
        <name>MU1 ↔ MU2</name>
        <description>Bidirectional path between MU1 and MU2</description>
        <styleUrl>#pathStyle</styleUrl>
        <LineString>
          <tessellate>1</tessellate>
          <coordinates>-97.045167,32.905391,0 -97.045215,32.905136,0</coordinates>
        </LineString>
      </Placemark>
      <Placemark>
        <name>MU1 ↔ REROUTEB</name>
        <description>Bidirectional path between MU1 and REROUTEB</description>
        <styleUrl>#pathStyle</styleUrl>
        <LineString>
          <tessellate>1</tessellate>
          <coordinates>-97.045167,32.905391,0 -97.0449,32.90579,0</coordinates>
        </LineString>
      </Placemark>
      <Placemark>
        <name>MU2 ↔ MU3</name>
        <description>Bidirectional path between MU2 and MU3</description>
        <styleUrl>#pathStyle</styleUrl>
        <LineString>
          <tessellate>1</tessellate>
          <coordinates>-97.045215,32.905136,0 -97.045258,32.904902,0</coordinates>
        </LineString>
      </Placemark>
      <Placemark>
        <name>MU4 ↔ MU3</name>
        <description>Bidirectional path between MU4 and MU3</description>
        <styleUrl>#pathStyle</styleUrl>
        <LineString>
          <tessellate>1</tessellate>
          <coordinates>-97.045258,32.904726,0 -97.045258,32.904902,0</coordinates>
        </LineString>
      </Placemark>
      <Placemark>
        <name>OADROP ↔ D40</name>
        <description>Bidirectional path between OADROP and D40</description>
        <styleUrl>#pathStyle</styleUrl>
        <LineString>
          <tessellate>1</tessellate>
          <coordinates>-97.042252,32.900067,0 -97.042252,32.900067,0</coordinates>
        </LineString>
      </Placemark>
      <Placemark>
        <name>P1 ↔ B1</name>
        <description>Bidirectional path between P1 and B1</description>
        <styleUrl>#pathStyle</styleUrl>
        <LineString>
          <tessellate>1</tessellate>
          <coordinates>-97.042765,32.900905,0 -97.042497,32.900896,0</coordinates>
        </LineString>
      </Placemark>
      <Placemark>
        <name>P1 ↔ B1A</name>
        <description>Bidirectional path between P1 and B1A</description>
        <styleUrl>#pathStyle</styleUrl>
        <LineString>
          <tessellate>1</tessellate>
          <coordinates>-97.042765,32.900905,0 -97.042497,32.900896,0</coordinates>
        </LineString>
      </Placemark>
      <Placemark>
        <name>P1 ↔ B1X</name>
        <description>Bidirectional path between P1 and B1X</description>
        <styleUrl>#pathStyle</styleUrl>
        <LineString>
          <tessellate>1</tessellate>
          <coordinates>-97.042765,32.900905,0 -97.042497,32.900896,0</coordinates>
        </LineString>
      </Placemark>
      <Placemark>
        <name>P1 ↔ P2</name>
        <description>Bidirectional path between P1 and P2</description>
        <styleUrl>#pathStyle</styleUrl>
        <LineString>
          <tessellate>1</tessellate>
          <coordinates>-97.042765,32.900905,0 -97.042758,32.901158,0</coordinates>
        </LineString>
      </Placemark>
      <Placemark>
        <name>P1 ↔ P64</name>
        <description>Bidirectional path between P1 and P64</description>
        <styleUrl>#pathStyle</styleUrl>
        <LineString>
          <tessellate>1</tessellate>
          <coordinates>-97.042765,32.900905,0 -97.042774,32.900518,0</coordinates>
        </LineString>
      </Placemark>
      <Placemark>
        <name>P10 ↔ P11</name>
        <description>Bidirectional path between P10 and P11</description>
        <styleUrl>#pathStyle</styleUrl>
        <LineString>
          <tessellate>1</tessellate>
          <coordinates>-97.043801,32.901656,0 -97.044005,32.901754,0</coordinates>
        </LineString>
      </Placemark>
      <Placemark>
        <name>P100 ↔ A5</name>
        <description>Bidirectional path between P100 and A5</description>
        <styleUrl>#pathStyle</styleUrl>
        <LineString>
          <tessellate>1</tessellate>
          <coordinates>-97.038301,32.907834,0 -97.03842,32.907644,0</coordinates>
        </LineString>
      </Placemark>
      <Placemark>
        <name>P100 ↔ A9</name>
        <description>Bidirectional path between P100 and A9</description>
        <styleUrl>#pathStyle</styleUrl>
        <LineString>
          <tessellate>1</tessellate>
          <coordinates>-97.038301,32.907834,0 -97.03842,32.907644,0</coordinates>
        </LineString>
      </Placemark>
      <Placemark>
        <name>P100 ↔ P99</name>
        <description>Bidirectional path between P100 and P99</description>
        <styleUrl>#pathStyle</styleUrl>
        <LineString>
          <tessellate>1</tessellate>
          <coordinates>-97.038301,32.907834,0 -97.038005,32.907763,0</coordinates>
        </LineString>
      </Placemark>
      <Placemark>
        <name>P101 ↔ P100</name>
        <description>Bidirectional path between P101 and P100</description>
        <styleUrl>#pathStyle</styleUrl>
        <LineString>
          <tessellate>1</tessellate>
          <coordinates>-97.03843,32.907817,0 -97.038301,32.907834,0</coordinates>
        </LineString>
      </Placemark>
      <Placemark>
        <name>P102 ↔ P101</name>
        <description>Bidirectional path between P102 and P101</description>
        <styleUrl>#pathStyle</styleUrl>
        <LineString>
          <tessellate>1</tessellate>
          <coordinates>-97.038473,32.907933,0 -97.03843,32.907817,0</coordinates>
        </LineString>
      </Placemark>
      <Placemark>
        <name>P103 ↔ P102</name>
        <description>Bidirectional path between P103 and P102</description>
        <styleUrl>#pathStyle</styleUrl>
        <LineString>
          <tessellate>1</tessellate>
          <coordinates>-97.038543,32.908148,0 -97.038473,32.907933,0</coordinates>
        </LineString>
      </Placemark>
      <Placemark>
        <name>P104 ↔ P105</name>
        <description>Bidirectional path between P104 and P105</description>
        <styleUrl>#pathStyle</styleUrl>
        <LineString>
          <tessellate>1</tessellate>
          <coordinates>-97.038916,32.901144,0 -97.038932,32.900924,0</coordinates>
        </LineString>
      </Placemark>
      <Placemark>
        <name>P105 ↔ P106</name>
        <description>Bidirectional path between P105 and P106</description>
        <styleUrl>#pathStyle</styleUrl>
        <LineString>
          <tessellate>1</tessellate>
          <coordinates>-97.038932,32.900924,0 -97.03879,32.900886,0</coordinates>
        </LineString>
      </Placemark>
      <Placemark>
        <name>P105 ↔ P68A</name>
        <description>Bidirectional path between P105 and P68A</description>
        <styleUrl>#pathStyle</styleUrl>
        <LineString>
          <tessellate>1</tessellate>
          <coordinates>-97.038932,32.900924,0 -97.039295,32.901158,0</coordinates>
        </LineString>
      </Placemark>
      <Placemark>
        <name>P106 ↔ C2</name>
        <description>Bidirectional path between P106 and C2</description>
        <styleUrl>#pathStyle</styleUrl>
        <LineString>
          <tessellate>1</tessellate>
          <coordinates>-97.03879,32.900886,0 -97.038781,32.900615,0</coordinates>
        </LineString>
      </Placemark>
      <Placemark>
        <name>P106 ↔ P107</name>
        <description>Bidirectional path between P106 and P107</description>
        <styleUrl>#pathStyle</styleUrl>
        <LineString>
          <tessellate>1</tessellate>
          <coordinates>-97.03879,32.900886,0 -97.038221,32.900879,0</coordinates>
        </LineString>
      </Placemark>
      <Placemark>
        <name>P107 ↔ C4</name>
        <description>Bidirectional path between P107 and C4</description>
        <styleUrl>#pathStyle</styleUrl>
        <LineString>
          <tessellate>1</tessellate>
          <coordinates>-97.038221,32.900879,0 -97.038238,32.90059,0</coordinates>
        </LineString>
      </Placemark>
      <Placemark>
        <name>P107 ↔ P108</name>
        <description>Bidirectional path between P107 and P108</description>
        <styleUrl>#pathStyle</styleUrl>
        <LineString>
          <tessellate>1</tessellate>
          <coordinates>-97.038221,32.900879,0 -97.03792,32.900857,0</coordinates>
        </LineString>
      </Placemark>
      <Placemark>
        <name>P108 ↔ P109</name>
        <description>Bidirectional path between P108 and P109</description>
        <styleUrl>#pathStyle</styleUrl>
        <LineString>
          <tessellate>1</tessellate>
          <coordinates>-97.03792,32.900857,0 -97.037721,32.900799,0</coordinates>
        </LineString>
      </Placemark>
      <Placemark>
        <name>P109 ↔ C6</name>
        <description>Bidirectional path between P109 and C6</description>
        <styleUrl>#pathStyle</styleUrl>
        <LineString>
          <tessellate>1</tessellate>
          <coordinates>-97.037721,32.900799,0 -97.037681,32.90059,0</coordinates>
        </LineString>
      </Placemark>
      <Placemark>
        <name>P109 ↔ P110</name>
        <description>Bidirectional path between P109 and P110</description>
        <styleUrl>#pathStyle</styleUrl>
        <LineString>
          <tessellate>1</tessellate>
          <coordinates>-97.037721,32.900799,0 -97.037432,32.900703,0</coordinates>
        </LineString>
      </Placemark>
      <Placemark>
        <name>P11 ↔ B9B</name>
        <description>Bidirectional path between P11 and B9B</description>
        <styleUrl>#pathStyle</styleUrl>
        <LineString>
          <tessellate>1</tessellate>
          <coordinates>-97.044005,32.901754,0 -97.04381,32.901882,0</coordinates>
        </LineString>
      </Placemark>
      <Placemark>
        <name>P11 ↔ P12</name>
        <description>Bidirectional path between P11 and P12</description>
        <styleUrl>#pathStyle</styleUrl>
        <LineString>
          <tessellate>1</tessellate>
          <coordinates>-97.044005,32.901754,0 -97.044315,32.901967,0</coordinates>
        </LineString>
      </Placemark>
      <Placemark>
        <name>P110 ↔ P111</name>
        <description>Bidirectional path between P110 and P111</description>
        <styleUrl>#pathStyle</styleUrl>
        <LineString>
          <tessellate>1</tessellate>
          <coordinates>-97.037432,32.900703,0 -97.037169,32.900679,0</coordinates>
        </LineString>
      </Placemark>
      <Placemark>
        <name>P111 ↔ C7</name>
        <description>Bidirectional path between P111 and C7</description>
        <styleUrl>#pathStyle</styleUrl>
        <LineString>
          <tessellate>1</tessellate>
          <coordinates>-97.037169,32.900679,0 -97.037212,32.900429,0</coordinates>
        </LineString>
      </Placemark>
      <Placemark>
        <name>P111 ↔ P112</name>
        <description>Bidirectional path between P111 and P112</description>
        <styleUrl>#pathStyle</styleUrl>
        <LineString>
          <tessellate>1</tessellate>
          <coordinates>-97.037169,32.900679,0 -97.036621,32.900651,0</coordinates>
        </LineString>
      </Placemark>
      <Placemark>
        <name>P112 ↔ C8</name>
        <description>Bidirectional path between P112 and C8</description>
        <styleUrl>#pathStyle</styleUrl>
        <LineString>
          <tessellate>1</tessellate>
          <coordinates>-97.036621,32.900651,0 -97.036732,32.900422,0</coordinates>
        </LineString>
      </Placemark>
      <Placemark>
        <name>P112 ↔ P113</name>
        <description>Bidirectional path between P112 and P113</description>
        <styleUrl>#pathStyle</styleUrl>
        <LineString>
          <tessellate>1</tessellate>
          <coordinates>-97.036621,32.900651,0 -97.036272,32.900375,0</coordinates>
        </LineString>
      </Placemark>
      <Placemark>
        <name>P113 ↔ C10</name>
        <description>Bidirectional path between P113 and C10</description>
        <styleUrl>#pathStyle</styleUrl>
        <LineString>
          <tessellate>1</tessellate>
          <coordinates>-97.036272,32.900375,0 -97.036389,32.90016,0</coordinates>
        </LineString>
      </Placemark>
      <Placemark>
        <name>P113 ↔ P114</name>
        <description>Bidirectional path between P113 and P114</description>
        <styleUrl>#pathStyle</styleUrl>
        <LineString>
          <tessellate>1</tessellate>
          <coordinates>-97.036272,32.900375,0 -97.035901,32.900081,0</coordinates>
        </LineString>
      </Placemark>
      <Placemark>
        <name>P114 ↔ C11</name>
        <description>Bidirectional path between P114 and C11</description>
        <styleUrl>#pathStyle</styleUrl>
        <LineString>
          <tessellate>1</tessellate>
          <coordinates>-97.035901,32.900081,0 -97.036126,32.89987,0</coordinates>
        </LineString>
      </Placemark>
      <Placemark>
        <name>P114 ↔ P115</name>
        <description>Bidirectional path between P114 and P115</description>
        <styleUrl>#pathStyle</styleUrl>
        <LineString>
          <tessellate>1</tessellate>
          <coordinates>-97.035901,32.900081,0 -97.035619,32.8998,0</coordinates>
        </LineString>
      </Placemark>
      <Placemark>
        <name>P115 ↔ C12</name>
        <description>Bidirectional path between P115 and C12</description>
        <styleUrl>#pathStyle</styleUrl>
        <LineString>
          <tessellate>1</tessellate>
          <coordinates>-97.035619,32.8998,0 -97.035814,32.899661,0</coordinates>
        </LineString>
      </Placemark>
      <Placemark>
        <name>P115 ↔ P116</name>
        <description>Bidirectional path between P115 and P116</description>
        <styleUrl>#pathStyle</styleUrl>
        <LineString>
          <tessellate>1</tessellate>
          <coordinates>-97.035619,32.8998,0 -97.035342,32.899515,0</coordinates>
        </LineString>
      </Placemark>
      <Placemark>
        <name>P116 ↔ C14</name>
        <description>Bidirectional path between P116 and C14</description>
        <styleUrl>#pathStyle</styleUrl>
        <LineString>
          <tessellate>1</tessellate>
          <coordinates>-97.035342,32.899515,0 -97.035479,32.899385,0</coordinates>
        </LineString>
      </Placemark>
      <Placemark>
        <name>P116 ↔ P117</name>
        <description>Bidirectional path between P116 and P117</description>
        <styleUrl>#pathStyle</styleUrl>
        <LineString>
          <tessellate>1</tessellate>
          <coordinates>-97.035342,32.899515,0 -97.035087,32.899243,0</coordinates>
        </LineString>
      </Placemark>
      <Placemark>
        <name>P117 ↔ C15</name>
        <description>Bidirectional path between P117 and C15</description>
        <styleUrl>#pathStyle</styleUrl>
        <LineString>
          <tessellate>1</tessellate>
          <coordinates>-97.035087,32.899243,0 -97.035329,32.899056,0</coordinates>
        </LineString>
      </Placemark>
      <Placemark>
        <name>P117 ↔ P118</name>
        <description>Bidirectional path between P117 and P118</description>
        <styleUrl>#pathStyle</styleUrl>
        <LineString>
          <tessellate>1</tessellate>
          <coordinates>-97.035087,32.899243,0 -97.034802,32.898942,0</coordinates>
        </LineString>
      </Placemark>
      <Placemark>
        <name>P118 ↔ C16</name>
        <description>Bidirectional path between P118 and C16</description>
        <styleUrl>#pathStyle</styleUrl>
        <LineString>
          <tessellate>1</tessellate>
          <coordinates>-97.034802,32.898942,0 -97.035039,32.898816,0</coordinates>
        </LineString>
      </Placemark>
      <Placemark>
        <name>P118 ↔ P119</name>
        <description>Bidirectional path between P118 and P119</description>
        <styleUrl>#pathStyle</styleUrl>
        <LineString>
          <tessellate>1</tessellate>
          <coordinates>-97.034802,32.898942,0 -97.034673,32.898453,0</coordinates>
        </LineString>
      </Placemark>
      <Placemark>
        <name>P119 ↔ C17</name>
        <description>Bidirectional path between P119 and C17</description>
        <styleUrl>#pathStyle</styleUrl>
        <LineString>
          <tessellate>1</tessellate>
          <coordinates>-97.034673,32.898453,0 -97.035108,32.898464,0</coordinates>
        </LineString>
      </Placemark>
      <Placemark>
        <name>P119 ↔ P120</name>
        <description>Bidirectional path between P119 and P120</description>
        <styleUrl>#pathStyle</styleUrl>
        <LineString>
          <tessellate>1</tessellate>
          <coordinates>-97.034673,32.898453,0 -97.034651,32.898316,0</coordinates>
        </LineString>
      </Placemark>
      <Placemark>
        <name>P12 ↔ B10A</name>
        <description>Bidirectional path between P12 and B10A</description>
        <styleUrl>#pathStyle</styleUrl>
        <LineString>
          <tessellate>1</tessellate>
          <coordinates>-97.044315,32.901967,0 -97.044067,32.902136,0</coordinates>
        </LineString>
      </Placemark>
      <Placemark>
        <name>P12 ↔ P13</name>
        <description>Bidirectional path between P12 and P13</description>
        <styleUrl>#pathStyle</styleUrl>
        <LineString>
          <tessellate>1</tessellate>
          <coordinates>-97.044315,32.901967,0 -97.044545,32.902124,0</coordinates>
        </LineString>
      </Placemark>
      <Placemark>
        <name>P120 ↔ C19</name>
        <description>Bidirectional path between P120 and C19</description>
        <styleUrl>#pathStyle</styleUrl>
        <LineString>
          <tessellate>1</tessellate>
          <coordinates>-97.034651,32.898316,0 -97.034999,32.898153,0</coordinates>
        </LineString>
      </Placemark>
      <Placemark>
        <name>P120 ↔ P121</name>
        <description>Bidirectional path between P120 and P121</description>
        <styleUrl>#pathStyle</styleUrl>
        <LineString>
          <tessellate>1</tessellate>
          <coordinates>-97.034651,32.898316,0 -97.03456,32.897915,0</coordinates>
        </LineString>
      </Placemark>
      <Placemark>
        <name>P121 ↔ C20</name>
        <description>Bidirectional path between P121 and C20</description>
        <styleUrl>#pathStyle</styleUrl>
        <LineString>
          <tessellate>1</tessellate>
          <coordinates>-97.03456,32.897915,0 -97.034876,32.897872,0</coordinates>
        </LineString>
      </Placemark>
      <Placemark>
        <name>P121 ↔ P122</name>
        <description>Bidirectional path between P121 and P122</description>
        <styleUrl>#pathStyle</styleUrl>
        <LineString>
          <tessellate>1</tessellate>
          <coordinates>-97.03456,32.897915,0 -97.034479,32.897546,0</coordinates>
        </LineString>
      </Placemark>
      <Placemark>
        <name>P122 ↔ C21</name>
        <description>Bidirectional path between P122 and C21</description>
        <styleUrl>#pathStyle</styleUrl>
        <LineString>
          <tessellate>1</tessellate>
          <coordinates>-97.034479,32.897546,0 -97.034929,32.897494,0</coordinates>
        </LineString>
      </Placemark>
      <Placemark>
        <name>P122 ↔ P123</name>
        <description>Bidirectional path between P122 and P123</description>
        <styleUrl>#pathStyle</styleUrl>
        <LineString>
          <tessellate>1</tessellate>
          <coordinates>-97.034479,32.897546,0 -97.034436,32.897163,0</coordinates>
        </LineString>
      </Placemark>
      <Placemark>
        <name>P123 ↔ C22</name>
        <description>Bidirectional path between P123 and C22</description>
        <styleUrl>#pathStyle</styleUrl>
        <LineString>
          <tessellate>1</tessellate>
          <coordinates>-97.034436,32.897163,0 -97.034653,32.897196,0</coordinates>
        </LineString>
      </Placemark>
      <Placemark>
        <name>P123 ↔ C22X</name>
        <description>Bidirectional path between P123 and C22X</description>
        <styleUrl>#pathStyle</styleUrl>
        <LineString>
          <tessellate>1</tessellate>
          <coordinates>-97.034436,32.897163,0 -97.034653,32.897196,0</coordinates>
        </LineString>
      </Placemark>
      <Placemark>
        <name>P123 ↔ P124</name>
        <description>Bidirectional path between P123 and P124</description>
        <styleUrl>#pathStyle</styleUrl>
        <LineString>
          <tessellate>1</tessellate>
          <coordinates>-97.034436,32.897163,0 -97.034522,32.896695,0</coordinates>
        </LineString>
      </Placemark>
      <Placemark>
        <name>P124 ↔ C24</name>
        <description>Bidirectional path between P124 and C24</description>
        <styleUrl>#pathStyle</styleUrl>
        <LineString>
          <tessellate>1</tessellate>
          <coordinates>-97.034522,32.896695,0 -97.03494,32.89686,0</coordinates>
        </LineString>
      </Placemark>
      <Placemark>
        <name>P124 ↔ P125</name>
        <description>Bidirectional path between P124 and P125</description>
        <styleUrl>#pathStyle</styleUrl>
        <LineString>
          <tessellate>1</tessellate>
          <coordinates>-97.034522,32.896695,0 -97.034745,32.896351,0</coordinates>
        </LineString>
      </Placemark>
      <Placemark>
        <name>P125 ↔ C25</name>
        <description>Bidirectional path between P125 and C25</description>
        <styleUrl>#pathStyle</styleUrl>
        <LineString>
          <tessellate>1</tessellate>
          <coordinates>-97.034745,32.896351,0 -97.035096,32.896616,0</coordinates>
        </LineString>
      </Placemark>
      <Placemark>
        <name>P125 ↔ C26</name>
        <description>Bidirectional path between P125 and C26</description>
        <styleUrl>#pathStyle</styleUrl>
        <LineString>
          <tessellate>1</tessellate>
          <coordinates>-97.034745,32.896351,0 -97.035002,32.896427,0</coordinates>
        </LineString>
      </Placemark>
      <Placemark>
        <name>P126 ↔ C27</name>
        <description>Bidirectional path between P126 and C27</description>
        <styleUrl>#pathStyle</styleUrl>
        <LineString>
          <tessellate>1</tessellate>
          <coordinates>-97.035046,32.895971,0 -97.035373,32.896028,0</coordinates>
        </LineString>
      </Placemark>
      <Placemark>
        <name>P126 ↔ P127</name>
        <description>Bidirectional path between P126 and P127</description>
        <styleUrl>#pathStyle</styleUrl>
        <LineString>
          <tessellate>1</tessellate>
          <coordinates>-97.035046,32.895971,0 -97.03535,32.8956,0</coordinates>
        </LineString>
      </Placemark>
      <Placemark>
        <name>P127 ↔ P128</name>
        <description>Bidirectional path between P127 and P128</description>
        <styleUrl>#pathStyle</styleUrl>
        <LineString>
          <tessellate>1</tessellate>
          <coordinates>-97.03535,32.8956,0 -97.035701,32.895297,0</coordinates>
        </LineString>
      </Placemark>
      <Placemark>
        <name>P128 ↔ P129</name>
        <description>Bidirectional path between P128 and P129</description>
        <styleUrl>#pathStyle</styleUrl>
        <LineString>
          <tessellate>1</tessellate>
          <coordinates>-97.035701,32.895297,0 -97.035996,32.894917,0</coordinates>
        </LineString>
      </Placemark>
      <Placemark>
        <name>P308 ↔ C32</name>
        <description>Bidirectional path between P308 and C32</description>
        <styleUrl>#pathStyle</styleUrl>
        <LineString>
          <tessellate>1</tessellate>
          <coordinates>-97.0359245,32.8945375,0 -97.0359471,32.8943996,0</coordinates>
        </LineString>
      </Placemark>
      <Placemark>
        <name>P308 ↔ P131</name>
        <description>Bidirectional path between P308 and P131</description>
        <styleUrl>#pathStyle</styleUrl>
        <LineString>
          <tessellate>1</tessellate>
          <coordinates>-97.0359245,32.8945375,0 -97.036435,32.894519,0</coordinates>
        </LineString>
      </Placemark>
      <Placemark>
        <name>P308 ↔ P302</name>
        <description>Bidirectional path between P308 and P302</description>
        <styleUrl>#pathStyle</styleUrl>
        <LineString>
          <tessellate>1</tessellate>
          <coordinates>-97.0359245,32.8945375,0 -97.0354057,32.8945511,0</coordinates>
        </LineString>
      </Placemark>
      <Placemark>
        <name>P129 ↔ P130</name>
        <description>Bidirectional path between P129 and P130</description>
        <styleUrl>#pathStyle</styleUrl>
        <LineString>
          <tessellate>1</tessellate>
          <coordinates>-97.035996,32.894917,0 -97.03636,32.894585,0</coordinates>
        </LineString>
      </Placemark>
      <Placemark>
        <name>P130 ↔ C33</name>
        <description>Bidirectional path between P130 and C33</description>
        <styleUrl>#pathStyle</styleUrl>
        <LineString>
          <tessellate>1</tessellate>
          <coordinates>-97.03636,32.894585,0 -97.0365054,32.8947826,0</coordinates>
        </LineString>
      </Placemark>
      <Placemark>
        <name>P13 ↔ B10B</name>
        <description>Bidirectional path between P13 and B10B</description>
        <styleUrl>#pathStyle</styleUrl>
        <LineString>
          <tessellate>1</tessellate>
          <coordinates>-97.044545,32.902124,0 -97.044372,32.902245,0</coordinates>
        </LineString>
      </Placemark>
      <Placemark>
        <name>P13 ↔ P14</name>
        <description>Bidirectional path between P13 and P14</description>
        <styleUrl>#pathStyle</styleUrl>
        <LineString>
          <tessellate>1</tessellate>
          <coordinates>-97.044545,32.902124,0 -97.044783,32.902292,0</coordinates>
        </LineString>
      </Placemark>
      <Placemark>
        <name>P130 ↔ P131</name>
        <description>Bidirectional path between P130 and P131</description>
        <styleUrl>#pathStyle</styleUrl>
        <LineString>
          <tessellate>1</tessellate>
          <coordinates>-97.03636,32.894585,0 -97.036435,32.894519,0</coordinates>
        </LineString>
      </Placemark>
      <Placemark>
        <name>P132 ↔ P131</name>
        <description>Bidirectional path between P132 and P131</description>
        <styleUrl>#pathStyle</styleUrl>
        <LineString>
          <tessellate>1</tessellate>
          <coordinates>-97.0369141,32.8944786,0 -97.036435,32.894519,0</coordinates>
        </LineString>
      </Placemark>
      <Placemark>
        <name>P132 ↔ C34</name>
        <description>Bidirectional path between P132 and C34</description>
        <styleUrl>#pathStyle</styleUrl>
        <LineString>
          <tessellate>1</tessellate>
          <coordinates>-97.0369141,32.8944786,0 -97.0369395,32.8947149,0</coordinates>
        </LineString>
      </Placemark>
      <Placemark>
        <name>P131 ↔ P302</name>
        <description>Bidirectional path between P131 and P302</description>
        <styleUrl>#pathStyle</styleUrl>
        <LineString>
          <tessellate>1</tessellate>
          <coordinates>-97.036435,32.894519,0 -97.0354057,32.8945511,0</coordinates>
        </LineString>
      </Placemark>
      <Placemark>
        <name>P133 ↔ C35</name>
        <description>Bidirectional path between P133 and C35</description>
        <styleUrl>#pathStyle</styleUrl>
        <LineString>
          <tessellate>1</tessellate>
          <coordinates>-97.0374505,32.8944581,0 -97.0374607,32.894692,0</coordinates>
        </LineString>
      </Placemark>
      <Placemark>
        <name>P133 ↔ P134</name>
        <description>Bidirectional path between P133 and P134</description>
        <styleUrl>#pathStyle</styleUrl>
        <LineString>
          <tessellate>1</tessellate>
          <coordinates>-97.0374505,32.8944581,0 -97.0379034,32.8944447,0</coordinates>
        </LineString>
      </Placemark>
      <Placemark>
        <name>P134 ↔ C36</name>
        <description>Bidirectional path between P134 and C36</description>
        <styleUrl>#pathStyle</styleUrl>
        <LineString>
          <tessellate>1</tessellate>
          <coordinates>-97.0379034,32.8944447,0 -97.0379043,32.8946508,0</coordinates>
        </LineString>
      </Placemark>
      <Placemark>
        <name>P134 ↔ P135</name>
        <description>Bidirectional path between P134 and P135</description>
        <styleUrl>#pathStyle</styleUrl>
        <LineString>
          <tessellate>1</tessellate>
          <coordinates>-97.0379034,32.8944447,0 -97.0382802,32.8944444,0</coordinates>
        </LineString>
      </Placemark>
      <Placemark>
        <name>P135 ↔ C37</name>
        <description>Bidirectional path between P135 and C37</description>
        <styleUrl>#pathStyle</styleUrl>
        <LineString>
          <tessellate>1</tessellate>
          <coordinates>-97.0382802,32.8944444,0 -97.0382938,32.8946483,0</coordinates>
        </LineString>
      </Placemark>
      <Placemark>
        <name>P135 ↔ P136</name>
        <description>Bidirectional path between P135 and P136</description>
        <styleUrl>#pathStyle</styleUrl>
        <LineString>
          <tessellate>1</tessellate>
          <coordinates>-97.0382802,32.8944444,0 -97.0385131,32.8944339,0</coordinates>
        </LineString>
      </Placemark>
      <Placemark>
        <name>P136 ↔ C38</name>
        <description>Bidirectional path between P136 and C38</description>
        <styleUrl>#pathStyle</styleUrl>
        <LineString>
          <tessellate>1</tessellate>
          <coordinates>-97.0385131,32.8944339,0 -97.0385652,32.8946335,0</coordinates>
        </LineString>
      </Placemark>
      <Placemark>
        <name>P136 ↔ P137</name>
        <description>Bidirectional path between P136 and P137</description>
        <styleUrl>#pathStyle</styleUrl>
        <LineString>
          <tessellate>1</tessellate>
          <coordinates>-97.0385131,32.8944339,0 -97.0386956,32.8943145,0</coordinates>
        </LineString>
      </Placemark>
      <Placemark>
        <name>P137 ↔ C39</name>
        <description>Bidirectional path between P137 and C39</description>
        <styleUrl>#pathStyle</styleUrl>
        <LineString>
          <tessellate>1</tessellate>
          <coordinates>-97.0386956,32.8943145,0 -97.0388081,32.8945291,0</coordinates>
        </LineString>
      </Placemark>
      <Placemark>
        <name>P137 ↔ P137B</name>
        <description>Bidirectional path between P137 and P137B</description>
        <styleUrl>#pathStyle</styleUrl>
        <LineString>
          <tessellate>1</tessellate>
          <coordinates>-97.0386956,32.8943145,0 -97.038873,32.89431,0</coordinates>
        </LineString>
      </Placemark>
      <Placemark>
        <name>P137B ↔ P138</name>
        <description>Bidirectional path between P137B and P138</description>
        <styleUrl>#pathStyle</styleUrl>
        <LineString>
          <tessellate>1</tessellate>
          <coordinates>-97.038873,32.89431,0 -97.039098,32.894309,0</coordinates>
        </LineString>
      </Placemark>
      <Placemark>
        <name>P138 ↔ P139</name>
        <description>Bidirectional path between P138 and P139</description>
        <styleUrl>#pathStyle</styleUrl>
        <LineString>
          <tessellate>1</tessellate>
          <coordinates>-97.039098,32.894309,0 -97.039082,32.893735,0</coordinates>
        </LineString>
      </Placemark>
      <Placemark>
        <name>P138 ↔ P196</name>
        <description>Bidirectional path between P138 and P196</description>
        <styleUrl>#pathStyle</styleUrl>
        <LineString>
          <tessellate>1</tessellate>
          <coordinates>-97.039098,32.894309,0 -97.039292,32.89421,0</coordinates>
        </LineString>
      </Placemark>
      <Placemark>
        <name>P138 ↔ CTPOINT</name>
        <description>Bidirectional path between P138 and CTPOINT</description>
        <styleUrl>#pathStyle</styleUrl>
        <LineString>
          <tessellate>1</tessellate>
          <coordinates>-97.039098,32.894309,0 -97.039156,32.894964,0</coordinates>
        </LineString>
      </Placemark>
      <Placemark>
        <name>P139 ↔ P140</name>
        <description>Bidirectional path between P139 and P140</description>
        <styleUrl>#pathStyle</styleUrl>
        <LineString>
          <tessellate>1</tessellate>
          <coordinates>-97.039082,32.893735,0 -97.037536,32.893696,0</coordinates>
        </LineString>
      </Placemark>
      <Placemark>
        <name>P139 ↔ P197</name>
        <description>Bidirectional path between P139 and P197</description>
        <styleUrl>#pathStyle</styleUrl>
        <LineString>
          <tessellate>1</tessellate>
          <coordinates>-97.039082,32.893735,0 -97.039287,32.893756,0</coordinates>
        </LineString>
      </Placemark>
      <Placemark>
        <name>P139 ↔ E2</name>
        <description>Bidirectional path between P139 and E2</description>
        <styleUrl>#pathStyle</styleUrl>
        <LineString>
          <tessellate>1</tessellate>
          <coordinates>-97.039082,32.893735,0 -97.0389553,32.8935072,0</coordinates>
        </LineString>
      </Placemark>
      <Placemark>
        <name>P14 ↔ B11</name>
        <description>Bidirectional path between P14 and B11</description>
        <styleUrl>#pathStyle</styleUrl>
        <LineString>
          <tessellate>1</tessellate>
          <coordinates>-97.044783,32.902292,0 -97.044632,32.90243,0</coordinates>
        </LineString>
      </Placemark>
      <Placemark>
        <name>P14 ↔ P15</name>
        <description>Bidirectional path between P14 and P15</description>
        <styleUrl>#pathStyle</styleUrl>
        <LineString>
          <tessellate>1</tessellate>
          <coordinates>-97.044783,32.902292,0 -97.045007,32.902512,0</coordinates>
        </LineString>
      </Placemark>
      <Placemark>
        <name>P140 ↔ P141</name>
        <description>Bidirectional path between P140 and P141</description>
        <styleUrl>#pathStyle</styleUrl>
        <LineString>
          <tessellate>1</tessellate>
          <coordinates>-97.037536,32.893696,0 -97.037042,32.893563,0</coordinates>
        </LineString>
      </Placemark>
      <Placemark>
        <name>P141 ↔ E7</name>
        <description>Bidirectional path between P141 and E7</description>
        <styleUrl>#pathStyle</styleUrl>
        <LineString>
          <tessellate>1</tessellate>
          <coordinates>-97.037042,32.893563,0 -97.037079,32.89326,0</coordinates>
        </LineString>
      </Placemark>
      <Placemark>
        <name>P143 ↔ E10</name>
        <description>Bidirectional path between P143 and E10</description>
        <styleUrl>#pathStyle</styleUrl>
        <LineString>
          <tessellate>1</tessellate>
          <coordinates>-97.035477,32.892497,0 -97.03594,32.892677,0</coordinates>
        </LineString>
      </Placemark>
      <Placemark>
        <name>P141 ↔ P142</name>
        <description>Bidirectional path between P141 and P142</description>
        <styleUrl>#pathStyle</styleUrl>
        <LineString>
          <tessellate>1</tessellate>
          <coordinates>-97.037042,32.893563,0 -97.036505,32.893349,0</coordinates>
        </LineString>
      </Placemark>
      <Placemark>
        <name>P142 ↔ P143</name>
        <description>Bidirectional path between P142 and P143</description>
        <styleUrl>#pathStyle</styleUrl>
        <LineString>
          <tessellate>1</tessellate>
          <coordinates>-97.036505,32.893349,0 -97.035477,32.892497,0</coordinates>
        </LineString>
      </Placemark>
      <Placemark>
        <name>P143 ↔ P144</name>
        <description>Bidirectional path between P143 and P144</description>
        <styleUrl>#pathStyle</styleUrl>
        <LineString>
          <tessellate>1</tessellate>
          <coordinates>-97.035477,32.892497,0 -97.035082,32.89196,0</coordinates>
        </LineString>
      </Placemark>
      <Placemark>
        <name>P144 ↔ P145</name>
        <description>Bidirectional path between P144 and P145</description>
        <styleUrl>#pathStyle</styleUrl>
        <LineString>
          <tessellate>1</tessellate>
          <coordinates>-97.035082,32.89196,0 -97.034818,32.891454,0</coordinates>
        </LineString>
      </Placemark>
      <Placemark>
        <name>P145 ↔ P146</name>
        <description>Bidirectional path between P145 and P146</description>
        <styleUrl>#pathStyle</styleUrl>
        <LineString>
          <tessellate>1</tessellate>
          <coordinates>-97.034818,32.891454,0 -97.034776,32.891311,0</coordinates>
        </LineString>
      </Placemark>
      <Placemark>
        <name>P146 ↔ P147</name>
        <description>Bidirectional path between P146 and P147</description>
        <styleUrl>#pathStyle</styleUrl>
        <LineString>
          <tessellate>1</tessellate>
          <coordinates>-97.034776,32.891311,0 -97.034722,32.890389,0</coordinates>
        </LineString>
      </Placemark>
      <Placemark>
        <name>P147 ↔ P148</name>
        <description>Bidirectional path between P147 and P148</description>
        <styleUrl>#pathStyle</styleUrl>
        <LineString>
          <tessellate>1</tessellate>
          <coordinates>-97.034722,32.890389,0 -97.035489,32.888403,0</coordinates>
        </LineString>
      </Placemark>
      <Placemark>
        <name>P147 ↔ P202</name>
        <description>Bidirectional path between P147 and P202</description>
        <styleUrl>#pathStyle</styleUrl>
        <LineString>
          <tessellate>1</tessellate>
          <coordinates>-97.034722,32.890389,0 -97.034449,32.889088,0</coordinates>
        </LineString>
      </Placemark>
      <Placemark>
        <name>P147 ↔ E21</name>
        <description>Bidirectional path between P147 and E21</description>
        <styleUrl>#pathStyle</styleUrl>
        <LineString>
          <tessellate>1</tessellate>
          <coordinates>-97.034722,32.890389,0 -97.035422,32.8889,0</coordinates>
        </LineString>
      </Placemark>
      <Placemark>
        <name>P148 ↔ P149</name>
        <description>Bidirectional path between P148 and P149</description>
        <styleUrl>#pathStyle</styleUrl>
        <LineString>
          <tessellate>1</tessellate>
          <coordinates>-97.035489,32.888403,0 -97.036259,32.887654,0</coordinates>
        </LineString>
      </Placemark>
      <Placemark>
        <name>P148 ↔ E21</name>
        <description>Bidirectional path between P148 and E21</description>
        <styleUrl>#pathStyle</styleUrl>
        <LineString>
          <tessellate>1</tessellate>
          <coordinates>-97.035489,32.888403,0 -97.035422,32.8889,0</coordinates>
        </LineString>
      </Placemark>
      <Placemark>
        <name>P149 ↔ P150</name>
        <description>Bidirectional path between P149 and P150</description>
        <styleUrl>#pathStyle</styleUrl>
        <LineString>
          <tessellate>1</tessellate>
          <coordinates>-97.036259,32.887654,0 -97.036709,32.887424,0</coordinates>
        </LineString>
      </Placemark>
      <Placemark>
        <name>P15 ↔ B12A</name>
        <description>Bidirectional path between P15 and B12A</description>
        <styleUrl>#pathStyle</styleUrl>
        <LineString>
          <tessellate>1</tessellate>
          <coordinates>-97.045007,32.902512,0 -97.044799,32.902643,0</coordinates>
        </LineString>
      </Placemark>
      <Placemark>
        <name>P15 ↔ P16</name>
        <description>Bidirectional path between P15 and P16</description>
        <styleUrl>#pathStyle</styleUrl>
        <LineString>
          <tessellate>1</tessellate>
          <coordinates>-97.045007,32.902512,0 -97.04521,32.9027,0</coordinates>
        </LineString>
      </Placemark>
      <Placemark>
        <name>P150 ↔ E34</name>
        <description>Bidirectional path between P150 and E34</description>
        <styleUrl>#pathStyle</styleUrl>
        <LineString>
          <tessellate>1</tessellate>
          <coordinates>-97.036709,32.887424,0 -97.036883,32.887679,0</coordinates>
        </LineString>
      </Placemark>
      <Placemark>
        <name>P150 ↔ E34A</name>
        <description>Bidirectional path between P150 and E34A</description>
        <styleUrl>#pathStyle</styleUrl>
        <LineString>
          <tessellate>1</tessellate>
          <coordinates>-97.036709,32.887424,0 -97.0368,32.88762,0</coordinates>
        </LineString>
      </Placemark>
      <Placemark>
        <name>P150 ↔ P151</name>
        <description>Bidirectional path between P150 and P151</description>
        <styleUrl>#pathStyle</styleUrl>
        <LineString>
          <tessellate>1</tessellate>
          <coordinates>-97.036709,32.887424,0 -97.037173,32.887273,0</coordinates>
        </LineString>
      </Placemark>
      <Placemark>
        <name>P151 ↔ E35</name>
        <description>Bidirectional path between P151 and E35</description>
        <styleUrl>#pathStyle</styleUrl>
        <LineString>
          <tessellate>1</tessellate>
          <coordinates>-97.037173,32.887273,0 -97.037326,32.887511,0</coordinates>
        </LineString>
      </Placemark>
      <Placemark>
        <name>P151 ↔ P152</name>
        <description>Bidirectional path between P151 and P152</description>
        <styleUrl>#pathStyle</styleUrl>
        <LineString>
          <tessellate>1</tessellate>
          <coordinates>-97.037173,32.887273,0 -97.03768,32.887194,0</coordinates>
        </LineString>
      </Placemark>
      <Placemark>
        <name>P151 ↔ E35A</name>
        <description>Bidirectional path between P151 and E35A</description>
        <styleUrl>#pathStyle</styleUrl>
        <LineString>
          <tessellate>1</tessellate>
          <coordinates>-97.037173,32.887273,0 -97.03731,32.88734,0</coordinates>
        </LineString>
      </Placemark>
      <Placemark>
        <name>P151 ↔ E35B</name>
        <description>Bidirectional path between P151 and E35B</description>
        <styleUrl>#pathStyle</styleUrl>
        <LineString>
          <tessellate>1</tessellate>
          <coordinates>-97.037173,32.887273,0 -97.03728,32.8874,0</coordinates>
        </LineString>
      </Placemark>
      <Placemark>
        <name>P152 ↔ E36</name>
        <description>Bidirectional path between P152 and E36</description>
        <styleUrl>#pathStyle</styleUrl>
        <LineString>
          <tessellate>1</tessellate>
          <coordinates>-97.03768,32.887194,0 -97.037735,32.887396,0</coordinates>
        </LineString>
      </Placemark>
      <Placemark>
        <name>P152 ↔ P153</name>
        <description>Bidirectional path between P152 and P153</description>
        <styleUrl>#pathStyle</styleUrl>
        <LineString>
          <tessellate>1</tessellate>
          <coordinates>-97.03768,32.887194,0 -97.038106,32.887129,0</coordinates>
        </LineString>
      </Placemark>
      <Placemark>
        <name>P153 ↔ E37</name>
        <description>Bidirectional path between P153 and E37</description>
        <styleUrl>#pathStyle</styleUrl>
        <LineString>
          <tessellate>1</tessellate>
          <coordinates>-97.038106,32.887129,0 -97.038207,32.887348,0</coordinates>
        </LineString>
      </Placemark>
      <Placemark>
        <name>P153 ↔ P154</name>
        <description>Bidirectional path between P153 and P154</description>
        <styleUrl>#pathStyle</styleUrl>
        <LineString>
          <tessellate>1</tessellate>
          <coordinates>-97.038106,32.887129,0 -97.038933,32.88706,0</coordinates>
        </LineString>
      </Placemark>
      <Placemark>
        <name>P154 ↔ E38</name>
        <description>Bidirectional path between P154 and E38</description>
        <styleUrl>#pathStyle</styleUrl>
        <LineString>
          <tessellate>1</tessellate>
          <coordinates>-97.038933,32.88706,0 -97.038856,32.887276,0</coordinates>
        </LineString>
      </Placemark>
      <Placemark>
        <name>P154 ↔ E38A</name>
        <description>Bidirectional path between P154 and E38A</description>
        <styleUrl>#pathStyle</styleUrl>
        <LineString>
          <tessellate>1</tessellate>
          <coordinates>-97.038933,32.88706,0 -97.038942,32.887315,0</coordinates>
        </LineString>
      </Placemark>
      <Placemark>
        <name>P154 ↔ E38B</name>
        <description>Bidirectional path between P154 and E38B</description>
        <styleUrl>#pathStyle</styleUrl>
        <LineString>
          <tessellate>1</tessellate>
          <coordinates>-97.038933,32.88706,0 -97.039012,32.887325,0</coordinates>
        </LineString>
      </Placemark>
      <Placemark>
        <name>P155 ↔ D40</name>
        <description>Bidirectional path between P155 and D40</description>
        <styleUrl>#pathStyle</styleUrl>
        <LineString>
          <tessellate>1</tessellate>
          <coordinates>-97.042541,32.900472,0 -97.042252,32.900067,0</coordinates>
        </LineString>
      </Placemark>
      <Placemark>
        <name>P155 ↔ D-HIGH</name>
        <description>Bidirectional path between P155 and D-HIGH</description>
        <styleUrl>#pathStyle</styleUrl>
        <LineString>
          <tessellate>1</tessellate>
          <coordinates>-97.042541,32.900472,0 -97.041742,32.900209,0</coordinates>
        </LineString>
      </Placemark>
      <Placemark>
        <name>P156 ↔ D37</name>
        <description>Bidirectional path between P156 and D37</description>
        <styleUrl>#pathStyle</styleUrl>
        <LineString>
          <tessellate>1</tessellate>
          <coordinates>-97.043177,32.900484,0 -97.043141,32.900086,0</coordinates>
        </LineString>
      </Placemark>
      <Placemark>
        <name>P156 ↔ P157</name>
        <description>Bidirectional path between P156 and P157</description>
        <styleUrl>#pathStyle</styleUrl>
        <LineString>
          <tessellate>1</tessellate>
          <coordinates>-97.043177,32.900484,0 -97.043701,32.900493,0</coordinates>
        </LineString>
      </Placemark>
      <Placemark>
        <name>P157 ↔ D36</name>
        <description>Bidirectional path between P157 and D36</description>
        <styleUrl>#pathStyle</styleUrl>
        <LineString>
          <tessellate>1</tessellate>
          <coordinates>-97.043701,32.900493,0 -97.043671,32.900138,0</coordinates>
        </LineString>
      </Placemark>
      <Placemark>
        <name>P157 ↔ P158</name>
        <description>Bidirectional path between P157 and P158</description>
        <styleUrl>#pathStyle</styleUrl>
        <LineString>
          <tessellate>1</tessellate>
          <coordinates>-97.043701,32.900493,0 -97.044256,32.900498,0</coordinates>
        </LineString>
      </Placemark>
      <Placemark>
        <name>P158 ↔ D34</name>
        <description>Bidirectional path between P158 and D34</description>
        <styleUrl>#pathStyle</styleUrl>
        <LineString>
          <tessellate>1</tessellate>
          <coordinates>-97.044256,32.900498,0 -97.044221,32.900095,0</coordinates>
        </LineString>
      </Placemark>
      <Placemark>
        <name>P158 ↔ P159</name>
        <description>Bidirectional path between P158 and P159</description>
        <styleUrl>#pathStyle</styleUrl>
        <LineString>
          <tessellate>1</tessellate>
          <coordinates>-97.044256,32.900498,0 -97.044968,32.900502,0</coordinates>
        </LineString>
      </Placemark>
      <Placemark>
        <name>P159 ↔ D33</name>
        <description>Bidirectional path between P159 and D33</description>
        <styleUrl>#pathStyle</styleUrl>
        <LineString>
          <tessellate>1</tessellate>
          <coordinates>-97.044968,32.900502,0 -97.044827,32.900138,0</coordinates>
        </LineString>
      </Placemark>
      <Placemark>
        <name>P159 ↔ P160</name>
        <description>Bidirectional path between P159 and P160</description>
        <styleUrl>#pathStyle</styleUrl>
        <LineString>
          <tessellate>1</tessellate>
          <coordinates>-97.044968,32.900502,0 -97.04541,32.900502,0</coordinates>
        </LineString>
      </Placemark>
      <Placemark>
        <name>P16 ↔ B12B</name>
        <description>Bidirectional path between P16 and B12B</description>
        <styleUrl>#pathStyle</styleUrl>
        <LineString>
          <tessellate>1</tessellate>
          <coordinates>-97.04521,32.9027,0 -97.045079,32.902797,0</coordinates>
        </LineString>
      </Placemark>
      <Placemark>
        <name>P16 ↔ P17</name>
        <description>Bidirectional path between P16 and P17</description>
        <styleUrl>#pathStyle</styleUrl>
        <LineString>
          <tessellate>1</tessellate>
          <coordinates>-97.04521,32.9027,0 -97.04543,32.902918,0</coordinates>
        </LineString>
      </Placemark>
      <Placemark>
        <name>P160 ↔ D31</name>
        <description>Bidirectional path between P160 and D31</description>
        <styleUrl>#pathStyle</styleUrl>
        <LineString>
          <tessellate>1</tessellate>
          <coordinates>-97.04541,32.900502,0 -97.04536,32.900106,0</coordinates>
        </LineString>
      </Placemark>
      <Placemark>
        <name>P160 ↔ P161</name>
        <description>Bidirectional path between P160 and P161</description>
        <styleUrl>#pathStyle</styleUrl>
        <LineString>
          <tessellate>1</tessellate>
          <coordinates>-97.04541,32.900502,0 -97.046075,32.900504,0</coordinates>
        </LineString>
      </Placemark>
      <Placemark>
        <name>P161 ↔ D30</name>
        <description>Bidirectional path between P161 and D30</description>
        <styleUrl>#pathStyle</styleUrl>
        <LineString>
          <tessellate>1</tessellate>
          <coordinates>-97.046075,32.900504,0 -97.045875,32.900113,0</coordinates>
        </LineString>
      </Placemark>
      <Placemark>
        <name>P161 ↔ P162</name>
        <description>Bidirectional path between P161 and P162</description>
        <styleUrl>#pathStyle</styleUrl>
        <LineString>
          <tessellate>1</tessellate>
          <coordinates>-97.046075,32.900504,0 -97.046178,32.900391,0</coordinates>
        </LineString>
      </Placemark>
      <Placemark>
        <name>P162 ↔ P163</name>
        <description>Bidirectional path between P162 and P163</description>
        <styleUrl>#pathStyle</styleUrl>
        <LineString>
          <tessellate>1</tessellate>
          <coordinates>-97.046178,32.900391,0 -97.046166,32.899635,0</coordinates>
        </LineString>
      </Placemark>
      <Placemark>
        <name>P163 ↔ D29</name>
        <description>Bidirectional path between P163 and D29</description>
        <styleUrl>#pathStyle</styleUrl>
        <LineString>
          <tessellate>1</tessellate>
          <coordinates>-97.046166,32.899635,0 -97.045939,32.899586,0</coordinates>
        </LineString>
      </Placemark>
      <Placemark>
        <name>P163 ↔ P164</name>
        <description>Bidirectional path between P163 and P164</description>
        <styleUrl>#pathStyle</styleUrl>
        <LineString>
          <tessellate>1</tessellate>
          <coordinates>-97.046166,32.899635,0 -97.04617,32.899538,0</coordinates>
        </LineString>
      </Placemark>
      <Placemark>
        <name>P164 ↔ D29A</name>
        <description>Bidirectional path between P164 and D29A</description>
        <styleUrl>#pathStyle</styleUrl>
        <LineString>
          <tessellate>1</tessellate>
          <coordinates>-97.04617,32.899538,0 -97.045903,32.899486,0</coordinates>
        </LineString>
      </Placemark>
      <Placemark>
        <name>P164 ↔ P165</name>
        <description>Bidirectional path between P164 and P165</description>
        <styleUrl>#pathStyle</styleUrl>
        <LineString>
          <tessellate>1</tessellate>
          <coordinates>-97.04617,32.899538,0 -97.046174,32.899157,0</coordinates>
        </LineString>
      </Placemark>
      <Placemark>
        <name>P165 ↔ D28</name>
        <description>Bidirectional path between P165 and D28</description>
        <styleUrl>#pathStyle</styleUrl>
        <LineString>
          <tessellate>1</tessellate>
          <coordinates>-97.046174,32.899157,0 -97.045881,32.899181,0</coordinates>
        </LineString>
      </Placemark>
      <Placemark>
        <name>P165 ↔ P166</name>
        <description>Bidirectional path between P165 and P166</description>
        <styleUrl>#pathStyle</styleUrl>
        <LineString>
          <tessellate>1</tessellate>
          <coordinates>-97.046174,32.899157,0 -97.046159,32.898916,0</coordinates>
        </LineString>
      </Placemark>
      <Placemark>
        <name>P166 ↔ D27A</name>
        <description>Bidirectional path between P166 and D27A</description>
        <styleUrl>#pathStyle</styleUrl>
        <LineString>
          <tessellate>1</tessellate>
          <coordinates>-97.046159,32.898916,0 -97.045896,32.89892,0</coordinates>
        </LineString>
      </Placemark>
      <Placemark>
        <name>P166 ↔ P167</name>
        <description>Bidirectional path between P166 and P167</description>
        <styleUrl>#pathStyle</styleUrl>
        <LineString>
          <tessellate>1</tessellate>
          <coordinates>-97.046159,32.898916,0 -97.046176,32.898781,0</coordinates>
        </LineString>
      </Placemark>
      <Placemark>
        <name>P167 ↔ D27</name>
        <description>Bidirectional path between P167 and D27</description>
        <styleUrl>#pathStyle</styleUrl>
        <LineString>
          <tessellate>1</tessellate>
          <coordinates>-97.046176,32.898781,0 -97.045755,32.898804,0</coordinates>
        </LineString>
      </Placemark>
      <Placemark>
        <name>P167 ↔ P168</name>
        <description>Bidirectional path between P167 and P168</description>
        <styleUrl>#pathStyle</styleUrl>
        <LineString>
          <tessellate>1</tessellate>
          <coordinates>-97.046176,32.898781,0 -97.046183,32.898396,0</coordinates>
        </LineString>
      </Placemark>
      <Placemark>
        <name>P168 ↔ D25A</name>
        <description>Bidirectional path between P168 and D25A</description>
        <styleUrl>#pathStyle</styleUrl>
        <LineString>
          <tessellate>1</tessellate>
          <coordinates>-97.046183,32.898396,0 -97.045932,32.898393,0</coordinates>
        </LineString>
      </Placemark>
      <Placemark>
        <name>P168 ↔ P169</name>
        <description>Bidirectional path between P168 and P169</description>
        <styleUrl>#pathStyle</styleUrl>
        <LineString>
          <tessellate>1</tessellate>
          <coordinates>-97.046183,32.898396,0 -97.04619,32.898247,0</coordinates>
        </LineString>
      </Placemark>
      <Placemark>
        <name>P169 ↔ D25</name>
        <description>Bidirectional path between P169 and D25</description>
        <styleUrl>#pathStyle</styleUrl>
        <LineString>
          <tessellate>1</tessellate>
          <coordinates>-97.04619,32.898247,0 -97.045885,32.898268,0</coordinates>
        </LineString>
      </Placemark>
      <Placemark>
        <name>P169 ↔ P170</name>
        <description>Bidirectional path between P169 and P170</description>
        <styleUrl>#pathStyle</styleUrl>
        <LineString>
          <tessellate>1</tessellate>
          <coordinates>-97.04619,32.898247,0 -97.046181,32.89773,0</coordinates>
        </LineString>
      </Placemark>
      <Placemark>
        <name>P17 ↔ B13</name>
        <description>Bidirectional path between P17 and B13</description>
        <styleUrl>#pathStyle</styleUrl>
        <LineString>
          <tessellate>1</tessellate>
          <coordinates>-97.04543,32.902918,0 -97.045256,32.903004,0</coordinates>
        </LineString>
      </Placemark>
      <Placemark>
        <name>P17 ↔ P18</name>
        <description>Bidirectional path between P17 and P18</description>
        <styleUrl>#pathStyle</styleUrl>
        <LineString>
          <tessellate>1</tessellate>
          <coordinates>-97.04543,32.902918,0 -97.045571,32.903153,0</coordinates>
        </LineString>
      </Placemark>
      <Placemark>
        <name>P170 ↔ D23A</name>
        <description>Bidirectional path between P170 and D23A</description>
        <styleUrl>#pathStyle</styleUrl>
        <LineString>
          <tessellate>1</tessellate>
          <coordinates>-97.046181,32.89773,0 -97.045928,32.897728,0</coordinates>
        </LineString>
      </Placemark>
      <Placemark>
        <name>P170 ↔ P171</name>
        <description>Bidirectional path between P170 and P171</description>
        <styleUrl>#pathStyle</styleUrl>
        <LineString>
          <tessellate>1</tessellate>
          <coordinates>-97.046181,32.89773,0 -97.046193,32.897581,0</coordinates>
        </LineString>
      </Placemark>
      <Placemark>
        <name>P171 ↔ D23</name>
        <description>Bidirectional path between P171 and D23</description>
        <styleUrl>#pathStyle</styleUrl>
        <LineString>
          <tessellate>1</tessellate>
          <coordinates>-97.046193,32.897581,0 -97.045881,32.89763,0</coordinates>
        </LineString>
      </Placemark>
      <Placemark>
        <name>P171 ↔ P172</name>
        <description>Bidirectional path between P171 and P172</description>
        <styleUrl>#pathStyle</styleUrl>
        <LineString>
          <tessellate>1</tessellate>
          <coordinates>-97.046193,32.897581,0 -97.046181,32.897126,0</coordinates>
        </LineString>
      </Placemark>
      <Placemark>
        <name>P172 ↔ D22A</name>
        <description>Bidirectional path between P172 and D22A</description>
        <styleUrl>#pathStyle</styleUrl>
        <LineString>
          <tessellate>1</tessellate>
          <coordinates>-97.046181,32.897126,0 -97.045934,32.897142,0</coordinates>
        </LineString>
      </Placemark>
      <Placemark>
        <name>P172 ↔ P173</name>
        <description>Bidirectional path between P172 and P173</description>
        <styleUrl>#pathStyle</styleUrl>
        <LineString>
          <tessellate>1</tessellate>
          <coordinates>-97.046181,32.897126,0 -97.046177,32.897022,0</coordinates>
        </LineString>
      </Placemark>
      <Placemark>
        <name>P173 ↔ D22</name>
        <description>Bidirectional path between P173 and D22</description>
        <styleUrl>#pathStyle</styleUrl>
        <LineString>
          <tessellate>1</tessellate>
          <coordinates>-97.046177,32.897022,0 -97.045887,32.897069,0</coordinates>
        </LineString>
      </Placemark>
      <Placemark>
        <name>P173 ↔ P174</name>
        <description>Bidirectional path between P173 and P174</description>
        <styleUrl>#pathStyle</styleUrl>
        <LineString>
          <tessellate>1</tessellate>
          <coordinates>-97.046177,32.897022,0 -97.046181,32.896636,0</coordinates>
        </LineString>
      </Placemark>
      <Placemark>
        <name>P174 ↔ D21A</name>
        <description>Bidirectional path between P174 and D21A</description>
        <styleUrl>#pathStyle</styleUrl>
        <LineString>
          <tessellate>1</tessellate>
          <coordinates>-97.046181,32.896636,0 -97.045823,32.896628,0</coordinates>
        </LineString>
      </Placemark>
      <Placemark>
        <name>P174 ↔ P175</name>
        <description>Bidirectional path between P174 and P175</description>
        <styleUrl>#pathStyle</styleUrl>
        <LineString>
          <tessellate>1</tessellate>
          <coordinates>-97.046181,32.896636,0 -97.046196,32.896494,0</coordinates>
        </LineString>
      </Placemark>
      <Placemark>
        <name>P175 ↔ D21</name>
        <description>Bidirectional path between P175 and D21</description>
        <styleUrl>#pathStyle</styleUrl>
        <LineString>
          <tessellate>1</tessellate>
          <coordinates>-97.046196,32.896494,0 -97.045835,32.896525,0</coordinates>
        </LineString>
      </Placemark>
      <Placemark>
        <name>P175 ↔ P176</name>
        <description>Bidirectional path between P175 and P176</description>
        <styleUrl>#pathStyle</styleUrl>
        <LineString>
          <tessellate>1</tessellate>
          <coordinates>-97.046196,32.896494,0 -97.046192,32.896163,0</coordinates>
        </LineString>
      </Placemark>
      <Placemark>
        <name>P176 ↔ D20</name>
        <description>Bidirectional path between P176 and D20</description>
        <styleUrl>#pathStyle</styleUrl>
        <LineString>
          <tessellate>1</tessellate>
          <coordinates>-97.046192,32.896163,0 -97.045829,32.896226,0</coordinates>
        </LineString>
      </Placemark>
      <Placemark>
        <name>P176 ↔ P177</name>
        <description>Bidirectional path between P176 and P177</description>
        <styleUrl>#pathStyle</styleUrl>
        <LineString>
          <tessellate>1</tessellate>
          <coordinates>-97.046192,32.896163,0 -97.046196,32.89592,0</coordinates>
        </LineString>
      </Placemark>
      <Placemark>
        <name>P177 ↔ D18A</name>
        <description>Bidirectional path between P177 and D18A</description>
        <styleUrl>#pathStyle</styleUrl>
        <LineString>
          <tessellate>1</tessellate>
          <coordinates>-97.046196,32.89592,0 -97.045895,32.895929,0</coordinates>
        </LineString>
      </Placemark>
      <Placemark>
        <name>P177 ↔ P178</name>
        <description>Bidirectional path between P177 and P178</description>
        <styleUrl>#pathStyle</styleUrl>
        <LineString>
          <tessellate>1</tessellate>
          <coordinates>-97.046196,32.89592,0 -97.046184,32.895814,0</coordinates>
        </LineString>
      </Placemark>
      <Placemark>
        <name>P178 ↔ D18</name>
        <description>Bidirectional path between P178 and D18</description>
        <styleUrl>#pathStyle</styleUrl>
        <LineString>
          <tessellate>1</tessellate>
          <coordinates>-97.046184,32.895814,0 -97.045856,32.895829,0</coordinates>
        </LineString>
      </Placemark>
      <Placemark>
        <name>P178 ↔ P179</name>
        <description>Bidirectional path between P178 and P179</description>
        <styleUrl>#pathStyle</styleUrl>
        <LineString>
          <tessellate>1</tessellate>
          <coordinates>-97.046184,32.895814,0 -97.046193,32.895353,0</coordinates>
        </LineString>
      </Placemark>
      <Placemark>
        <name>P179 ↔ D17</name>
        <description>Bidirectional path between P179 and D17</description>
        <styleUrl>#pathStyle</styleUrl>
        <LineString>
          <tessellate>1</tessellate>
          <coordinates>-97.046193,32.895353,0 -97.045915,32.895406,0</coordinates>
        </LineString>
      </Placemark>
      <Placemark>
        <name>P179 ↔ P180</name>
        <description>Bidirectional path between P179 and P180</description>
        <styleUrl>#pathStyle</styleUrl>
        <LineString>
          <tessellate>1</tessellate>
          <coordinates>-97.046193,32.895353,0 -97.046205,32.895261,0</coordinates>
        </LineString>
      </Placemark>
      <Placemark>
        <name>P18 ↔ B14</name>
        <description>Bidirectional path between P18 and B14</description>
        <styleUrl>#pathStyle</styleUrl>
        <LineString>
          <tessellate>1</tessellate>
          <coordinates>-97.045571,32.903153,0 -97.045403,32.903219,0</coordinates>
        </LineString>
      </Placemark>
      <Placemark>
        <name>P18 ↔ P19</name>
        <description>Bidirectional path between P18 and P19</description>
        <styleUrl>#pathStyle</styleUrl>
        <LineString>
          <tessellate>1</tessellate>
          <coordinates>-97.045571,32.903153,0 -97.045701,32.90337,0</coordinates>
        </LineString>
      </Placemark>
      <Placemark>
        <name>P18 ↔ XFRBLF</name>
        <description>Bidirectional path between P18 and XFRBLF</description>
        <styleUrl>#pathStyle</styleUrl>
        <LineString>
          <tessellate>1</tessellate>
          <coordinates>-97.045571,32.903153,0 -97.04474,32.903686,0</coordinates>
        </LineString>
      </Placemark>
      <Placemark>
        <name>P18 ↔ XFRBLM</name>
        <description>Bidirectional path between P18 and XFRBLM</description>
        <styleUrl>#pathStyle</styleUrl>
        <LineString>
          <tessellate>1</tessellate>
          <coordinates>-97.045571,32.903153,0 -97.04489,32.903706,0</coordinates>
        </LineString>
      </Placemark>
      <Placemark>
        <name>P180 ↔ D17A</name>
        <description>Bidirectional path between P180 and D17A</description>
        <styleUrl>#pathStyle</styleUrl>
        <LineString>
          <tessellate>1</tessellate>
          <coordinates>-97.046205,32.895261,0 -97.045922,32.895306,0</coordinates>
        </LineString>
      </Placemark>
      <Placemark>
        <name>P180 ↔ P181</name>
        <description>Bidirectional path between P180 and P181</description>
        <styleUrl>#pathStyle</styleUrl>
        <LineString>
          <tessellate>1</tessellate>
          <coordinates>-97.046205,32.895261,0 -97.046198,32.89486,0</coordinates>
        </LineString>
      </Placemark>
      <Placemark>
        <name>P181 ↔ P182</name>
        <description>Bidirectional path between P181 and P182</description>
        <styleUrl>#pathStyle</styleUrl>
        <LineString>
          <tessellate>1</tessellate>
          <coordinates>-97.046198,32.89486,0 -97.046159,32.894761,0</coordinates>
        </LineString>
      </Placemark>
      <Placemark>
        <name>P182 ↔ P183</name>
        <description>Bidirectional path between P182 and P183</description>
        <styleUrl>#pathStyle</styleUrl>
        <LineString>
          <tessellate>1</tessellate>
          <coordinates>-97.046159,32.894761,0 -97.046037,32.894725,0</coordinates>
        </LineString>
      </Placemark>
      <Placemark>
        <name>P183 ↔ P184</name>
        <description>Bidirectional path between P183 and P184</description>
        <styleUrl>#pathStyle</styleUrl>
        <LineString>
          <tessellate>1</tessellate>
          <coordinates>-97.046037,32.894725,0 -97.045848,32.894739,0</coordinates>
        </LineString>
      </Placemark>
      <Placemark>
        <name>P184 ↔ D16</name>
        <description>Bidirectional path between P184 and D16</description>
        <styleUrl>#pathStyle</styleUrl>
        <LineString>
          <tessellate>1</tessellate>
          <coordinates>-97.045848,32.894739,0 -97.045648,32.895094,0</coordinates>
        </LineString>
      </Placemark>
      <Placemark>
        <name>P184 ↔ D16A</name>
        <description>Bidirectional path between P184 and D16A</description>
        <styleUrl>#pathStyle</styleUrl>
        <LineString>
          <tessellate>1</tessellate>
          <coordinates>-97.045848,32.894739,0 -97.045648,32.895094,0</coordinates>
        </LineString>
      </Placemark>
      <Placemark>
        <name>P184 ↔ D16X</name>
        <description>Bidirectional path between P184 and D16X</description>
        <styleUrl>#pathStyle</styleUrl>
        <LineString>
          <tessellate>1</tessellate>
          <coordinates>-97.045848,32.894739,0 -97.045648,32.895094,0</coordinates>
        </LineString>
      </Placemark>
      <Placemark>
        <name>P184 ↔ P185</name>
        <description>Bidirectional path between P184 and P185</description>
        <styleUrl>#pathStyle</styleUrl>
        <LineString>
          <tessellate>1</tessellate>
          <coordinates>-97.045848,32.894739,0 -97.04538,32.894739,0</coordinates>
        </LineString>
      </Placemark>
      <Placemark>
        <name>P185 ↔ D15</name>
        <description>Bidirectional path between P185 and D15</description>
        <styleUrl>#pathStyle</styleUrl>
        <LineString>
          <tessellate>1</tessellate>
          <coordinates>-97.04538,32.894739,0 -97.0452092,32.8950885,0</coordinates>
        </LineString>
      </Placemark>
      <Placemark>
        <name>P185 ↔ D15A</name>
        <description>Bidirectional path between P185 and D15A</description>
        <styleUrl>#pathStyle</styleUrl>
        <LineString>
          <tessellate>1</tessellate>
          <coordinates>-97.04538,32.894739,0 -97.045228,32.8950615,0</coordinates>
        </LineString>
      </Placemark>
      <Placemark>
        <name>P185 ↔ D15X</name>
        <description>Bidirectional path between P185 and D15X</description>
        <styleUrl>#pathStyle</styleUrl>
        <LineString>
          <tessellate>1</tessellate>
          <coordinates>-97.04538,32.894739,0 -97.045204,32.895037,0</coordinates>
        </LineString>
      </Placemark>
      <Placemark>
        <name>P185 ↔ D15B</name>
        <description>Bidirectional path between P185 and D15B</description>
        <styleUrl>#pathStyle</styleUrl>
        <LineString>
          <tessellate>1</tessellate>
          <coordinates>-97.04538,32.894739,0 -97.0452427,32.8950457,0</coordinates>
        </LineString>
      </Placemark>
      <Placemark>
        <name>P185 ↔ P186</name>
        <description>Bidirectional path between P185 and P186</description>
        <styleUrl>#pathStyle</styleUrl>
        <LineString>
          <tessellate>1</tessellate>
          <coordinates>-97.04538,32.894739,0 -97.044578,32.894728,0</coordinates>
        </LineString>
      </Placemark>
      <Placemark>
        <name>P186 ↔ D14</name>
        <description>Bidirectional path between P186 and D14</description>
        <styleUrl>#pathStyle</styleUrl>
        <LineString>
          <tessellate>1</tessellate>
          <coordinates>-97.044578,32.894728,0 -97.0446499,32.8949433,0</coordinates>
        </LineString>
      </Placemark>
      <Placemark>
        <name>P186 ↔ D14A</name>
        <description>Bidirectional path between P186 and D14A</description>
        <styleUrl>#pathStyle</styleUrl>
        <LineString>
          <tessellate>1</tessellate>
          <coordinates>-97.044578,32.894728,0 -97.0445306,32.8949602,0</coordinates>
        </LineString>
      </Placemark>
      <Placemark>
        <name>P186 ↔ D14X</name>
        <description>Bidirectional path between P186 and D14X</description>
        <styleUrl>#pathStyle</styleUrl>
        <LineString>
          <tessellate>1</tessellate>
          <coordinates>-97.044578,32.894728,0 -97.044761,32.895111,0</coordinates>
        </LineString>
      </Placemark>
      <Placemark>
        <name>P186 ↔ P187</name>
        <description>Bidirectional path between P186 and P187</description>
        <styleUrl>#pathStyle</styleUrl>
        <LineString>
          <tessellate>1</tessellate>
          <coordinates>-97.044578,32.894728,0 -97.043998,32.894739,0</coordinates>
        </LineString>
      </Placemark>
      <Placemark>
        <name>P187 ↔ D12</name>
        <description>Bidirectional path between P187 and D12</description>
        <styleUrl>#pathStyle</styleUrl>
        <LineString>
          <tessellate>1</tessellate>
          <coordinates>-97.043998,32.894739,0 -97.0440961,32.8950975,0</coordinates>
        </LineString>
      </Placemark>
      <Placemark>
        <name>P187 ↔ D12A</name>
        <description>Bidirectional path between P187 and D12A</description>
        <styleUrl>#pathStyle</styleUrl>
        <LineString>
          <tessellate>1</tessellate>
          <coordinates>-97.043998,32.894739,0 -97.0442195,32.8950503,0</coordinates>
        </LineString>
      </Placemark>
      <Placemark>
        <name>P187 ↔ D12B</name>
        <description>Bidirectional path between P187 and D12B</description>
        <styleUrl>#pathStyle</styleUrl>
        <LineString>
          <tessellate>1</tessellate>
          <coordinates>-97.043998,32.894739,0 -97.0440196,32.895066,0</coordinates>
        </LineString>
      </Placemark>
      <Placemark>
        <name>P187 ↔ P188</name>
        <description>Bidirectional path between P187 and P188</description>
        <styleUrl>#pathStyle</styleUrl>
        <LineString>
          <tessellate>1</tessellate>
          <coordinates>-97.043998,32.894739,0 -97.043479,32.894728,0</coordinates>
        </LineString>
      </Placemark>
      <Placemark>
        <name>P188 ↔ D11</name>
        <description>Bidirectional path between P188 and D11</description>
        <styleUrl>#pathStyle</styleUrl>
        <LineString>
          <tessellate>1</tessellate>
          <coordinates>-97.043479,32.894728,0 -97.0436763,32.8950593,0</coordinates>
        </LineString>
      </Placemark>
      <Placemark>
        <name>P188 ↔ P189</name>
        <description>Bidirectional path between P188 and P189</description>
        <styleUrl>#pathStyle</styleUrl>
        <LineString>
          <tessellate>1</tessellate>
          <coordinates>-97.043479,32.894728,0 -97.043239,32.894723,0</coordinates>
        </LineString>
      </Placemark>
      <Placemark>
        <name>P188 ↔ D11A</name>
        <description>Bidirectional path between P188 and D11A</description>
        <styleUrl>#pathStyle</styleUrl>
        <LineString>
          <tessellate>1</tessellate>
          <coordinates>-97.043479,32.894728,0 -97.0437662,32.8951786,0</coordinates>
        </LineString>
      </Placemark>
      <Placemark>
        <name>P189 ↔ D10</name>
        <description>Bidirectional path between P189 and D10</description>
        <styleUrl>#pathStyle</styleUrl>
        <LineString>
          <tessellate>1</tessellate>
          <coordinates>-97.043239,32.894723,0 -97.0432002,32.894959,0</coordinates>
        </LineString>
      </Placemark>
      <Placemark>
        <name>P189 ↔ P190</name>
        <description>Bidirectional path between P189 and P190</description>
        <styleUrl>#pathStyle</styleUrl>
        <LineString>
          <tessellate>1</tessellate>
          <coordinates>-97.043239,32.894723,0 -97.042886,32.894739,0</coordinates>
        </LineString>
      </Placemark>
      <Placemark>
        <name>P19 ↔ B15</name>
        <description>Bidirectional path between P19 and B15</description>
        <styleUrl>#pathStyle</styleUrl>
        <LineString>
          <tessellate>1</tessellate>
          <coordinates>-97.045701,32.90337,0 -97.045477,32.903437,0</coordinates>
        </LineString>
      </Placemark>
      <Placemark>
        <name>P19 ↔ B15A</name>
        <description>Bidirectional path between P19 and B15A</description>
        <styleUrl>#pathStyle</styleUrl>
        <LineString>
          <tessellate>1</tessellate>
          <coordinates>-97.045701,32.90337,0 -97.045477,32.903437,0</coordinates>
        </LineString>
      </Placemark>
      <Placemark>
        <name>P19 ↔ B15X</name>
        <description>Bidirectional path between P19 and B15X</description>
        <styleUrl>#pathStyle</styleUrl>
        <LineString>
          <tessellate>1</tessellate>
          <coordinates>-97.045701,32.90337,0 -97.045477,32.903437,0</coordinates>
        </LineString>
      </Placemark>
      <Placemark>
        <name>P19 ↔ P20</name>
        <description>Bidirectional path between P19 and P20</description>
        <styleUrl>#pathStyle</styleUrl>
        <LineString>
          <tessellate>1</tessellate>
          <coordinates>-97.045701,32.90337,0 -97.045788,32.903599,0</coordinates>
        </LineString>
      </Placemark>
      <Placemark>
        <name>P190 ↔ D8</name>
        <description>Bidirectional path between P190 and D8</description>
        <styleUrl>#pathStyle</styleUrl>
        <LineString>
          <tessellate>1</tessellate>
          <coordinates>-97.042886,32.894739,0 -97.0428716,32.8950829,0</coordinates>
        </LineString>
      </Placemark>
      <Placemark>
        <name>P190 ↔ P191</name>
        <description>Bidirectional path between P190 and P191</description>
        <styleUrl>#pathStyle</styleUrl>
        <LineString>
          <tessellate>1</tessellate>
          <coordinates>-97.042886,32.894739,0 -97.042383,32.89473,0</coordinates>
        </LineString>
      </Placemark>
      <Placemark>
        <name>P191 ↔ D7</name>
        <description>Bidirectional path between P191 and D7</description>
        <styleUrl>#pathStyle</styleUrl>
        <LineString>
          <tessellate>1</tessellate>
          <coordinates>-97.042383,32.89473,0 -97.0425967,32.8948982,0</coordinates>
        </LineString>
      </Placemark>
      <Placemark>
        <name>P191 ↔ D7A</name>
        <description>Bidirectional path between P191 and D7A</description>
        <styleUrl>#pathStyle</styleUrl>
        <LineString>
          <tessellate>1</tessellate>
          <coordinates>-97.042383,32.89473,0 -97.0426745,32.8949253,0</coordinates>
        </LineString>
      </Placemark>
      <Placemark>
        <name>P191 ↔ D7X</name>
        <description>Bidirectional path between P191 and D7X</description>
        <styleUrl>#pathStyle</styleUrl>
        <LineString>
          <tessellate>1</tessellate>
          <coordinates>-97.042383,32.89473,0 -97.042415,32.895067,0</coordinates>
        </LineString>
      </Placemark>
      <Placemark>
        <name>P191 ↔ P192</name>
        <description>Bidirectional path between P191 and P192</description>
        <styleUrl>#pathStyle</styleUrl>
        <LineString>
          <tessellate>1</tessellate>
          <coordinates>-97.042383,32.89473,0 -97.042205,32.894737,0</coordinates>
        </LineString>
      </Placemark>
      <Placemark>
        <name>P192 ↔ D6A</name>
        <description>Bidirectional path between P192 and D6A</description>
        <styleUrl>#pathStyle</styleUrl>
        <LineString>
          <tessellate>1</tessellate>
          <coordinates>-97.042205,32.894737,0 -97.042171,32.895167,0</coordinates>
        </LineString>
      </Placemark>
      <Placemark>
        <name>P192 ↔ D6B</name>
        <description>Bidirectional path between P192 and D6B</description>
        <styleUrl>#pathStyle</styleUrl>
        <LineString>
          <tessellate>1</tessellate>
          <coordinates>-97.042205,32.894737,0 -97.042171,32.895167,0</coordinates>
        </LineString>
      </Placemark>
      <Placemark>
        <name>P192 ↔ D6C</name>
        <description>Bidirectional path between P192 and D6C</description>
        <styleUrl>#pathStyle</styleUrl>
        <LineString>
          <tessellate>1</tessellate>
          <coordinates>-97.042205,32.894737,0 -97.042171,32.895167,0</coordinates>
        </LineString>
      </Placemark>
      <Placemark>
        <name>P192 ↔ D6D</name>
        <description>Bidirectional path between P192 and D6D</description>
        <styleUrl>#pathStyle</styleUrl>
        <LineString>
          <tessellate>1</tessellate>
          <coordinates>-97.042205,32.894737,0 -97.042171,32.895167,0</coordinates>
        </LineString>
      </Placemark>
      <Placemark>
        <name>P192 ↔ P193</name>
        <description>Bidirectional path between P192 and P193</description>
        <styleUrl>#pathStyle</styleUrl>
        <LineString>
          <tessellate>1</tessellate>
          <coordinates>-97.042205,32.894737,0 -97.042008,32.894735,0</coordinates>
        </LineString>
      </Placemark>
      <Placemark>
        <name>P193 ↔ D6</name>
        <description>Bidirectional path between P193 and D6</description>
        <styleUrl>#pathStyle</styleUrl>
        <LineString>
          <tessellate>1</tessellate>
          <coordinates>-97.042008,32.894735,0 -97.0422386,32.8949467,0</coordinates>
        </LineString>
      </Placemark>
      <Placemark>
        <name>P193 ↔ P194A</name>
        <description>Bidirectional path between P193 and P194A</description>
        <styleUrl>#pathStyle</styleUrl>
        <LineString>
          <tessellate>1</tessellate>
          <coordinates>-97.042008,32.894735,0 -97.041768,32.89474,0</coordinates>
        </LineString>
      </Placemark>
      <Placemark>
        <name>P194A ↔ P194</name>
        <description>Bidirectional path between P194A and P194</description>
        <styleUrl>#pathStyle</styleUrl>
        <LineString>
          <tessellate>1</tessellate>
          <coordinates>-97.041768,32.89474,0 -97.041776,32.89402,0</coordinates>
        </LineString>
      </Placemark>
      <Placemark>
        <name>P195 ↔ P196</name>
        <description>Bidirectional path between P195 and P196</description>
        <styleUrl>#pathStyle</styleUrl>
        <LineString>
          <tessellate>1</tessellate>
          <coordinates>-97.039622,32.89403,0 -97.039292,32.89421,0</coordinates>
        </LineString>
      </Placemark>
      <Placemark>
        <name>P195 ↔ P197</name>
        <description>Bidirectional path between P195 and P197</description>
        <styleUrl>#pathStyle</styleUrl>
        <LineString>
          <tessellate>1</tessellate>
          <coordinates>-97.039622,32.89403,0 -97.039287,32.893756,0</coordinates>
        </LineString>
      </Placemark>
      <Placemark>
        <name>P195 ↔ P194</name>
        <description>Bidirectional path between P195 and P194</description>
        <styleUrl>#pathStyle</styleUrl>
        <LineString>
          <tessellate>1</tessellate>
          <coordinates>-97.039622,32.89403,0 -97.041776,32.89402,0</coordinates>
        </LineString>
      </Placemark>
      <Placemark>
        <name>P2 ↔ B2</name>
        <description>Bidirectional path between P2 and B2</description>
        <styleUrl>#pathStyle</styleUrl>
        <LineString>
          <tessellate>1</tessellate>
          <coordinates>-97.042758,32.901158,0 -97.042563,32.901106,0</coordinates>
        </LineString>
      </Placemark>
      <Placemark>
        <name>P2 ↔ P3</name>
        <description>Bidirectional path between P2 and P3</description>
        <styleUrl>#pathStyle</styleUrl>
        <LineString>
          <tessellate>1</tessellate>
          <coordinates>-97.042758,32.901158,0 -97.042743,32.901488,0</coordinates>
        </LineString>
      </Placemark>
      <Placemark>
        <name>P20 ↔ B16</name>
        <description>Bidirectional path between P20 and B16</description>
        <styleUrl>#pathStyle</styleUrl>
        <LineString>
          <tessellate>1</tessellate>
          <coordinates>-97.045788,32.903599,0 -97.045588,32.903658,0</coordinates>
        </LineString>
      </Placemark>
      <Placemark>
        <name>P20 ↔ B16A</name>
        <description>Bidirectional path between P20 and B16A</description>
        <styleUrl>#pathStyle</styleUrl>
        <LineString>
          <tessellate>1</tessellate>
          <coordinates>-97.045788,32.903599,0 -97.045588,32.903658,0</coordinates>
        </LineString>
      </Placemark>
      <Placemark>
        <name>P20 ↔ B16X</name>
        <description>Bidirectional path between P20 and B16X</description>
        <styleUrl>#pathStyle</styleUrl>
        <LineString>
          <tessellate>1</tessellate>
          <coordinates>-97.045788,32.903599,0 -97.045588,32.903658,0</coordinates>
        </LineString>
      </Placemark>
      <Placemark>
        <name>P20 ↔ CLAIMB20</name>
        <description>Bidirectional path between P20 and CLAIMB20</description>
        <styleUrl>#pathStyle</styleUrl>
        <LineString>
          <tessellate>1</tessellate>
          <coordinates>-97.045788,32.903599,0 -97.045018,32.903983,0</coordinates>
        </LineString>
      </Placemark>
      <Placemark>
        <name>P20 ↔ P21</name>
        <description>Bidirectional path between P20 and P21</description>
        <styleUrl>#pathStyle</styleUrl>
        <LineString>
          <tessellate>1</tessellate>
          <coordinates>-97.045788,32.903599,0 -97.045862,32.903794,0</coordinates>
        </LineString>
      </Placemark>
      <Placemark>
        <name>P200 ↔ P201</name>
        <description>Bidirectional path between P200 and P201</description>
        <styleUrl>#pathStyle</styleUrl>
        <LineString>
          <tessellate>1</tessellate>
          <coordinates>-97.033733,32.889083,0 -97.033856,32.889088,0</coordinates>
        </LineString>
      </Placemark>
      <Placemark>
        <name>P201 ↔ E29B</name>
        <description>Bidirectional path between P201 and E29B</description>
        <styleUrl>#pathStyle</styleUrl>
        <LineString>
          <tessellate>1</tessellate>
          <coordinates>-97.033856,32.889088,0 -97.03391,32.88873,0</coordinates>
        </LineString>
      </Placemark>
      <Placemark>
        <name>P201 ↔ P202</name>
        <description>Bidirectional path between P201 and P202</description>
        <styleUrl>#pathStyle</styleUrl>
        <LineString>
          <tessellate>1</tessellate>
          <coordinates>-97.033856,32.889088,0 -97.034449,32.889088,0</coordinates>
        </LineString>
      </Placemark>
      <Placemark>
        <name>P202 ↔ E29A</name>
        <description>Bidirectional path between P202 and E29A</description>
        <styleUrl>#pathStyle</styleUrl>
        <LineString>
          <tessellate>1</tessellate>
          <coordinates>-97.034449,32.889088,0 -97.03428,32.88873,0</coordinates>
        </LineString>
      </Placemark>
      <Placemark>
        <name>P202 ↔ P203</name>
        <description>Bidirectional path between P202 and P203</description>
        <styleUrl>#pathStyle</styleUrl>
        <LineString>
          <tessellate>1</tessellate>
          <coordinates>-97.034449,32.889088,0 -97.03458,32.888847,0</coordinates>
        </LineString>
      </Placemark>
      <Placemark>
        <name>P202 ↔ E29</name>
        <description>Bidirectional path between P202 and E29</description>
        <styleUrl>#pathStyle</styleUrl>
        <LineString>
          <tessellate>1</tessellate>
          <coordinates>-97.034449,32.889088,0 -97.03409,32.888852,0</coordinates>
        </LineString>
      </Placemark>
      <Placemark>
        <name>P203 ↔ P204</name>
        <description>Bidirectional path between P203 and P204</description>
        <styleUrl>#pathStyle</styleUrl>
        <LineString>
          <tessellate>1</tessellate>
          <coordinates>-97.03458,32.888847,0 -97.034768,32.888515,0</coordinates>
        </LineString>
      </Placemark>
      <Placemark>
        <name>P204 ↔ P205</name>
        <description>Bidirectional path between P204 and P205</description>
        <styleUrl>#pathStyle</styleUrl>
        <LineString>
          <tessellate>1</tessellate>
          <coordinates>-97.034768,32.888515,0 -97.03482,32.88841,0</coordinates>
        </LineString>
      </Placemark>
      <Placemark>
        <name>P205 ↔ E27B</name>
        <description>Bidirectional path between P205 and E27B</description>
        <styleUrl>#pathStyle</styleUrl>
        <LineString>
          <tessellate>1</tessellate>
          <coordinates>-97.03482,32.88841,0 -97.03462,32.88826,0</coordinates>
        </LineString>
      </Placemark>
      <Placemark>
        <name>P205 ↔ P206</name>
        <description>Bidirectional path between P205 and P206</description>
        <styleUrl>#pathStyle</styleUrl>
        <LineString>
          <tessellate>1</tessellate>
          <coordinates>-97.03482,32.88841,0 -97.034953,32.888253,0</coordinates>
        </LineString>
      </Placemark>
      <Placemark>
        <name>P205 ↔ E27</name>
        <description>Bidirectional path between P205 and E27</description>
        <styleUrl>#pathStyle</styleUrl>
        <LineString>
          <tessellate>1</tessellate>
          <coordinates>-97.03482,32.88841,0 -97.034796,32.888199,0</coordinates>
        </LineString>
      </Placemark>
      <Placemark>
        <name>P206 ↔ E27A</name>
        <description>Bidirectional path between P206 and E27A</description>
        <styleUrl>#pathStyle</styleUrl>
        <LineString>
          <tessellate>1</tessellate>
          <coordinates>-97.034953,32.888253,0 -97.03479,32.88805,0</coordinates>
        </LineString>
      </Placemark>
      <Placemark>
        <name>P206 ↔ P207</name>
        <description>Bidirectional path between P206 and P207</description>
        <styleUrl>#pathStyle</styleUrl>
        <LineString>
          <tessellate>1</tessellate>
          <coordinates>-97.034953,32.888253,0 -97.035123,32.888052,0</coordinates>
        </LineString>
      </Placemark>
      <Placemark>
        <name>P207 ↔ E26</name>
        <description>Bidirectional path between P207 and E26</description>
        <styleUrl>#pathStyle</styleUrl>
        <LineString>
          <tessellate>1</tessellate>
          <coordinates>-97.035123,32.888052,0 -97.03497,32.88791,0</coordinates>
        </LineString>
      </Placemark>
      <Placemark>
        <name>P207 ↔ E26A</name>
        <description>Bidirectional path between P207 and E26A</description>
        <styleUrl>#pathStyle</styleUrl>
        <LineString>
          <tessellate>1</tessellate>
          <coordinates>-97.035123,32.888052,0 -97.035,32.88794,0</coordinates>
        </LineString>
      </Placemark>
      <Placemark>
        <name>P207 ↔ P208</name>
        <description>Bidirectional path between P207 and P208</description>
        <styleUrl>#pathStyle</styleUrl>
        <LineString>
          <tessellate>1</tessellate>
          <coordinates>-97.035123,32.888052,0 -97.035276,32.887889,0</coordinates>
        </LineString>
      </Placemark>
      <Placemark>
        <name>P208 ↔ E25B</name>
        <description>Bidirectional path between P208 and E25B</description>
        <styleUrl>#pathStyle</styleUrl>
        <LineString>
          <tessellate>1</tessellate>
          <coordinates>-97.035276,32.887889,0 -97.03512,32.88775,0</coordinates>
        </LineString>
      </Placemark>
      <Placemark>
        <name>P208 ↔ P209</name>
        <description>Bidirectional path between P208 and P209</description>
        <styleUrl>#pathStyle</styleUrl>
        <LineString>
          <tessellate>1</tessellate>
          <coordinates>-97.035276,32.887889,0 -97.035495,32.887669,0</coordinates>
        </LineString>
      </Placemark>
      <Placemark>
        <name>P208 ↔ E25</name>
        <description>Bidirectional path between P208 and E25</description>
        <styleUrl>#pathStyle</styleUrl>
        <LineString>
          <tessellate>1</tessellate>
          <coordinates>-97.035276,32.887889,0 -97.035254,32.887739,0</coordinates>
        </LineString>
      </Placemark>
      <Placemark>
        <name>P209 ↔ E25A</name>
        <description>Bidirectional path between P209 and E25A</description>
        <styleUrl>#pathStyle</styleUrl>
        <LineString>
          <tessellate>1</tessellate>
          <coordinates>-97.035495,32.887669,0 -97.0353,32.88762,0</coordinates>
        </LineString>
      </Placemark>
      <Placemark>
        <name>P209 ↔ P210</name>
        <description>Bidirectional path between P209 and P210</description>
        <styleUrl>#pathStyle</styleUrl>
        <LineString>
          <tessellate>1</tessellate>
          <coordinates>-97.035495,32.887669,0 -97.035652,32.887515,0</coordinates>
        </LineString>
      </Placemark>
      <Placemark>
        <name>P21 ↔ B17</name>
        <description>Bidirectional path between P21 and B17</description>
        <styleUrl>#pathStyle</styleUrl>
        <LineString>
          <tessellate>1</tessellate>
          <coordinates>-97.045862,32.903794,0 -97.045672,32.903884,0</coordinates>
        </LineString>
      </Placemark>
      <Placemark>
        <name>P21 ↔ P22</name>
        <description>Bidirectional path between P21 and P22</description>
        <styleUrl>#pathStyle</styleUrl>
        <LineString>
          <tessellate>1</tessellate>
          <coordinates>-97.045862,32.903794,0 -97.045977,32.904099,0</coordinates>
        </LineString>
      </Placemark>
      <Placemark>
        <name>P210 ↔ P211</name>
        <description>Bidirectional path between P210 and P211</description>
        <styleUrl>#pathStyle</styleUrl>
        <LineString>
          <tessellate>1</tessellate>
          <coordinates>-97.035652,32.887515,0 -97.035669,32.887354,0</coordinates>
        </LineString>
      </Placemark>
      <Placemark>
        <name>P211 ↔ E24A</name>
        <description>Bidirectional path between P211 and E24A</description>
        <styleUrl>#pathStyle</styleUrl>
        <LineString>
          <tessellate>1</tessellate>
          <coordinates>-97.035669,32.887354,0 -97.03534,32.88721,0</coordinates>
        </LineString>
      </Placemark>
      <Placemark>
        <name>P211 ↔ E24B</name>
        <description>Bidirectional path between P211 and E24B</description>
        <styleUrl>#pathStyle</styleUrl>
        <LineString>
          <tessellate>1</tessellate>
          <coordinates>-97.035669,32.887354,0 -97.03545,32.8874,0</coordinates>
        </LineString>
      </Placemark>
      <Placemark>
        <name>P211 ↔ P149</name>
        <description>Bidirectional path between P211 and P149</description>
        <styleUrl>#pathStyle</styleUrl>
        <LineString>
          <tessellate>1</tessellate>
          <coordinates>-97.035669,32.887354,0 -97.036259,32.887654,0</coordinates>
        </LineString>
      </Placemark>
      <Placemark>
        <name>P211 ↔ P212</name>
        <description>Bidirectional path between P211 and P212</description>
        <styleUrl>#pathStyle</styleUrl>
        <LineString>
          <tessellate>1</tessellate>
          <coordinates>-97.035669,32.887354,0 -97.035299,32.887032,0</coordinates>
        </LineString>
      </Placemark>
      <Placemark>
        <name>P211 ↔ E24</name>
        <description>Bidirectional path between P211 and E24</description>
        <styleUrl>#pathStyle</styleUrl>
        <LineString>
          <tessellate>1</tessellate>
          <coordinates>-97.035669,32.887354,0 -97.035378,32.887295,0</coordinates>
        </LineString>
      </Placemark>
      <Placemark>
        <name>P212 ↔ P213</name>
        <description>Bidirectional path between P212 and P213</description>
        <styleUrl>#pathStyle</styleUrl>
        <LineString>
          <tessellate>1</tessellate>
          <coordinates>-97.035299,32.887032,0 -97.03505,32.886757,0</coordinates>
        </LineString>
      </Placemark>
      <Placemark>
        <name>P213 ↔ E23B</name>
        <description>Bidirectional path between P213 and E23B</description>
        <styleUrl>#pathStyle</styleUrl>
        <LineString>
          <tessellate>1</tessellate>
          <coordinates>-97.03505,32.886757,0 -97.03513,32.88698,0</coordinates>
        </LineString>
      </Placemark>
      <Placemark>
        <name>P213 ↔ P214</name>
        <description>Bidirectional path between P213 and P214</description>
        <styleUrl>#pathStyle</styleUrl>
        <LineString>
          <tessellate>1</tessellate>
          <coordinates>-97.03505,32.886757,0 -97.034649,32.886741,0</coordinates>
        </LineString>
      </Placemark>
      <Placemark>
        <name>P214 ↔ E23A</name>
        <description>Bidirectional path between P214 and E23A</description>
        <styleUrl>#pathStyle</styleUrl>
        <LineString>
          <tessellate>1</tessellate>
          <coordinates>-97.034649,32.886741,0 -97.03476,32.88696,0</coordinates>
        </LineString>
      </Placemark>
      <Placemark>
        <name>P214 ↔ P215</name>
        <description>Bidirectional path between P214 and P215</description>
        <styleUrl>#pathStyle</styleUrl>
        <LineString>
          <tessellate>1</tessellate>
          <coordinates>-97.034649,32.886741,0 -97.034203,32.886897,0</coordinates>
        </LineString>
      </Placemark>
      <Placemark>
        <name>P214 ↔ E23</name>
        <description>Bidirectional path between P214 and E23</description>
        <styleUrl>#pathStyle</styleUrl>
        <LineString>
          <tessellate>1</tessellate>
          <coordinates>-97.034649,32.886741,0 -97.034938,32.886943,0</coordinates>
        </LineString>
      </Placemark>
      <Placemark>
        <name>P215 ↔ E22B</name>
        <description>Bidirectional path between P215 and E22B</description>
        <styleUrl>#pathStyle</styleUrl>
        <LineString>
          <tessellate>1</tessellate>
          <coordinates>-97.034203,32.886897,0 -97.03438,32.88706,0</coordinates>
        </LineString>
      </Placemark>
      <Placemark>
        <name>P215 ↔ P216</name>
        <description>Bidirectional path between P215 and P216</description>
        <styleUrl>#pathStyle</styleUrl>
        <LineString>
          <tessellate>1</tessellate>
          <coordinates>-97.034203,32.886897,0 -97.033971,32.887197,0</coordinates>
        </LineString>
      </Placemark>
      <Placemark>
        <name>P216 ↔ E22A</name>
        <description>Bidirectional path between P216 and E22A</description>
        <styleUrl>#pathStyle</styleUrl>
        <LineString>
          <tessellate>1</tessellate>
          <coordinates>-97.033971,32.887197,0 -97.03406,32.88723,0</coordinates>
        </LineString>
      </Placemark>
      <Placemark>
        <name>P216 ↔ E22</name>
        <description>Bidirectional path between P216 and E22</description>
        <styleUrl>#pathStyle</styleUrl>
        <LineString>
          <tessellate>1</tessellate>
          <coordinates>-97.033971,32.887197,0 -97.034219,32.887121,0</coordinates>
        </LineString>
      </Placemark>
      <Placemark>
        <name>P22 ↔ B18</name>
        <description>Bidirectional path between P22 and B18</description>
        <styleUrl>#pathStyle</styleUrl>
        <LineString>
          <tessellate>1</tessellate>
          <coordinates>-97.045977,32.904099,0 -97.045762,32.904149,0</coordinates>
        </LineString>
      </Placemark>
      <Placemark>
        <name>P22 ↔ B18A</name>
        <description>Bidirectional path between P22 and B18A</description>
        <styleUrl>#pathStyle</styleUrl>
        <LineString>
          <tessellate>1</tessellate>
          <coordinates>-97.045977,32.904099,0 -97.045762,32.904149,0</coordinates>
        </LineString>
      </Placemark>
      <Placemark>
        <name>P22 ↔ B18X</name>
        <description>Bidirectional path between P22 and B18X</description>
        <styleUrl>#pathStyle</styleUrl>
        <LineString>
          <tessellate>1</tessellate>
          <coordinates>-97.045977,32.904099,0 -97.045762,32.904149,0</coordinates>
        </LineString>
      </Placemark>
      <Placemark>
        <name>P22 ↔ P23</name>
        <description>Bidirectional path between P22 and P23</description>
        <styleUrl>#pathStyle</styleUrl>
        <LineString>
          <tessellate>1</tessellate>
          <coordinates>-97.045977,32.904099,0 -97.046043,32.90435,0</coordinates>
        </LineString>
      </Placemark>
      <Placemark>
        <name>P23 ↔ B19</name>
        <description>Bidirectional path between P23 and B19</description>
        <styleUrl>#pathStyle</styleUrl>
        <LineString>
          <tessellate>1</tessellate>
          <coordinates>-97.046043,32.90435,0 -97.045838,32.904366,0</coordinates>
        </LineString>
      </Placemark>
      <Placemark>
        <name>P23 ↔ B19A</name>
        <description>Bidirectional path between P23 and B19A</description>
        <styleUrl>#pathStyle</styleUrl>
        <LineString>
          <tessellate>1</tessellate>
          <coordinates>-97.046043,32.90435,0 -97.045838,32.904366,0</coordinates>
        </LineString>
      </Placemark>
      <Placemark>
        <name>P23 ↔ P24</name>
        <description>Bidirectional path between P23 and P24</description>
        <styleUrl>#pathStyle</styleUrl>
        <LineString>
          <tessellate>1</tessellate>
          <coordinates>-97.046043,32.90435,0 -97.046078,32.904608,0</coordinates>
        </LineString>
      </Placemark>
      <Placemark>
        <name>P24 ↔ B20</name>
        <description>Bidirectional path between P24 and B20</description>
        <styleUrl>#pathStyle</styleUrl>
        <LineString>
          <tessellate>1</tessellate>
          <coordinates>-97.046078,32.904608,0 -97.045906,32.904592,0</coordinates>
        </LineString>
      </Placemark>
      <Placemark>
        <name>P24 ↔ P25</name>
        <description>Bidirectional path between P24 and P25</description>
        <styleUrl>#pathStyle</styleUrl>
        <LineString>
          <tessellate>1</tessellate>
          <coordinates>-97.046078,32.904608,0 -97.046077,32.904805,0</coordinates>
        </LineString>
      </Placemark>
      <Placemark>
        <name>P24 ↔ P60</name>
        <description>Bidirectional path between P24 and P60</description>
        <styleUrl>#pathStyle</styleUrl>
        <LineString>
          <tessellate>1</tessellate>
          <coordinates>-97.046078,32.904608,0 -97.045411,32.90476,0</coordinates>
        </LineString>
      </Placemark>
      <Placemark>
        <name>P25 ↔ P26</name>
        <description>Bidirectional path between P25 and P26</description>
        <styleUrl>#pathStyle</styleUrl>
        <LineString>
          <tessellate>1</tessellate>
          <coordinates>-97.046077,32.904805,0 -97.046058,32.905071,0</coordinates>
        </LineString>
      </Placemark>
      <Placemark>
        <name>P25 ↔ P61</name>
        <description>Bidirectional path between P25 and P61</description>
        <styleUrl>#pathStyle</styleUrl>
        <LineString>
          <tessellate>1</tessellate>
          <coordinates>-97.046077,32.904805,0 -97.045403,32.904996,0</coordinates>
        </LineString>
      </Placemark>
      <Placemark>
        <name>P26 ↔ B22</name>
        <description>Bidirectional path between P26 and B22</description>
        <styleUrl>#pathStyle</styleUrl>
        <LineString>
          <tessellate>1</tessellate>
          <coordinates>-97.046058,32.905071,0 -97.045888,32.90505,0</coordinates>
        </LineString>
      </Placemark>
      <Placemark>
        <name>P26 ↔ B22A</name>
        <description>Bidirectional path between P26 and B22A</description>
        <styleUrl>#pathStyle</styleUrl>
        <LineString>
          <tessellate>1</tessellate>
          <coordinates>-97.046058,32.905071,0 -97.045888,32.90505,0</coordinates>
        </LineString>
      </Placemark>
      <Placemark>
        <name>P26 ↔ P27</name>
        <description>Bidirectional path between P26 and P27</description>
        <styleUrl>#pathStyle</styleUrl>
        <LineString>
          <tessellate>1</tessellate>
          <coordinates>-97.046058,32.905071,0 -97.046014,32.905316,0</coordinates>
        </LineString>
      </Placemark>
      <Placemark>
        <name>P27 ↔ B23</name>
        <description>Bidirectional path between P27 and B23</description>
        <styleUrl>#pathStyle</styleUrl>
        <LineString>
          <tessellate>1</tessellate>
          <coordinates>-97.046014,32.905316,0 -97.045851,32.905258,0</coordinates>
        </LineString>
      </Placemark>
      <Placemark>
        <name>P27 ↔ P28</name>
        <description>Bidirectional path between P27 and P28</description>
        <styleUrl>#pathStyle</styleUrl>
        <LineString>
          <tessellate>1</tessellate>
          <coordinates>-97.046014,32.905316,0 -97.045925,32.905647,0</coordinates>
        </LineString>
      </Placemark>
      <Placemark>
        <name>P27 ↔ P62</name>
        <description>Bidirectional path between P27 and P62</description>
        <styleUrl>#pathStyle</styleUrl>
        <LineString>
          <tessellate>1</tessellate>
          <coordinates>-97.046014,32.905316,0 -97.045373,32.905327,0</coordinates>
        </LineString>
      </Placemark>
      <Placemark>
        <name>P28 ↔ B24</name>
        <description>Bidirectional path between P28 and B24</description>
        <styleUrl>#pathStyle</styleUrl>
        <LineString>
          <tessellate>1</tessellate>
          <coordinates>-97.045925,32.905647,0 -97.045622,32.90555,0</coordinates>
        </LineString>
      </Placemark>
      <Placemark>
        <name>P28 ↔ B24A</name>
        <description>Bidirectional path between P28 and B24A</description>
        <styleUrl>#pathStyle</styleUrl>
        <LineString>
          <tessellate>1</tessellate>
          <coordinates>-97.045925,32.905647,0 -97.045622,32.90555,0</coordinates>
        </LineString>
      </Placemark>
      <Placemark>
        <name>P28 ↔ P29</name>
        <description>Bidirectional path between P28 and P29</description>
        <styleUrl>#pathStyle</styleUrl>
        <LineString>
          <tessellate>1</tessellate>
          <coordinates>-97.045925,32.905647,0 -97.045848,32.905832,0</coordinates>
        </LineString>
      </Placemark>
      <Placemark>
        <name>P29 ↔ B25</name>
        <description>Bidirectional path between P29 and B25</description>
        <styleUrl>#pathStyle</styleUrl>
        <LineString>
          <tessellate>1</tessellate>
          <coordinates>-97.045848,32.905832,0 -97.04555,32.90575,0</coordinates>
        </LineString>
      </Placemark>
      <Placemark>
        <name>P29 ↔ P30</name>
        <description>Bidirectional path between P29 and P30</description>
        <styleUrl>#pathStyle</styleUrl>
        <LineString>
          <tessellate>1</tessellate>
          <coordinates>-97.045848,32.905832,0 -97.045691,32.906098,0</coordinates>
        </LineString>
      </Placemark>
      <Placemark>
        <name>P3 ↔ B3</name>
        <description>Bidirectional path between P3 and B3</description>
        <styleUrl>#pathStyle</styleUrl>
        <LineString>
          <tessellate>1</tessellate>
          <coordinates>-97.042743,32.901488,0 -97.042395,32.901364,0</coordinates>
        </LineString>
      </Placemark>
      <Placemark>
        <name>P3 ↔ B3A</name>
        <description>Bidirectional path between P3 and B3A</description>
        <styleUrl>#pathStyle</styleUrl>
        <LineString>
          <tessellate>1</tessellate>
          <coordinates>-97.042743,32.901488,0 -97.042395,32.901364,0</coordinates>
        </LineString>
      </Placemark>
      <Placemark>
        <name>P3 ↔ B3X</name>
        <description>Bidirectional path between P3 and B3X</description>
        <styleUrl>#pathStyle</styleUrl>
        <LineString>
          <tessellate>1</tessellate>
          <coordinates>-97.042743,32.901488,0 -97.042395,32.901364,0</coordinates>
        </LineString>
      </Placemark>
      <Placemark>
        <name>P3 ↔ P6</name>
        <description>Bidirectional path between P3 and P6</description>
        <styleUrl>#pathStyle</styleUrl>
        <LineString>
          <tessellate>1</tessellate>
          <coordinates>-97.042743,32.901488,0 -97.042591,32.901628,0</coordinates>
        </LineString>
      </Placemark>
      <Placemark>
        <name>P3 ↔ P7</name>
        <description>Bidirectional path between P3 and P7</description>
        <styleUrl>#pathStyle</styleUrl>
        <LineString>
          <tessellate>1</tessellate>
          <coordinates>-97.042743,32.901488,0 -97.042852,32.901588,0</coordinates>
        </LineString>
      </Placemark>
      <Placemark>
        <name>P30 ↔ B26</name>
        <description>Bidirectional path between P30 and B26</description>
        <styleUrl>#pathStyle</styleUrl>
        <LineString>
          <tessellate>1</tessellate>
          <coordinates>-97.045691,32.906098,0 -97.045516,32.905967,0</coordinates>
        </LineString>
      </Placemark>
      <Placemark>
        <name>P30 ↔ P31</name>
        <description>Bidirectional path between P30 and P31</description>
        <styleUrl>#pathStyle</styleUrl>
        <LineString>
          <tessellate>1</tessellate>
          <coordinates>-97.045691,32.906098,0 -97.04551,32.906351,0</coordinates>
        </LineString>
      </Placemark>
      <Placemark>
        <name>P31 ↔ B27</name>
        <description>Bidirectional path between P31 and B27</description>
        <styleUrl>#pathStyle</styleUrl>
        <LineString>
          <tessellate>1</tessellate>
          <coordinates>-97.04551,32.906351,0 -97.045319,32.906184,0</coordinates>
        </LineString>
      </Placemark>
      <Placemark>
        <name>P31 ↔ CLAIMB29</name>
        <description>Bidirectional path between P31 and CLAIMB29</description>
        <styleUrl>#pathStyle</styleUrl>
        <LineString>
          <tessellate>1</tessellate>
          <coordinates>-97.04551,32.906351,0 -97.044694,32.906348,0</coordinates>
        </LineString>
      </Placemark>
      <Placemark>
        <name>P31 ↔ P32</name>
        <description>Bidirectional path between P31 and P32</description>
        <styleUrl>#pathStyle</styleUrl>
        <LineString>
          <tessellate>1</tessellate>
          <coordinates>-97.04551,32.906351,0 -97.045409,32.906493,0</coordinates>
        </LineString>
      </Placemark>
      <Placemark>
        <name>P32 ↔ B28</name>
        <description>Bidirectional path between P32 and B28</description>
        <styleUrl>#pathStyle</styleUrl>
        <LineString>
          <tessellate>1</tessellate>
          <coordinates>-97.045409,32.906493,0 -97.04517,32.906474,0</coordinates>
        </LineString>
      </Placemark>
      <Placemark>
        <name>P32 ↔ P33</name>
        <description>Bidirectional path between P32 and P33</description>
        <styleUrl>#pathStyle</styleUrl>
        <LineString>
          <tessellate>1</tessellate>
          <coordinates>-97.045409,32.906493,0 -97.045771,32.906733,0</coordinates>
        </LineString>
      </Placemark>
      <Placemark>
        <name>P32 ↔ P34</name>
        <description>Bidirectional path between P32 and P34</description>
        <styleUrl>#pathStyle</styleUrl>
        <LineString>
          <tessellate>1</tessellate>
          <coordinates>-97.045409,32.906493,0 -97.045332,32.906683,0</coordinates>
        </LineString>
      </Placemark>
      <Placemark>
        <name>P33 ↔ B34</name>
        <description>Bidirectional path between P33 and B34</description>
        <styleUrl>#pathStyle</styleUrl>
        <LineString>
          <tessellate>1</tessellate>
          <coordinates>-97.045771,32.906733,0 -97.045613,32.906817,0</coordinates>
        </LineString>
      </Placemark>
      <Placemark>
        <name>P33 ↔ P35</name>
        <description>Bidirectional path between P33 and P35</description>
        <styleUrl>#pathStyle</styleUrl>
        <LineString>
          <tessellate>1</tessellate>
          <coordinates>-97.045771,32.906733,0 -97.046185,32.906834,0</coordinates>
        </LineString>
      </Placemark>
      <Placemark>
        <name>P34 ↔ P49</name>
        <description>Bidirectional path between P34 and P49</description>
        <styleUrl>#pathStyle</styleUrl>
        <LineString>
          <tessellate>1</tessellate>
          <coordinates>-97.045332,32.906683,0 -97.045063,32.906685,0</coordinates>
        </LineString>
      </Placemark>
      <Placemark>
        <name>P35 ↔ B36</name>
        <description>Bidirectional path between P35 and B36</description>
        <styleUrl>#pathStyle</styleUrl>
        <LineString>
          <tessellate>1</tessellate>
          <coordinates>-97.046185,32.906834,0 -97.046016,32.906906,0</coordinates>
        </LineString>
      </Placemark>
      <Placemark>
        <name>P35 ↔ P36</name>
        <description>Bidirectional path between P35 and P36</description>
        <styleUrl>#pathStyle</styleUrl>
        <LineString>
          <tessellate>1</tessellate>
          <coordinates>-97.046185,32.906834,0 -97.046376,32.907063,0</coordinates>
        </LineString>
      </Placemark>
      <Placemark>
        <name>P36 ↔ B38</name>
        <description>Bidirectional path between P36 and B38</description>
        <styleUrl>#pathStyle</styleUrl>
        <LineString>
          <tessellate>1</tessellate>
          <coordinates>-97.046376,32.907063,0 -97.046209,32.907086,0</coordinates>
        </LineString>
      </Placemark>
      <Placemark>
        <name>P36 ↔ P37</name>
        <description>Bidirectional path between P36 and P37</description>
        <styleUrl>#pathStyle</styleUrl>
        <LineString>
          <tessellate>1</tessellate>
          <coordinates>-97.046376,32.907063,0 -97.046369,32.907374,0</coordinates>
        </LineString>
      </Placemark>
      <Placemark>
        <name>P37 ↔ B39</name>
        <description>Bidirectional path between P37 and B39</description>
        <styleUrl>#pathStyle</styleUrl>
        <LineString>
          <tessellate>1</tessellate>
          <coordinates>-97.046369,32.907374,0 -97.046197,32.907316,0</coordinates>
        </LineString>
      </Placemark>
      <Placemark>
        <name>P37 ↔ P38</name>
        <description>Bidirectional path between P37 and P38</description>
        <styleUrl>#pathStyle</styleUrl>
        <LineString>
          <tessellate>1</tessellate>
          <coordinates>-97.046369,32.907374,0 -97.046176,32.907624,0</coordinates>
        </LineString>
      </Placemark>
      <Placemark>
        <name>P38 ↔ B37</name>
        <description>Bidirectional path between P38 and B37</description>
        <styleUrl>#pathStyle</styleUrl>
        <LineString>
          <tessellate>1</tessellate>
          <coordinates>-97.046176,32.907624,0 -97.046067,32.907513,0</coordinates>
        </LineString>
      </Placemark>
      <Placemark>
        <name>P38 ↔ P39</name>
        <description>Bidirectional path between P38 and P39</description>
        <styleUrl>#pathStyle</styleUrl>
        <LineString>
          <tessellate>1</tessellate>
          <coordinates>-97.046176,32.907624,0 -97.045841,32.907706,0</coordinates>
        </LineString>
      </Placemark>
      <Placemark>
        <name>P39 ↔ B35</name>
        <description>Bidirectional path between P39 and B35</description>
        <styleUrl>#pathStyle</styleUrl>
        <LineString>
          <tessellate>1</tessellate>
          <coordinates>-97.045841,32.907706,0 -97.045795,32.907564,0</coordinates>
        </LineString>
      </Placemark>
      <Placemark>
        <name>P39 ↔ P40</name>
        <description>Bidirectional path between P39 and P40</description>
        <styleUrl>#pathStyle</styleUrl>
        <LineString>
          <tessellate>1</tessellate>
          <coordinates>-97.045841,32.907706,0 -97.045553,32.907699,0</coordinates>
        </LineString>
      </Placemark>
      <Placemark>
        <name>P4 ↔ B3</name>
        <description>Bidirectional path between P4 and B3</description>
        <styleUrl>#pathStyle</styleUrl>
        <LineString>
          <tessellate>1</tessellate>
          <coordinates>-97.042431,32.901577,0 -97.042395,32.901364,0</coordinates>
        </LineString>
      </Placemark>
      <Placemark>
        <name>P4 ↔ B5</name>
        <description>Bidirectional path between P4 and B5</description>
        <styleUrl>#pathStyle</styleUrl>
        <LineString>
          <tessellate>1</tessellate>
          <coordinates>-97.042431,32.901577,0 -97.042431,32.901757,0</coordinates>
        </LineString>
      </Placemark>
      <Placemark>
        <name>P4 ↔ P3</name>
        <description>Bidirectional path between P4 and P3</description>
        <styleUrl>#pathStyle</styleUrl>
        <LineString>
          <tessellate>1</tessellate>
          <coordinates>-97.042431,32.901577,0 -97.042743,32.901488,0</coordinates>
        </LineString>
      </Placemark>
      <Placemark>
        <name>P4 ↔ P6</name>
        <description>Bidirectional path between P4 and P6</description>
        <styleUrl>#pathStyle</styleUrl>
        <LineString>
          <tessellate>1</tessellate>
          <coordinates>-97.042431,32.901577,0 -97.042591,32.901628,0</coordinates>
        </LineString>
      </Placemark>
      <Placemark>
        <name>P40 ↔ B33</name>
        <description>Bidirectional path between P40 and B33</description>
        <styleUrl>#pathStyle</styleUrl>
        <LineString>
          <tessellate>1</tessellate>
          <coordinates>-97.045553,32.907699,0 -97.045517,32.907581,0</coordinates>
        </LineString>
      </Placemark>
      <Placemark>
        <name>P40 ↔ P41</name>
        <description>Bidirectional path between P40 and P41</description>
        <styleUrl>#pathStyle</styleUrl>
        <LineString>
          <tessellate>1</tessellate>
          <coordinates>-97.045553,32.907699,0 -97.045246,32.907688,0</coordinates>
        </LineString>
      </Placemark>
      <Placemark>
        <name>P41 ↔ B32</name>
        <description>Bidirectional path between P41 and B32</description>
        <styleUrl>#pathStyle</styleUrl>
        <LineString>
          <tessellate>1</tessellate>
          <coordinates>-97.045246,32.907688,0 -97.04521,32.907558,0</coordinates>
        </LineString>
      </Placemark>
      <Placemark>
        <name>P41 ↔ P42</name>
        <description>Bidirectional path between P41 and P42</description>
        <styleUrl>#pathStyle</styleUrl>
        <LineString>
          <tessellate>1</tessellate>
          <coordinates>-97.045246,32.907688,0 -97.044914,32.907693,0</coordinates>
        </LineString>
      </Placemark>
      <Placemark>
        <name>P42 ↔ B31</name>
        <description>Bidirectional path between P42 and B31</description>
        <styleUrl>#pathStyle</styleUrl>
        <LineString>
          <tessellate>1</tessellate>
          <coordinates>-97.044914,32.907693,0 -97.044911,32.907582,0</coordinates>
        </LineString>
      </Placemark>
      <Placemark>
        <name>P42 ↔ P43</name>
        <description>Bidirectional path between P42 and P43</description>
        <styleUrl>#pathStyle</styleUrl>
        <LineString>
          <tessellate>1</tessellate>
          <coordinates>-97.044914,32.907693,0 -97.044572,32.907528,0</coordinates>
        </LineString>
      </Placemark>
      <Placemark>
        <name>P43 ↔ B40</name>
        <description>Bidirectional path between P43 and B40</description>
        <styleUrl>#pathStyle</styleUrl>
        <LineString>
          <tessellate>1</tessellate>
          <coordinates>-97.044572,32.907528,0 -97.044622,32.907238,0</coordinates>
        </LineString>
      </Placemark>
      <Placemark>
        <name>P43 ↔ P44</name>
        <description>Bidirectional path between P43 and P44</description>
        <styleUrl>#pathStyle</styleUrl>
        <LineString>
          <tessellate>1</tessellate>
          <coordinates>-97.044572,32.907528,0 -97.04481,32.90724,0</coordinates>
        </LineString>
      </Placemark>
      <Placemark>
        <name>P43 ↔ P50</name>
        <description>Bidirectional path between P43 and P50</description>
        <styleUrl>#pathStyle</styleUrl>
        <LineString>
          <tessellate>1</tessellate>
          <coordinates>-97.044572,32.907528,0 -97.044403,32.907525,0</coordinates>
        </LineString>
      </Placemark>
      <Placemark>
        <name>P44 ↔ P45</name>
        <description>Bidirectional path between P44 and P45</description>
        <styleUrl>#pathStyle</styleUrl>
        <LineString>
          <tessellate>1</tessellate>
          <coordinates>-97.04481,32.90724,0 -97.044494,32.906827,0</coordinates>
        </LineString>
      </Placemark>
      <Placemark>
        <name>P45 ↔ P46</name>
        <description>Bidirectional path between P45 and P46</description>
        <styleUrl>#pathStyle</styleUrl>
        <LineString>
          <tessellate>1</tessellate>
          <coordinates>-97.044494,32.906827,0 -97.044443,32.906724,0</coordinates>
        </LineString>
      </Placemark>
      <Placemark>
        <name>P47 ↔ CLAIMB30</name>
        <description>Bidirectional path between P47 and CLAIMB30</description>
        <styleUrl>#pathStyle</styleUrl>
        <LineString>
          <tessellate>1</tessellate>
          <coordinates>-97.044513,32.906664,0 -97.044495,32.90649,0</coordinates>
        </LineString>
      </Placemark>
      <Placemark>
        <name>P47 ↔ P46</name>
        <description>Bidirectional path between P47 and P46</description>
        <styleUrl>#pathStyle</styleUrl>
        <LineString>
          <tessellate>1</tessellate>
          <coordinates>-97.044513,32.906664,0 -97.044443,32.906724,0</coordinates>
        </LineString>
      </Placemark>
      <Placemark>
        <name>P48 ↔ CLAIMB30</name>
        <description>Bidirectional path between P48 and CLAIMB30</description>
        <styleUrl>#pathStyle</styleUrl>
        <LineString>
          <tessellate>1</tessellate>
          <coordinates>-97.044694,32.906687,0 -97.044495,32.90649,0</coordinates>
        </LineString>
      </Placemark>
      <Placemark>
        <name>P48 ↔ P47</name>
        <description>Bidirectional path between P48 and P47</description>
        <styleUrl>#pathStyle</styleUrl>
        <LineString>
          <tessellate>1</tessellate>
          <coordinates>-97.044694,32.906687,0 -97.044513,32.906664,0</coordinates>
        </LineString>
      </Placemark>
      <Placemark>
        <name>P49 ↔ B30</name>
        <description>Bidirectional path between P49 and B30</description>
        <styleUrl>#pathStyle</styleUrl>
        <LineString>
          <tessellate>1</tessellate>
          <coordinates>-97.045063,32.906685,0 -97.045032,32.906776,0</coordinates>
        </LineString>
      </Placemark>
      <Placemark>
        <name>P49 ↔ P48</name>
        <description>Bidirectional path between P49 and P48</description>
        <styleUrl>#pathStyle</styleUrl>
        <LineString>
          <tessellate>1</tessellate>
          <coordinates>-97.045063,32.906685,0 -97.044694,32.906687,0</coordinates>
        </LineString>
      </Placemark>
      <Placemark>
        <name>P50 ↔ B41</name>
        <description>Bidirectional path between P50 and B41</description>
        <styleUrl>#pathStyle</styleUrl>
        <LineString>
          <tessellate>1</tessellate>
          <coordinates>-97.044403,32.907525,0 -97.044305,32.907343,0</coordinates>
        </LineString>
      </Placemark>
      <Placemark>
        <name>P50 ↔ P51</name>
        <description>Bidirectional path between P50 and P51</description>
        <styleUrl>#pathStyle</styleUrl>
        <LineString>
          <tessellate>1</tessellate>
          <coordinates>-97.044403,32.907525,0 -97.044219,32.907626,0</coordinates>
        </LineString>
      </Placemark>
      <Placemark>
        <name>P51 ↔ B42</name>
        <description>Bidirectional path between P51 and B42</description>
        <styleUrl>#pathStyle</styleUrl>
        <LineString>
          <tessellate>1</tessellate>
          <coordinates>-97.044219,32.907626,0 -97.044062,32.907473,0</coordinates>
        </LineString>
      </Placemark>
      <Placemark>
        <name>P51 ↔ P52</name>
        <description>Bidirectional path between P51 and P52</description>
        <styleUrl>#pathStyle</styleUrl>
        <LineString>
          <tessellate>1</tessellate>
          <coordinates>-97.044219,32.907626,0 -97.043836,32.907757,0</coordinates>
        </LineString>
      </Placemark>
      <Placemark>
        <name>P51 ↔ XFRBLH</name>
        <description>Bidirectional path between P51 and XFRBLH</description>
        <styleUrl>#pathStyle</styleUrl>
        <LineString>
          <tessellate>1</tessellate>
          <coordinates>-97.044219,32.907626,0 -97.043652,32.906844,0</coordinates>
        </LineString>
      </Placemark>
      <Placemark>
        <name>P51 ↔ XFRBLT</name>
        <description>Bidirectional path between P51 and XFRBLT</description>
        <styleUrl>#pathStyle</styleUrl>
        <LineString>
          <tessellate>1</tessellate>
          <coordinates>-97.044219,32.907626,0 -97.043607,32.906777,0</coordinates>
        </LineString>
      </Placemark>
      <Placemark>
        <name>P52 ↔ B43</name>
        <description>Bidirectional path between P52 and B43</description>
        <styleUrl>#pathStyle</styleUrl>
        <LineString>
          <tessellate>1</tessellate>
          <coordinates>-97.043836,32.907757,0 -97.043765,32.907597,0</coordinates>
        </LineString>
      </Placemark>
      <Placemark>
        <name>P52 ↔ P53</name>
        <description>Bidirectional path between P52 and P53</description>
        <styleUrl>#pathStyle</styleUrl>
        <LineString>
          <tessellate>1</tessellate>
          <coordinates>-97.043836,32.907757,0 -97.043529,32.907836,0</coordinates>
        </LineString>
      </Placemark>
      <Placemark>
        <name>P53 ↔ B44</name>
        <description>Bidirectional path between P53 and B44</description>
        <styleUrl>#pathStyle</styleUrl>
        <LineString>
          <tessellate>1</tessellate>
          <coordinates>-97.043529,32.907836,0 -97.043471,32.907673,0</coordinates>
        </LineString>
      </Placemark>
      <Placemark>
        <name>P53 ↔ P54</name>
        <description>Bidirectional path between P53 and P54</description>
        <styleUrl>#pathStyle</styleUrl>
        <LineString>
          <tessellate>1</tessellate>
          <coordinates>-97.043529,32.907836,0 -97.043158,32.907912,0</coordinates>
        </LineString>
      </Placemark>
      <Placemark>
        <name>P54 ↔ B45</name>
        <description>Bidirectional path between P54 and B45</description>
        <styleUrl>#pathStyle</styleUrl>
        <LineString>
          <tessellate>1</tessellate>
          <coordinates>-97.043158,32.907912,0 -97.043153,32.907697,0</coordinates>
        </LineString>
      </Placemark>
      <Placemark>
        <name>P54 ↔ P55</name>
        <description>Bidirectional path between P54 and P55</description>
        <styleUrl>#pathStyle</styleUrl>
        <LineString>
          <tessellate>1</tessellate>
          <coordinates>-97.043158,32.907912,0 -97.042867,32.907954,0</coordinates>
        </LineString>
      </Placemark>
      <Placemark>
        <name>P55 ↔ B46</name>
        <description>Bidirectional path between P55 and B46</description>
        <styleUrl>#pathStyle</styleUrl>
        <LineString>
          <tessellate>1</tessellate>
          <coordinates>-97.042867,32.907954,0 -97.042848,32.90777,0</coordinates>
        </LineString>
      </Placemark>
      <Placemark>
        <name>P55 ↔ P56</name>
        <description>Bidirectional path between P55 and P56</description>
        <styleUrl>#pathStyle</styleUrl>
        <LineString>
          <tessellate>1</tessellate>
          <coordinates>-97.042867,32.907954,0 -97.042662,32.907988,0</coordinates>
        </LineString>
      </Placemark>
      <Placemark>
        <name>P56 ↔ P57</name>
        <description>Bidirectional path between P56 and P57</description>
        <styleUrl>#pathStyle</styleUrl>
        <LineString>
          <tessellate>1</tessellate>
          <coordinates>-97.042662,32.907988,0 -97.042549,32.907985,0</coordinates>
        </LineString>
      </Placemark>
      <Placemark>
        <name>P57 ↔ B47</name>
        <description>Bidirectional path between P57 and B47</description>
        <styleUrl>#pathStyle</styleUrl>
        <LineString>
          <tessellate>1</tessellate>
          <coordinates>-97.042549,32.907985,0 -97.042538,32.907828,0</coordinates>
        </LineString>
      </Placemark>
      <Placemark>
        <name>P57 ↔ P58</name>
        <description>Bidirectional path between P57 and P58</description>
        <styleUrl>#pathStyle</styleUrl>
        <LineString>
          <tessellate>1</tessellate>
          <coordinates>-97.042549,32.907985,0 -97.042243,32.908005,0</coordinates>
        </LineString>
      </Placemark>
      <Placemark>
        <name>P58 ↔ B48</name>
        <description>Bidirectional path between P58 and B48</description>
        <styleUrl>#pathStyle</styleUrl>
        <LineString>
          <tessellate>1</tessellate>
          <coordinates>-97.042243,32.908005,0 -97.042236,32.907804,0</coordinates>
        </LineString>
      </Placemark>
      <Placemark>
        <name>P58 ↔ P59</name>
        <description>Bidirectional path between P58 and P59</description>
        <styleUrl>#pathStyle</styleUrl>
        <LineString>
          <tessellate>1</tessellate>
          <coordinates>-97.042243,32.908005,0 -97.041899,32.908007,0</coordinates>
        </LineString>
      </Placemark>
      <Placemark>
        <name>P59 ↔ B49</name>
        <description>Bidirectional path between P59 and B49</description>
        <styleUrl>#pathStyle</styleUrl>
        <LineString>
          <tessellate>1</tessellate>
          <coordinates>-97.041899,32.908007,0 -97.041909,32.907821,0</coordinates>
        </LineString>
      </Placemark>
      <Placemark>
        <name>P6 ↔ P7</name>
        <description>Bidirectional path between P6 and P7</description>
        <styleUrl>#pathStyle</styleUrl>
        <LineString>
          <tessellate>1</tessellate>
          <coordinates>-97.042591,32.901628,0 -97.042852,32.901588,0</coordinates>
        </LineString>
      </Placemark>
      <Placemark>
        <name>P60 ↔ MU3</name>
        <description>Bidirectional path between P60 and MU3</description>
        <styleUrl>#pathStyle</styleUrl>
        <LineString>
          <tessellate>1</tessellate>
          <coordinates>-97.045411,32.90476,0 -97.045258,32.904902,0</coordinates>
        </LineString>
      </Placemark>
      <Placemark>
        <name>P60 ↔ MU4</name>
        <description>Bidirectional path between P60 and MU4</description>
        <styleUrl>#pathStyle</styleUrl>
        <LineString>
          <tessellate>1</tessellate>
          <coordinates>-97.045411,32.90476,0 -97.045258,32.904726,0</coordinates>
        </LineString>
      </Placemark>
      <Placemark>
        <name>P61 ↔ MU2</name>
        <description>Bidirectional path between P61 and MU2</description>
        <styleUrl>#pathStyle</styleUrl>
        <LineString>
          <tessellate>1</tessellate>
          <coordinates>-97.045403,32.904996,0 -97.045215,32.905136,0</coordinates>
        </LineString>
      </Placemark>
      <Placemark>
        <name>P61 ↔ MU3</name>
        <description>Bidirectional path between P61 and MU3</description>
        <styleUrl>#pathStyle</styleUrl>
        <LineString>
          <tessellate>1</tessellate>
          <coordinates>-97.045403,32.904996,0 -97.045258,32.904902,0</coordinates>
        </LineString>
      </Placemark>
      <Placemark>
        <name>P62 ↔ MU1</name>
        <description>Bidirectional path between P62 and MU1</description>
        <styleUrl>#pathStyle</styleUrl>
        <LineString>
          <tessellate>1</tessellate>
          <coordinates>-97.045373,32.905327,0 -97.045167,32.905391,0</coordinates>
        </LineString>
      </Placemark>
      <Placemark>
        <name>P62 ↔ MU2</name>
        <description>Bidirectional path between P62 and MU2</description>
        <styleUrl>#pathStyle</styleUrl>
        <LineString>
          <tessellate>1</tessellate>
          <coordinates>-97.045373,32.905327,0 -97.045215,32.905136,0</coordinates>
        </LineString>
      </Placemark>
      <Placemark>
        <name>P64 ↔ D38</name>
        <description>Bidirectional path between P64 and D38</description>
        <styleUrl>#pathStyle</styleUrl>
        <LineString>
          <tessellate>1</tessellate>
          <coordinates>-97.042774,32.900518,0 -97.042701,32.900135,0</coordinates>
        </LineString>
      </Placemark>
      <Placemark>
        <name>P64 ↔ D38A</name>
        <description>Bidirectional path between P64 and D38A</description>
        <styleUrl>#pathStyle</styleUrl>
        <LineString>
          <tessellate>1</tessellate>
          <coordinates>-97.042774,32.900518,0 -97.04263,32.90014,0</coordinates>
        </LineString>
      </Placemark>
      <Placemark>
        <name>P64 ↔ P155</name>
        <description>Bidirectional path between P64 and P155</description>
        <styleUrl>#pathStyle</styleUrl>
        <LineString>
          <tessellate>1</tessellate>
          <coordinates>-97.042774,32.900518,0 -97.042541,32.900472,0</coordinates>
        </LineString>
      </Placemark>
      <Placemark>
        <name>P64 ↔ P156</name>
        <description>Bidirectional path between P64 and P156</description>
        <styleUrl>#pathStyle</styleUrl>
        <LineString>
          <tessellate>1</tessellate>
          <coordinates>-97.042774,32.900518,0 -97.043177,32.900484,0</coordinates>
        </LineString>
      </Placemark>
      <Placemark>
        <name>P65 ↔ P4</name>
        <description>Bidirectional path between P65 and P4</description>
        <styleUrl>#pathStyle</styleUrl>
        <LineString>
          <tessellate>1</tessellate>
          <coordinates>-97.041939,32.901549,0 -97.042431,32.901577,0</coordinates>
        </LineString>
      </Placemark>
      <Placemark>
        <name>P66 ↔ P65</name>
        <description>Bidirectional path between P66 and P65</description>
        <styleUrl>#pathStyle</styleUrl>
        <LineString>
          <tessellate>1</tessellate>
          <coordinates>-97.041698,32.901576,0 -97.041939,32.901549,0</coordinates>
        </LineString>
      </Placemark>
      <Placemark>
        <name>P66A ↔ P66</name>
        <description>Bidirectional path between P66A and P66</description>
        <styleUrl>#pathStyle</styleUrl>
        <LineString>
          <tessellate>1</tessellate>
          <coordinates>-97.041655,32.902118,0 -97.041698,32.901576,0</coordinates>
        </LineString>
      </Placemark>
      <Placemark>
        <name>P67 ↔ P66</name>
        <description>Bidirectional path between P67 and P66</description>
        <styleUrl>#pathStyle</styleUrl>
        <LineString>
          <tessellate>1</tessellate>
          <coordinates>-97.041736,32.901172,0 -97.041698,32.901576,0</coordinates>
        </LineString>
      </Placemark>
      <Placemark>
        <name>P68 ↔ P67</name>
        <description>Bidirectional path between P68 and P67</description>
        <styleUrl>#pathStyle</styleUrl>
        <LineString>
          <tessellate>1</tessellate>
          <coordinates>-97.040425,32.901126,0 -97.041736,32.901172,0</coordinates>
        </LineString>
      </Placemark>
      <Placemark>
        <name>P68 ↔ PPSAA</name>
        <description>Bidirectional path between P68 and PPSAA</description>
        <styleUrl>#pathStyle</styleUrl>
        <LineString>
          <tessellate>1</tessellate>
          <coordinates>-97.040425,32.901126,0 -97.040287,32.900571,0</coordinates>
        </LineString>
      </Placemark>
      <Placemark>
        <name>P68 ↔ PPSAE</name>
        <description>Bidirectional path between P68 and PPSAE</description>
        <styleUrl>#pathStyle</styleUrl>
        <LineString>
          <tessellate>1</tessellate>
          <coordinates>-97.040425,32.901126,0 -97.040287,32.900571,0</coordinates>
        </LineString>
      </Placemark>
      <Placemark>
        <name>P68A ↔ P68</name>
        <description>Bidirectional path between P68A and P68</description>
        <styleUrl>#pathStyle</styleUrl>
        <LineString>
          <tessellate>1</tessellate>
          <coordinates>-97.039295,32.901158,0 -97.040425,32.901126,0</coordinates>
        </LineString>
      </Placemark>
      <Placemark>
        <name>P69 ↔ A39</name>
        <description>Bidirectional path between P69 and A39</description>
        <styleUrl>#pathStyle</styleUrl>
        <LineString>
          <tessellate>1</tessellate>
          <coordinates>-97.038628,32.901396,0 -97.038724,32.901669,0</coordinates>
        </LineString>
      </Placemark>
      <Placemark>
        <name>P69 ↔ P69A</name>
        <description>Bidirectional path between P69 and P69A</description>
        <styleUrl>#pathStyle</styleUrl>
        <LineString>
          <tessellate>1</tessellate>
          <coordinates>-97.038628,32.901396,0 -97.038963,32.901423,0</coordinates>
        </LineString>
      </Placemark>
      <Placemark>
        <name>P69A ↔ P104</name>
        <description>Bidirectional path between P69A and P104</description>
        <styleUrl>#pathStyle</styleUrl>
        <LineString>
          <tessellate>1</tessellate>
          <coordinates>-97.038963,32.901423,0 -97.038916,32.901144,0</coordinates>
        </LineString>
      </Placemark>
      <Placemark>
        <name>P69A ↔ P68A</name>
        <description>Bidirectional path between P69A and P68A</description>
        <styleUrl>#pathStyle</styleUrl>
        <LineString>
          <tessellate>1</tessellate>
          <coordinates>-97.038963,32.901423,0 -97.039295,32.901158,0</coordinates>
        </LineString>
      </Placemark>
      <Placemark>
        <name>P7 ↔ B7</name>
        <description>Bidirectional path between P7 and B7</description>
        <styleUrl>#pathStyle</styleUrl>
        <LineString>
          <tessellate>1</tessellate>
          <coordinates>-97.042852,32.901588,0 -97.042979,32.901881,0</coordinates>
        </LineString>
      </Placemark>
      <Placemark>
        <name>P7 ↔ P8</name>
        <description>Bidirectional path between P7 and P8</description>
        <styleUrl>#pathStyle</styleUrl>
        <LineString>
          <tessellate>1</tessellate>
          <coordinates>-97.042852,32.901588,0 -97.043222,32.901636,0</coordinates>
        </LineString>
      </Placemark>
      <Placemark>
        <name>P70 ↔ A38</name>
        <description>Bidirectional path between P70 and A38</description>
        <styleUrl>#pathStyle</styleUrl>
        <LineString>
          <tessellate>1</tessellate>
          <coordinates>-97.038231,32.901431,0 -97.03826,32.901643,0</coordinates>
        </LineString>
      </Placemark>
      <Placemark>
        <name>P70 ↔ P69</name>
        <description>Bidirectional path between P70 and P69</description>
        <styleUrl>#pathStyle</styleUrl>
        <LineString>
          <tessellate>1</tessellate>
          <coordinates>-97.038231,32.901431,0 -97.038628,32.901396,0</coordinates>
        </LineString>
      </Placemark>
      <Placemark>
        <name>P71 ↔ A37</name>
        <description>Bidirectional path between P71 and A37</description>
        <styleUrl>#pathStyle</styleUrl>
        <LineString>
          <tessellate>1</tessellate>
          <coordinates>-97.037718,32.901438,0 -97.037813,32.901712,0</coordinates>
        </LineString>
      </Placemark>
      <Placemark>
        <name>P71 ↔ P70</name>
        <description>Bidirectional path between P71 and P70</description>
        <styleUrl>#pathStyle</styleUrl>
        <LineString>
          <tessellate>1</tessellate>
          <coordinates>-97.037718,32.901438,0 -97.038231,32.901431,0</coordinates>
        </LineString>
      </Placemark>
      <Placemark>
        <name>P72 ↔ A36</name>
        <description>Bidirectional path between P72 and A36</description>
        <styleUrl>#pathStyle</styleUrl>
        <LineString>
          <tessellate>1</tessellate>
          <coordinates>-97.03727,32.901463,0 -97.037347,32.90175,0</coordinates>
        </LineString>
      </Placemark>
      <Placemark>
        <name>P72 ↔ P71</name>
        <description>Bidirectional path between P72 and P71</description>
        <styleUrl>#pathStyle</styleUrl>
        <LineString>
          <tessellate>1</tessellate>
          <coordinates>-97.03727,32.901463,0 -97.037718,32.901438,0</coordinates>
        </LineString>
      </Placemark>
      <Placemark>
        <name>P73 ↔ A35</name>
        <description>Bidirectional path between P73 and A35</description>
        <styleUrl>#pathStyle</styleUrl>
        <LineString>
          <tessellate>1</tessellate>
          <coordinates>-97.036677,32.901528,0 -97.036843,32.901839,0</coordinates>
        </LineString>
      </Placemark>
      <Placemark>
        <name>P73 ↔ P72</name>
        <description>Bidirectional path between P73 and P72</description>
        <styleUrl>#pathStyle</styleUrl>
        <LineString>
          <tessellate>1</tessellate>
          <coordinates>-97.036677,32.901528,0 -97.03727,32.901463,0</coordinates>
        </LineString>
      </Placemark>
      <Placemark>
        <name>P74 ↔ P73</name>
        <description>Bidirectional path between P74 and P73</description>
        <styleUrl>#pathStyle</styleUrl>
        <LineString>
          <tessellate>1</tessellate>
          <coordinates>-97.036388,32.901566,0 -97.036677,32.901528,0</coordinates>
        </LineString>
      </Placemark>
      <Placemark>
        <name>P75 ↔ A34</name>
        <description>Bidirectional path between P75 and A34</description>
        <styleUrl>#pathStyle</styleUrl>
        <LineString>
          <tessellate>1</tessellate>
          <coordinates>-97.036077,32.901739,0 -97.036355,32.901961,0</coordinates>
        </LineString>
      </Placemark>
      <Placemark>
        <name>P75 ↔ P74</name>
        <description>Bidirectional path between P75 and P74</description>
        <styleUrl>#pathStyle</styleUrl>
        <LineString>
          <tessellate>1</tessellate>
          <coordinates>-97.036077,32.901739,0 -97.036388,32.901566,0</coordinates>
        </LineString>
      </Placemark>
      <Placemark>
        <name>P76 ↔ A33</name>
        <description>Bidirectional path between P76 and A33</description>
        <styleUrl>#pathStyle</styleUrl>
        <LineString>
          <tessellate>1</tessellate>
          <coordinates>-97.035681,32.90202,0 -97.035918,32.902213,0</coordinates>
        </LineString>
      </Placemark>
      <Placemark>
        <name>P76 ↔ P75</name>
        <description>Bidirectional path between P76 and P75</description>
        <styleUrl>#pathStyle</styleUrl>
        <LineString>
          <tessellate>1</tessellate>
          <coordinates>-97.035681,32.90202,0 -97.036077,32.901739,0</coordinates>
        </LineString>
      </Placemark>
      <Placemark>
        <name>P77 ↔ A29</name>
        <description>Bidirectional path between P77 and A29</description>
        <styleUrl>#pathStyle</styleUrl>
        <LineString>
          <tessellate>1</tessellate>
          <coordinates>-97.035445,32.902427,0 -97.035721,32.902577,0</coordinates>
        </LineString>
      </Placemark>
      <Placemark>
        <name>P77 ↔ P76</name>
        <description>Bidirectional path between P77 and P76</description>
        <styleUrl>#pathStyle</styleUrl>
        <LineString>
          <tessellate>1</tessellate>
          <coordinates>-97.035445,32.902427,0 -97.035681,32.90202,0</coordinates>
        </LineString>
      </Placemark>
      <Placemark>
        <name>P78 ↔ A26</name>
        <description>Bidirectional path between P78 and A26</description>
        <styleUrl>#pathStyle</styleUrl>
        <LineString>
          <tessellate>1</tessellate>
          <coordinates>-97.035209,32.902843,0 -97.035422,32.90317,0</coordinates>
        </LineString>
      </Placemark>
      <Placemark>
        <name>P78 ↔ A28</name>
        <description>Bidirectional path between P78 and A28</description>
        <styleUrl>#pathStyle</styleUrl>
        <LineString>
          <tessellate>1</tessellate>
          <coordinates>-97.035209,32.902843,0 -97.035457,32.902951,0</coordinates>
        </LineString>
      </Placemark>
      <Placemark>
        <name>P78 ↔ P77</name>
        <description>Bidirectional path between P78 and P77</description>
        <styleUrl>#pathStyle</styleUrl>
        <LineString>
          <tessellate>1</tessellate>
          <coordinates>-97.035209,32.902843,0 -97.035445,32.902427,0</coordinates>
        </LineString>
      </Placemark>
      <Placemark>
        <name>P79 ↔ A25</name>
        <description>Bidirectional path between P79 and A25</description>
        <styleUrl>#pathStyle</styleUrl>
        <LineString>
          <tessellate>1</tessellate>
          <coordinates>-97.034984,32.903214,0 -97.035297,32.903361,0</coordinates>
        </LineString>
      </Placemark>
      <Placemark>
        <name>P79 ↔ P78</name>
        <description>Bidirectional path between P79 and P78</description>
        <styleUrl>#pathStyle</styleUrl>
        <LineString>
          <tessellate>1</tessellate>
          <coordinates>-97.034984,32.903214,0 -97.035209,32.902843,0</coordinates>
        </LineString>
      </Placemark>
      <Placemark>
        <name>P8 ↔ B8</name>
        <description>Bidirectional path between P8 and B8</description>
        <styleUrl>#pathStyle</styleUrl>
        <LineString>
          <tessellate>1</tessellate>
          <coordinates>-97.043222,32.901636,0 -97.043141,32.901898,0</coordinates>
        </LineString>
      </Placemark>
      <Placemark>
        <name>P8 ↔ P9</name>
        <description>Bidirectional path between P8 and P9</description>
        <styleUrl>#pathStyle</styleUrl>
        <LineString>
          <tessellate>1</tessellate>
          <coordinates>-97.043222,32.901636,0 -97.043529,32.901653,0</coordinates>
        </LineString>
      </Placemark>
      <Placemark>
        <name>P80 ↔ A24</name>
        <description>Bidirectional path between P80 and A24</description>
        <styleUrl>#pathStyle</styleUrl>
        <LineString>
          <tessellate>1</tessellate>
          <coordinates>-97.034724,32.903575,0 -97.035034,32.903836,0</coordinates>
        </LineString>
      </Placemark>
      <Placemark>
        <name>P80 ↔ P79</name>
        <description>Bidirectional path between P80 and P79</description>
        <styleUrl>#pathStyle</styleUrl>
        <LineString>
          <tessellate>1</tessellate>
          <coordinates>-97.034724,32.903575,0 -97.034984,32.903214,0</coordinates>
        </LineString>
      </Placemark>
      <Placemark>
        <name>P81 ↔ P80</name>
        <description>Bidirectional path between P81 and P80</description>
        <styleUrl>#pathStyle</styleUrl>
        <LineString>
          <tessellate>1</tessellate>
          <coordinates>-97.034627,32.903705,0 -97.034724,32.903575,0</coordinates>
        </LineString>
      </Placemark>
      <Placemark>
        <name>P82 ↔ P81</name>
        <description>Bidirectional path between P82 and P81</description>
        <styleUrl>#pathStyle</styleUrl>
        <LineString>
          <tessellate>1</tessellate>
          <coordinates>-97.034562,32.903876,0 -97.034627,32.903705,0</coordinates>
        </LineString>
      </Placemark>
      <Placemark>
        <name>P83 ↔ A23</name>
        <description>Bidirectional path between P83 and A23</description>
        <styleUrl>#pathStyle</styleUrl>
        <LineString>
          <tessellate>1</tessellate>
          <coordinates>-97.034535,32.904157,0 -97.034897,32.904246,0</coordinates>
        </LineString>
      </Placemark>
      <Placemark>
        <name>P83 ↔ P82</name>
        <description>Bidirectional path between P83 and P82</description>
        <styleUrl>#pathStyle</styleUrl>
        <LineString>
          <tessellate>1</tessellate>
          <coordinates>-97.034535,32.904157,0 -97.034562,32.903876,0</coordinates>
        </LineString>
      </Placemark>
      <Placemark>
        <name>P84 ↔ A23A</name>
        <description>Bidirectional path between P84 and A23A</description>
        <styleUrl>#pathStyle</styleUrl>
        <LineString>
          <tessellate>1</tessellate>
          <coordinates>-97.034546,32.904305,0 -97.034907,32.904378,0</coordinates>
        </LineString>
      </Placemark>
      <Placemark>
        <name>P84 ↔ A23X</name>
        <description>Bidirectional path between P84 and A23X</description>
        <styleUrl>#pathStyle</styleUrl>
        <LineString>
          <tessellate>1</tessellate>
          <coordinates>-97.034546,32.904305,0 -97.034907,32.904378,0</coordinates>
        </LineString>
      </Placemark>
      <Placemark>
        <name>P84 ↔ P83</name>
        <description>Bidirectional path between P84 and P83</description>
        <styleUrl>#pathStyle</styleUrl>
        <LineString>
          <tessellate>1</tessellate>
          <coordinates>-97.034546,32.904305,0 -97.034535,32.904157,0</coordinates>
        </LineString>
      </Placemark>
      <Placemark>
        <name>P85 ↔ A22</name>
        <description>Bidirectional path between P85 and A22</description>
        <styleUrl>#pathStyle</styleUrl>
        <LineString>
          <tessellate>1</tessellate>
          <coordinates>-97.034535,32.904588,0 -97.034896,32.904624,0</coordinates>
        </LineString>
      </Placemark>
      <Placemark>
        <name>P85 ↔ P84</name>
        <description>Bidirectional path between P85 and P84</description>
        <styleUrl>#pathStyle</styleUrl>
        <LineString>
          <tessellate>1</tessellate>
          <coordinates>-97.034535,32.904588,0 -97.034546,32.904305,0</coordinates>
        </LineString>
      </Placemark>
      <Placemark>
        <name>P86 ↔ A21</name>
        <description>Bidirectional path between P86 and A21</description>
        <styleUrl>#pathStyle</styleUrl>
        <LineString>
          <tessellate>1</tessellate>
          <coordinates>-97.034543,32.905025,0 -97.034919,32.905044,0</coordinates>
        </LineString>
      </Placemark>
      <Placemark>
        <name>P86 ↔ A21X</name>
        <description>Bidirectional path between P86 and A21X</description>
        <styleUrl>#pathStyle</styleUrl>
        <LineString>
          <tessellate>1</tessellate>
          <coordinates>-97.034543,32.905025,0 -97.034888,32.905075,0</coordinates>
        </LineString>
      </Placemark>
      <Placemark>
        <name>P86 ↔ P85</name>
        <description>Bidirectional path between P86 and P85</description>
        <styleUrl>#pathStyle</styleUrl>
        <LineString>
          <tessellate>1</tessellate>
          <coordinates>-97.034543,32.905025,0 -97.034535,32.904588,0</coordinates>
        </LineString>
      </Placemark>
      <Placemark>
        <name>P87 ↔ A20X</name>
        <description>Bidirectional path between P87 and A20X</description>
        <styleUrl>#pathStyle</styleUrl>
        <LineString>
          <tessellate>1</tessellate>
          <coordinates>-97.034559,32.905457,0 -97.03479,32.905599,0</coordinates>
        </LineString>
      </Placemark>
      <Placemark>
        <name>P87 ↔ A20</name>
        <description>Bidirectional path between P87 and A20</description>
        <styleUrl>#pathStyle</styleUrl>
        <LineString>
          <tessellate>1</tessellate>
          <coordinates>-97.034559,32.905457,0 -97.034958,32.905471,0</coordinates>
        </LineString>
      </Placemark>
      <Placemark>
        <name>P87 ↔ P86</name>
        <description>Bidirectional path between P87 and P86</description>
        <styleUrl>#pathStyle</styleUrl>
        <LineString>
          <tessellate>1</tessellate>
          <coordinates>-97.034559,32.905457,0 -97.034543,32.905025,0</coordinates>
        </LineString>
      </Placemark>
      <Placemark>
        <name>P88 ↔ P87</name>
        <description>Bidirectional path between P88 and P87</description>
        <styleUrl>#pathStyle</styleUrl>
        <LineString>
          <tessellate>1</tessellate>
          <coordinates>-97.034629,32.905808,0 -97.034559,32.905457,0</coordinates>
        </LineString>
      </Placemark>
      <Placemark>
        <name>P89 ↔ A19</name>
        <description>Bidirectional path between P89 and A19</description>
        <styleUrl>#pathStyle</styleUrl>
        <LineString>
          <tessellate>1</tessellate>
          <coordinates>-97.034801,32.90596,0 -97.03506,32.905873,0</coordinates>
        </LineString>
      </Placemark>
      <Placemark>
        <name>P88 ↔ P301</name>
        <description>Bidirectional path between P88 and P301</description>
        <styleUrl>#pathStyle</styleUrl>
        <LineString>
          <tessellate>1</tessellate>
          <coordinates>-97.034629,32.905808,0 -97.03428,32.90587,0</coordinates>
        </LineString>
      </Placemark>
      <Placemark>
        <name>P89 ↔ P88</name>
        <description>Bidirectional path between P89 and P88</description>
        <styleUrl>#pathStyle</styleUrl>
        <LineString>
          <tessellate>1</tessellate>
          <coordinates>-97.034801,32.90596,0 -97.034629,32.905808,0</coordinates>
        </LineString>
      </Placemark>
      <Placemark>
        <name>P9 ↔ B9A</name>
        <description>Bidirectional path between P9 and B9A</description>
        <styleUrl>#pathStyle</styleUrl>
        <LineString>
          <tessellate>1</tessellate>
          <coordinates>-97.043529,32.901653,0 -97.043422,32.901951,0</coordinates>
        </LineString>
      </Placemark>
      <Placemark>
        <name>P9 ↔ P10</name>
        <description>Bidirectional path between P9 and P10</description>
        <styleUrl>#pathStyle</styleUrl>
        <LineString>
          <tessellate>1</tessellate>
          <coordinates>-97.043529,32.901653,0 -97.043801,32.901656,0</coordinates>
        </LineString>
      </Placemark>
      <Placemark>
        <name>P90 ↔ A18</name>
        <description>Bidirectional path between P90 and A18</description>
        <styleUrl>#pathStyle</styleUrl>
        <LineString>
          <tessellate>1</tessellate>
          <coordinates>-97.03504,32.906332,0 -97.035237,32.906247,0</coordinates>
        </LineString>
      </Placemark>
      <Placemark>
        <name>P90 ↔ P89</name>
        <description>Bidirectional path between P90 and P89</description>
        <styleUrl>#pathStyle</styleUrl>
        <LineString>
          <tessellate>1</tessellate>
          <coordinates>-97.03504,32.906332,0 -97.034801,32.90596,0</coordinates>
        </LineString>
      </Placemark>
      <Placemark>
        <name>P91 ↔ P90</name>
        <description>Bidirectional path between P91 and P90</description>
        <styleUrl>#pathStyle</styleUrl>
        <LineString>
          <tessellate>1</tessellate>
          <coordinates>-97.035172,32.906475,0 -97.03504,32.906332,0</coordinates>
        </LineString>
      </Placemark>
      <Placemark>
        <name>P92 ↔ P91</name>
        <description>Bidirectional path between P92 and P91</description>
        <styleUrl>#pathStyle</styleUrl>
        <LineString>
          <tessellate>1</tessellate>
          <coordinates>-97.035207,32.906602,0 -97.035172,32.906475,0</coordinates>
        </LineString>
      </Placemark>
      <Placemark>
        <name>P93 ↔ A17</name>
        <description>Bidirectional path between P93 and A17</description>
        <styleUrl>#pathStyle</styleUrl>
        <LineString>
          <tessellate>1</tessellate>
          <coordinates>-97.035317,32.906723,0 -97.035498,32.90654,0</coordinates>
        </LineString>
      </Placemark>
      <Placemark>
        <name>P300 ↔ P93</name>
        <description>Bidirectional path between P300 and P93</description>
        <styleUrl>#pathStyle</styleUrl>
        <LineString>
          <tessellate>1</tessellate>
          <coordinates>-97.0343,32.90657,0 -97.035317,32.906723,0</coordinates>
        </LineString>
      </Placemark>
      <Placemark>
        <name>P94 ↔ A16</name>
        <description>Bidirectional path between P94 and A16</description>
        <styleUrl>#pathStyle</styleUrl>
        <LineString>
          <tessellate>1</tessellate>
          <coordinates>-97.035645,32.907044,0 -97.035879,32.906801,0</coordinates>
        </LineString>
      </Placemark>
      <Placemark>
        <name>P94 ↔ P93</name>
        <description>Bidirectional path between P94 and P93</description>
        <styleUrl>#pathStyle</styleUrl>
        <LineString>
          <tessellate>1</tessellate>
          <coordinates>-97.035645,32.907044,0 -97.035317,32.906723,0</coordinates>
        </LineString>
      </Placemark>
      <Placemark>
        <name>P95 ↔ A15</name>
        <description>Bidirectional path between P95 and A15</description>
        <styleUrl>#pathStyle</styleUrl>
        <LineString>
          <tessellate>1</tessellate>
          <coordinates>-97.036013,32.907327,0 -97.036213,32.907116,0</coordinates>
        </LineString>
      </Placemark>
      <Placemark>
        <name>P95 ↔ P94</name>
        <description>Bidirectional path between P95 and P94</description>
        <styleUrl>#pathStyle</styleUrl>
        <LineString>
          <tessellate>1</tessellate>
          <coordinates>-97.036013,32.907327,0 -97.035645,32.907044,0</coordinates>
        </LineString>
      </Placemark>
      <Placemark>
        <name>P96 ↔ A14</name>
        <description>Bidirectional path between P96 and A14</description>
        <styleUrl>#pathStyle</styleUrl>
        <LineString>
          <tessellate>1</tessellate>
          <coordinates>-97.036411,32.907606,0 -97.036574,32.90737,0</coordinates>
        </LineString>
      </Placemark>
      <Placemark>
        <name>P96 ↔ P95</name>
        <description>Bidirectional path between P96 and P95</description>
        <styleUrl>#pathStyle</styleUrl>
        <LineString>
          <tessellate>1</tessellate>
          <coordinates>-97.036411,32.907606,0 -97.036013,32.907327,0</coordinates>
        </LineString>
      </Placemark>
      <Placemark>
        <name>P97 ↔ A8</name>
        <description>Bidirectional path between P97 and A8</description>
        <styleUrl>#pathStyle</styleUrl>
        <LineString>
          <tessellate>1</tessellate>
          <coordinates>-97.036962,32.907765,0 -97.036993,32.907538,0</coordinates>
        </LineString>
      </Placemark>
      <Placemark>
        <name>P97 ↔ A13</name>
        <description>Bidirectional path between P97 and A13</description>
        <styleUrl>#pathStyle</styleUrl>
        <LineString>
          <tessellate>1</tessellate>
          <coordinates>-97.036962,32.907765,0 -97.036993,32.907538,0</coordinates>
        </LineString>
      </Placemark>
      <Placemark>
        <name>P97 ↔ P96</name>
        <description>Bidirectional path between P97 and P96</description>
        <styleUrl>#pathStyle</styleUrl>
        <LineString>
          <tessellate>1</tessellate>
          <coordinates>-97.036962,32.907765,0 -97.036411,32.907606,0</coordinates>
        </LineString>
      </Placemark>
      <Placemark>
        <name>P98 ↔ A7</name>
        <description>Bidirectional path between P98 and A7</description>
        <styleUrl>#pathStyle</styleUrl>
        <LineString>
          <tessellate>1</tessellate>
          <coordinates>-97.037462,32.907766,0 -97.037529,32.907588,0</coordinates>
        </LineString>
      </Placemark>
      <Placemark>
        <name>P98 ↔ A11</name>
        <description>Bidirectional path between P98 and A11</description>
        <styleUrl>#pathStyle</styleUrl>
        <LineString>
          <tessellate>1</tessellate>
          <coordinates>-97.037462,32.907766,0 -97.037529,32.907588,0</coordinates>
        </LineString>
      </Placemark>
      <Placemark>
        <name>P98 ↔ P97</name>
        <description>Bidirectional path between P98 and P97</description>
        <styleUrl>#pathStyle</styleUrl>
        <LineString>
          <tessellate>1</tessellate>
          <coordinates>-97.037462,32.907766,0 -97.036962,32.907765,0</coordinates>
        </LineString>
      </Placemark>
      <Placemark>
        <name>P99 ↔ A6</name>
        <description>Bidirectional path between P99 and A6</description>
        <styleUrl>#pathStyle</styleUrl>
        <LineString>
          <tessellate>1</tessellate>
          <coordinates>-97.038005,32.907763,0 -97.038012,32.907555,0</coordinates>
        </LineString>
      </Placemark>
      <Placemark>
        <name>P99 ↔ A10</name>
        <description>Bidirectional path between P99 and A10</description>
        <styleUrl>#pathStyle</styleUrl>
        <LineString>
          <tessellate>1</tessellate>
          <coordinates>-97.038005,32.907763,0 -97.038012,32.907555,0</coordinates>
        </LineString>
      </Placemark>
      <Placemark>
        <name>P99 ↔ P98</name>
        <description>Bidirectional path between P99 and P98</description>
        <styleUrl>#pathStyle</styleUrl>
        <LineString>
          <tessellate>1</tessellate>
          <coordinates>-97.038005,32.907763,0 -97.037462,32.907766,0</coordinates>
        </LineString>
      </Placemark>
      <Placemark>
        <name>P300 ↔ P301</name>
        <description>Bidirectional path between P300 and P301</description>
        <styleUrl>#pathStyle</styleUrl>
        <LineString>
          <tessellate>1</tessellate>
          <coordinates>-97.0343,32.90657,0 -97.03428,32.90587,0</coordinates>
        </LineString>
      </Placemark>
      <Placemark>
        <name>REROUTEA ↔ A-HIGH</name>
        <description>Bidirectional path between REROUTEA and A-HIGH</description>
        <styleUrl>#pathStyle</styleUrl>
        <LineString>
          <tessellate>1</tessellate>
          <coordinates>-97.03834,32.90214,0 -97.038542,32.902019,0</coordinates>
        </LineString>
      </Placemark>
      <Placemark>
        <name>REROUTEB ↔ CLAIMB29</name>
        <description>Bidirectional path between REROUTEB and CLAIMB29</description>
        <styleUrl>#pathStyle</styleUrl>
        <LineString>
          <tessellate>1</tessellate>
          <coordinates>-97.0449,32.90579,0 -97.044694,32.906348,0</coordinates>
        </LineString>
      </Placemark>
      <Placemark>
        <name>REROUTEB4 ↔ P66A</name>
        <description>Bidirectional path between REROUTEB4 and P66A</description>
        <styleUrl>#pathStyle</styleUrl>
        <LineString>
          <tessellate>1</tessellate>
          <coordinates>-97.04215,32.90219,0 -97.041655,32.902118,0</coordinates>
        </LineString>
      </Placemark>
      <Placemark>
        <name>REROUTEC ↔ C-MID</name>
        <description>Bidirectional path between REROUTEC and C-MID</description>
        <styleUrl>#pathStyle</styleUrl>
        <LineString>
          <tessellate>1</tessellate>
          <coordinates>-97.0357,32.89794,0 -97.035438,32.898144,0</coordinates>
        </LineString>
      </Placemark>
      <Placemark>
        <name>REROUTEC ↔ TSAC</name>
        <description>Bidirectional path between REROUTEC and TSAC</description>
        <styleUrl>#pathStyle</styleUrl>
        <LineString>
          <tessellate>1</tessellate>
          <coordinates>-97.0357,32.89794,0 -97.03589,32.89853,0</coordinates>
        </LineString>
      </Placemark>
      <Placemark>
        <name>REROUTED ↔ P67</name>
        <description>Bidirectional path between REROUTED and P67</description>
        <styleUrl>#pathStyle</styleUrl>
        <LineString>
          <tessellate>1</tessellate>
          <coordinates>-97.04186,32.90033,0 -97.041736,32.901172,0</coordinates>
        </LineString>
      </Placemark>
      <Placemark>
        <name>TSAA ↔ A-LOW</name>
        <description>Bidirectional path between TSAA and A-LOW</description>
        <styleUrl>#pathStyle</styleUrl>
        <LineString>
          <tessellate>1</tessellate>
          <coordinates>-97.03667,32.90673,0 -97.037084,32.90712,0</coordinates>
        </LineString>
      </Placemark>
      <Placemark>
        <name>TSAC ↔ C-MID</name>
        <description>Bidirectional path between TSAC and C-MID</description>
        <styleUrl>#pathStyle</styleUrl>
        <LineString>
          <tessellate>1</tessellate>
          <coordinates>-97.03589,32.89853,0 -97.035438,32.898144,0</coordinates>
        </LineString>
      </Placemark>
      <Placemark>
        <name>XFRBLL ↔ B10</name>
        <description>Bidirectional path between XFRBLL and B10</description>
        <styleUrl>#pathStyle</styleUrl>
        <LineString>
          <tessellate>1</tessellate>
          <coordinates>-97.044067,32.902136,0 -97.044067,32.902136,0</coordinates>
        </LineString>
      </Placemark>
    </Folder>
  </Document>
</kml>